0 verbose cli /data/data/com.termux/files/usr/bin/node /data/data/com.termux/files/usr/bin/npm
1 info using npm@11.15.0
2 info using node@v26.1.0
3 silly config load:file:/data/data/com.termux/files/usr/lib/node_modules/npm/npmrc
4 silly config load:file:/data/data/com.termux/files/home/Anythinh-mycars/anything (mycars)/anything/apps/web/.npmrc
5 silly config load:file:/data/data/com.termux/files/home/.npmrc
6 silly config load:file:/data/data/com.termux/files/usr/etc/npmrc
7 verbose title npm install
8 verbose argv "install" "--legacy-peer-deps"
9 verbose logfile logs-max:10 dir:/data/data/com.termux/files/home/.npm/_logs/2026-05-21T19_53_53_518Z-
10 verbose logfile /data/data/com.termux/files/home/.npm/_logs/2026-05-21T19_53_53_518Z-debug-0.log
11 silly logfile start cleaning logs, removing 1 files
12 silly packumentCache heap:1174405120 maxSize:293601280 maxEntrySize:146800640
13 silly logfile done cleaning log files
14 silly idealTree buildDeps
15 silly fetch manifest @auth/core@^0.37.2
16 silly packumentCache full:https://registry.npmjs.org/@auth%2fcore cache-miss
17 http cache https://registry.npmjs.org/@auth%2fcore 48ms (cache hit)
18 silly packumentCache full:https://registry.npmjs.org/@auth%2fcore set size:378686 disposed:false
19 silly fetch manifest @babel/generator@^7.27.1
20 silly packumentCache full:https://registry.npmjs.org/@babel%2fgenerator cache-miss
21 http cache https://registry.npmjs.org/@babel%2fgenerator 15ms (cache hit)
22 silly packumentCache full:https://registry.npmjs.org/@babel%2fgenerator set size:511498 disposed:false
23 silly fetch manifest @chakra-ui/react@2.8.2
24 silly packumentCache full:https://registry.npmjs.org/@chakra-ui%2freact cache-miss
25 http cache https://registry.npmjs.org/@chakra-ui%2freact 33ms (cache hit)
26 silly packumentCache full:https://registry.npmjs.org/@chakra-ui%2freact set size:5007050 disposed:false
27 silly fetch manifest @dnd-kit/core@^6.3.1
28 silly packumentCache full:https://registry.npmjs.org/@dnd-kit%2fcore cache-miss
29 http cache https://registry.npmjs.org/@dnd-kit%2fcore 15ms (cache hit)
30 silly packumentCache full:https://registry.npmjs.org/@dnd-kit%2fcore set size:381525 disposed:false
31 silly fetch manifest @dnd-kit/sortable@^10.0.0
32 silly packumentCache full:https://registry.npmjs.org/@dnd-kit%2fsortable cache-miss
33 http cache https://registry.npmjs.org/@dnd-kit%2fsortable 18ms (cache hit)
34 silly packumentCache full:https://registry.npmjs.org/@dnd-kit%2fsortable set size:306409 disposed:false
35 silly fetch manifest @emotion/react@11.11.4
36 silly packumentCache full:https://registry.npmjs.org/@emotion%2freact cache-miss
37 http cache https://registry.npmjs.org/@emotion%2freact 9ms (cache hit)
38 silly packumentCache full:https://registry.npmjs.org/@emotion%2freact set size:196423 disposed:false
39 silly fetch manifest @emotion/styled@11.11.0
40 silly packumentCache full:https://registry.npmjs.org/@emotion%2fstyled cache-miss
41 http cache https://registry.npmjs.org/@emotion%2fstyled 9ms (cache hit)
42 silly packumentCache full:https://registry.npmjs.org/@emotion%2fstyled set size:286272 disposed:false
43 silly fetch manifest @hono/auth-js@^1.0.15
44 silly packumentCache full:https://registry.npmjs.org/@hono%2fauth-js cache-miss
45 http cache https://registry.npmjs.org/@hono%2fauth-js 12ms (cache hit)
46 silly packumentCache full:https://registry.npmjs.org/@hono%2fauth-js set size:43142 disposed:false
47 silly fetch manifest @lshay/ui@^0.1.32
48 silly packumentCache full:https://registry.npmjs.org/@lshay%2fui cache-miss
49 http cache https://registry.npmjs.org/@lshay%2fui 14ms (cache hit)
50 silly packumentCache full:https://registry.npmjs.org/@lshay%2fui set size:1055360 disposed:false
51 silly fetch manifest @neondatabase/serverless@^0.10.4
52 silly packumentCache full:https://registry.npmjs.org/@neondatabase%2fserverless cache-miss
53 http cache https://registry.npmjs.org/@neondatabase%2fserverless 10ms (cache hit)
54 silly packumentCache full:https://registry.npmjs.org/@neondatabase%2fserverless set size:178582 disposed:false
55 silly fetch manifest @react-aria/button@^3.13.1
56 silly packumentCache full:https://registry.npmjs.org/@react-aria%2fbutton cache-miss
57 http cache https://registry.npmjs.org/@react-aria%2fbutton 16ms (cache hit)
58 silly packumentCache full:https://registry.npmjs.org/@react-aria%2fbutton set size:3153568 disposed:false
59 silly fetch manifest @react-router/fs-routes@^7.6.0
60 silly packumentCache full:https://registry.npmjs.org/@react-router%2ffs-routes cache-miss
61 http cache https://registry.npmjs.org/@react-router%2ffs-routes 13ms (cache hit)
62 silly packumentCache full:https://registry.npmjs.org/@react-router%2ffs-routes set size:1573126 disposed:false
63 silly fetch manifest @react-router/node@^7.6.0
64 silly packumentCache full:https://registry.npmjs.org/@react-router%2fnode cache-miss
65 http cache https://registry.npmjs.org/@react-router%2fnode 13ms (cache hit)
66 silly packumentCache full:https://registry.npmjs.org/@react-router%2fnode set size:1949869 disposed:false
67 silly fetch manifest @react-router/serve@^7.6.0
68 silly packumentCache full:https://registry.npmjs.org/@react-router%2fserve cache-miss
69 http cache https://registry.npmjs.org/@react-router%2fserve 12ms (cache hit)
70 silly packumentCache full:https://registry.npmjs.org/@react-router%2fserve set size:1767758 disposed:false
71 silly fetch manifest @tanstack/react-query@^5.72.2
72 silly packumentCache full:https://registry.npmjs.org/@tanstack%2freact-query cache-miss
73 http cache https://registry.npmjs.org/@tanstack%2freact-query 10ms (cache hit)
74 silly packumentCache full:https://registry.npmjs.org/@tanstack%2freact-query set size:1597542 disposed:false
75 silly fetch manifest @tanstack/react-table@^8.21.2
76 silly packumentCache full:https://registry.npmjs.org/@tanstack%2freact-table cache-miss
77 http cache https://registry.npmjs.org/@tanstack%2freact-table 8ms (cache hit)
78 silly packumentCache full:https://registry.npmjs.org/@tanstack%2freact-table set size:727638 disposed:false
79 silly fetch manifest @types/babel__core@^7.20.5
80 silly packumentCache full:https://registry.npmjs.org/@types%2fbabel__core cache-miss
81 http cache https://registry.npmjs.org/@types%2fbabel__core 7ms (cache hit)
82 silly packumentCache full:https://registry.npmjs.org/@types%2fbabel__core set size:88676 disposed:false
83 silly fetch manifest @vis.gl/react-google-maps@^0.8.3
84 silly packumentCache full:https://registry.npmjs.org/@vis.gl%2freact-google-maps cache-miss
85 http cache https://registry.npmjs.org/@vis.gl%2freact-google-maps 16ms (cache hit)
86 silly packumentCache full:https://registry.npmjs.org/@vis.gl%2freact-google-maps set size:270823 disposed:false
87 silly fetch manifest argon2@^0.43.0
88 silly packumentCache full:https://registry.npmjs.org/argon2 cache-miss
89 http cache https://registry.npmjs.org/argon2 7ms (cache hit)
90 silly packumentCache full:https://registry.npmjs.org/argon2 set size:245297 disposed:false
91 silly fetch manifest classnames@^2.5.1
92 silly packumentCache full:https://registry.npmjs.org/classnames cache-miss
93 http cache https://registry.npmjs.org/classnames 8ms (cache hit)
94 silly packumentCache full:https://registry.npmjs.org/classnames set size:63028 disposed:false
95 silly fetch manifest clean-stack@^5.2.0
96 silly packumentCache full:https://registry.npmjs.org/clean-stack cache-miss
97 http cache https://registry.npmjs.org/clean-stack 5ms (cache hit)
98 silly packumentCache full:https://registry.npmjs.org/clean-stack set size:52858 disposed:false
99 silly fetch manifest cmdk@^1.1.1
100 silly packumentCache full:https://registry.npmjs.org/cmdk cache-miss
101 http cache https://registry.npmjs.org/cmdk 6ms (cache hit)
102 silly packumentCache full:https://registry.npmjs.org/cmdk set size:102891 disposed:false
103 silly fetch manifest color2k@^2.0.3
104 silly packumentCache full:https://registry.npmjs.org/color2k cache-miss
105 http cache https://registry.npmjs.org/color2k 5ms (cache hit)
106 silly packumentCache full:https://registry.npmjs.org/color2k set size:117880 disposed:false
107 silly fetch manifest date-fns@^4.1.0
108 silly packumentCache full:https://registry.npmjs.org/date-fns cache-miss
109 http cache https://registry.npmjs.org/date-fns 15ms (cache hit)
110 silly packumentCache full:https://registry.npmjs.org/date-fns set size:3727193 disposed:false
111 silly fetch manifest downshift@^9.0.9
112 silly packumentCache full:https://registry.npmjs.org/downshift cache-miss
113 http cache https://registry.npmjs.org/downshift 14ms (cache hit)
114 silly packumentCache full:https://registry.npmjs.org/downshift set size:1989996 disposed:false
115 silly fetch manifest html-to-image@^1.11.13
116 silly packumentCache full:https://registry.npmjs.org/html-to-image cache-miss
117 http cache https://registry.npmjs.org/html-to-image 6ms (cache hit)
118 silly packumentCache full:https://registry.npmjs.org/html-to-image set size:326516 disposed:false
119 silly fetch manifest isbot@^5.1.27
120 silly packumentCache full:https://registry.npmjs.org/isbot cache-miss
121 http cache https://registry.npmjs.org/isbot 8ms (cache hit)
122 silly packumentCache full:https://registry.npmjs.org/isbot set size:702686 disposed:false
123 silly fetch manifest lodash-es@^4.17.21
124 silly packumentCache full:https://registry.npmjs.org/lodash-es cache-miss
125 http cache https://registry.npmjs.org/lodash-es 5ms (cache hit)
126 silly packumentCache full:https://registry.npmjs.org/lodash-es set size:142463 disposed:false
127 silly fetch manifest lucide-react@0.358.0
128 silly packumentCache full:https://registry.npmjs.org/lucide-react cache-miss
129 http cache https://registry.npmjs.org/lucide-react 16ms (cache hit)
130 silly packumentCache full:https://registry.npmjs.org/lucide-react set size:2265850 disposed:false
131 silly fetch manifest motion@^12.7.4
132 silly packumentCache full:https://registry.npmjs.org/motion cache-miss
133 http cache https://registry.npmjs.org/motion 14ms (cache hit)
134 silly packumentCache full:https://registry.npmjs.org/motion set size:1390450 disposed:false
135 silly fetch manifest papaparse@^5.5.2
136 silly packumentCache full:https://registry.npmjs.org/papaparse cache-miss
137 http cache https://registry.npmjs.org/papaparse 23ms (cache hit)
138 silly packumentCache full:https://registry.npmjs.org/papaparse set size:113290 disposed:false
139 silly fetch manifest pdfjs-dist@3.11.174
140 silly packumentCache full:https://registry.npmjs.org/pdfjs-dist cache-miss
141 http cache https://registry.npmjs.org/pdfjs-dist 15ms (cache hit)
142 silly packumentCache full:https://registry.npmjs.org/pdfjs-dist set size:2094577 disposed:false
143 silly fetch manifest react@^18.2.0
144 silly packumentCache full:https://registry.npmjs.org/react cache-miss
145 http cache https://registry.npmjs.org/react 29ms (cache hit)
146 silly packumentCache full:https://registry.npmjs.org/react set size:6650647 disposed:false
147 silly fetch manifest react-colorful@^5.6.1
148 silly packumentCache full:https://registry.npmjs.org/react-colorful cache-miss
149 http cache https://registry.npmjs.org/react-colorful 12ms (cache hit)
150 silly packumentCache full:https://registry.npmjs.org/react-colorful set size:375714 disposed:false
151 silly fetch manifest react-day-picker@^9.6.7
152 silly packumentCache full:https://registry.npmjs.org/react-day-picker cache-miss
153 http cache https://registry.npmjs.org/react-day-picker 9ms (cache hit)
154 silly packumentCache full:https://registry.npmjs.org/react-day-picker set size:1169083 disposed:false
155 silly fetch manifest react-dom@^18.2.0
156 silly packumentCache full:https://registry.npmjs.org/react-dom cache-miss
157 http cache https://registry.npmjs.org/react-dom 38ms (cache hit)
158 silly packumentCache full:https://registry.npmjs.org/react-dom set size:8868827 disposed:false
159 silly fetch manifest react-hook-form@^7.55.0
160 silly packumentCache full:https://registry.npmjs.org/react-hook-form cache-miss
161 http cache https://registry.npmjs.org/react-hook-form 24ms (cache hit)
162 silly packumentCache full:https://registry.npmjs.org/react-hook-form set size:5136873 disposed:false
163 silly fetch manifest react-idle-timer@^5.7.2
164 silly packumentCache full:https://registry.npmjs.org/react-idle-timer cache-miss
165 http cache https://registry.npmjs.org/react-idle-timer 9ms (cache hit)
166 silly packumentCache full:https://registry.npmjs.org/react-idle-timer set size:533816 disposed:false
167 silly fetch manifest react-markdown@^6.0.3
168 silly packumentCache full:https://registry.npmjs.org/react-markdown cache-miss
169 http cache https://registry.npmjs.org/react-markdown 7ms (cache hit)
170 silly packumentCache full:https://registry.npmjs.org/react-markdown set size:448316 disposed:false
171 silly fetch manifest react-resizable-panels@^2.1.7
172 silly packumentCache full:https://registry.npmjs.org/react-resizable-panels cache-miss
173 http cache https://registry.npmjs.org/react-resizable-panels 8ms (cache hit)
174 silly packumentCache full:https://registry.npmjs.org/react-resizable-panels set size:803061 disposed:false
175 silly fetch manifest react-router@^7.6.0
176 silly packumentCache full:https://registry.npmjs.org/react-router cache-miss
177 http cache https://registry.npmjs.org/react-router 18ms (cache hit)
178 silly packumentCache full:https://registry.npmjs.org/react-router set size:3981510 disposed:false
179 silly fetch manifest react-router-dom@^7.6.0
180 silly packumentCache full:https://registry.npmjs.org/react-router-dom cache-miss
181 http cache https://registry.npmjs.org/react-router-dom 16ms (cache hit)
182 silly packumentCache full:https://registry.npmjs.org/react-router-dom set size:2865239 disposed:false
183 silly fetch manifest react-router-hono-server@^2.13.0
184 silly packumentCache full:https://registry.npmjs.org/react-router-hono-server cache-miss
185 http cache https://registry.npmjs.org/react-router-hono-server 6ms (cache hit)
186 silly packumentCache full:https://registry.npmjs.org/react-router-hono-server set size:247229 disposed:false
187 silly fetch manifest recharts@^2.12.0
188 silly packumentCache full:https://registry.npmjs.org/recharts cache-miss
189 http fetch GET 200 https://registry.npmjs.org/recharts 461ms (cache revalidated)
190 silly packumentCache full:https://registry.npmjs.org/recharts set size:1343613 disposed:false
191 silly fetch manifest remark-gfm@4.0.0
192 silly packumentCache full:https://registry.npmjs.org/remark-gfm cache-miss
193 http fetch GET 200 https://registry.npmjs.org/remark-gfm 323ms (cache revalidated)
194 silly packumentCache full:https://registry.npmjs.org/remark-gfm set size:38012 disposed:false
195 silly fetch manifest serialize-error@^12.0.0
196 silly packumentCache full:https://registry.npmjs.org/serialize-error cache-miss
197 http fetch GET 200 https://registry.npmjs.org/serialize-error 393ms (cache revalidated)
198 silly packumentCache full:https://registry.npmjs.org/serialize-error set size:64056 disposed:false
199 silly fetch manifest sonner@^2.0.3
200 silly packumentCache full:https://registry.npmjs.org/sonner cache-miss
201 http fetch GET 200 https://registry.npmjs.org/sonner 394ms (cache revalidated)
202 silly packumentCache full:https://registry.npmjs.org/sonner set size:143249 disposed:false
203 silly fetch manifest stripe@^18.2.1
204 silly packumentCache full:https://registry.npmjs.org/stripe cache-miss
205 http fetch GET 200 https://registry.npmjs.org/stripe 562ms (cache updated)
206 silly packumentCache full:https://registry.npmjs.org/stripe set size:undefined disposed:false
207 silly fetch manifest styled-jsx@^5.1.7
208 silly packumentCache full:https://registry.npmjs.org/styled-jsx cache-miss
209 http fetch GET 200 https://registry.npmjs.org/styled-jsx 318ms (cache revalidated)
210 silly packumentCache full:https://registry.npmjs.org/styled-jsx set size:436113 disposed:false
211 silly fetch manifest tailwind-merge@^3.2.0
212 silly packumentCache full:https://registry.npmjs.org/tailwind-merge cache-miss
213 http fetch GET 200 https://registry.npmjs.org/tailwind-merge 367ms (cache revalidated)
214 silly packumentCache full:https://registry.npmjs.org/tailwind-merge set size:1613657 disposed:false
215 silly fetch manifest three@^0.175.0
216 silly packumentCache full:https://registry.npmjs.org/three cache-miss
217 http fetch GET 200 https://registry.npmjs.org/three 474ms (cache revalidated)
218 silly packumentCache full:https://registry.npmjs.org/three set size:925364 disposed:false
219 silly fetch manifest vaul@^1.1.2
220 silly packumentCache full:https://registry.npmjs.org/vaul cache-miss
221 http fetch GET 200 https://registry.npmjs.org/vaul 355ms (cache revalidated)
222 silly packumentCache full:https://registry.npmjs.org/vaul set size:132229 disposed:false
223 silly fetch manifest ws@^8.18.2
224 silly packumentCache full:https://registry.npmjs.org/ws cache-miss
225 http fetch GET 200 https://registry.npmjs.org/ws 78ms (cache revalidated)
226 silly packumentCache full:https://registry.npmjs.org/ws set size:418167 disposed:false
227 silly fetch manifest yup@^1.6.1
228 silly packumentCache full:https://registry.npmjs.org/yup cache-miss
229 http fetch GET 200 https://registry.npmjs.org/yup 389ms (cache revalidated)
230 silly packumentCache full:https://registry.npmjs.org/yup set size:439032 disposed:false
231 silly fetch manifest zustand@^5.0.3
232 silly packumentCache full:https://registry.npmjs.org/zustand cache-miss
233 http fetch GET 200 https://registry.npmjs.org/zustand 401ms (cache revalidated)
234 silly packumentCache full:https://registry.npmjs.org/zustand set size:502463 disposed:false
235 silly fetch manifest @babel/core@^7.27.1
236 silly packumentCache full:https://registry.npmjs.org/@babel%2fcore cache-miss
237 http fetch GET 200 https://registry.npmjs.org/@babel%2fcore 560ms (cache revalidated)
238 silly packumentCache full:https://registry.npmjs.org/@babel%2fcore set size:768033 disposed:false
239 silly fetch manifest @babel/plugin-transform-react-jsx@^7.27.1
240 silly packumentCache full:https://registry.npmjs.org/@babel%2fplugin-transform-react-jsx cache-miss
241 http fetch GET 200 https://registry.npmjs.org/@babel%2fplugin-transform-react-jsx 729ms (cache revalidated)
242 silly packumentCache full:https://registry.npmjs.org/@babel%2fplugin-transform-react-jsx set size:289070 disposed:false
243 silly fetch manifest @babel/preset-react@^7.27.1
244 silly packumentCache full:https://registry.npmjs.org/@babel%2fpreset-react cache-miss
245 http fetch GET 200 https://registry.npmjs.org/@babel%2fpreset-react 588ms (cache revalidated)
246 silly packumentCache full:https://registry.npmjs.org/@babel%2fpreset-react set size:255081 disposed:false
247 silly fetch manifest @babel/preset-typescript@^7.27.1
248 silly packumentCache full:https://registry.npmjs.org/@babel%2fpreset-typescript cache-miss
249 http fetch GET 200 https://registry.npmjs.org/@babel%2fpreset-typescript 707ms (cache revalidated)
250 silly packumentCache full:https://registry.npmjs.org/@babel%2fpreset-typescript set size:261890 disposed:false
251 silly fetch manifest @babel/traverse@^7.27.1
252 silly packumentCache full:https://registry.npmjs.org/@babel%2ftraverse cache-miss
253 http fetch GET 200 https://registry.npmjs.org/@babel%2ftraverse 695ms (cache revalidated)
254 silly packumentCache full:https://registry.npmjs.org/@babel%2ftraverse set size:553169 disposed:false
255 silly fetch manifest @babel/types@^7.27.1
256 silly packumentCache full:https://registry.npmjs.org/@babel%2ftypes cache-miss
257 http fetch GET 200 https://registry.npmjs.org/@babel%2ftypes 687ms (cache revalidated)
258 silly packumentCache full:https://registry.npmjs.org/@babel%2ftypes set size:491978 disposed:false
259 silly fetch manifest @react-router/dev@^7.6.0
260 silly packumentCache full:https://registry.npmjs.org/@react-router%2fdev cache-miss
261 http cache https://registry.npmjs.org/@react-router%2fdev 59ms (cache hit)
262 silly packumentCache full:https://registry.npmjs.org/@react-router%2fdev set size:2949741 disposed:false
263 silly fetch manifest @tailwindcss/vite@^4.1.4
264 silly packumentCache full:https://registry.npmjs.org/@tailwindcss%2fvite cache-miss
265 http fetch GET 200 https://registry.npmjs.org/@tailwindcss%2fvite 856ms (cache updated)
266 silly packumentCache full:https://registry.npmjs.org/@tailwindcss%2fvite set size:undefined disposed:false
267 silly fetch manifest @testing-library/jest-dom@^6.6.4
268 silly packumentCache full:https://registry.npmjs.org/@testing-library%2fjest-dom cache-miss
269 http fetch GET 200 https://registry.npmjs.org/@testing-library%2fjest-dom 775ms (cache revalidated)
270 silly packumentCache full:https://registry.npmjs.org/@testing-library%2fjest-dom set size:422156 disposed:false
271 silly fetch manifest @testing-library/react@^16.3.0
272 silly packumentCache full:https://registry.npmjs.org/@testing-library%2freact cache-miss
273 http fetch GET 200 https://registry.npmjs.org/@testing-library%2freact 700ms (cache revalidated)
274 silly packumentCache full:https://registry.npmjs.org/@testing-library%2freact set size:620176 disposed:false
275 silly fetch manifest @types/micromatch@^4.0.9
276 silly packumentCache full:https://registry.npmjs.org/@types%2fmicromatch cache-miss
277 http fetch GET 200 https://registry.npmjs.org/@types%2fmicromatch 673ms (cache revalidated)
278 silly packumentCache full:https://registry.npmjs.org/@types%2fmicromatch set size:48932 disposed:false
279 silly fetch manifest @types/node@^20
280 silly packumentCache full:https://registry.npmjs.org/@types%2fnode cache-miss
281 http cache https://registry.npmjs.org/@types%2fnode 86ms (cache hit)
282 silly packumentCache full:https://registry.npmjs.org/@types%2fnode set size:11015753 disposed:false
283 silly fetch manifest @types/react@^18.3.1
284 silly packumentCache full:https://registry.npmjs.org/@types%2freact cache-miss
285 http cache https://registry.npmjs.org/@types%2freact 34ms (cache hit)
286 silly packumentCache full:https://registry.npmjs.org/@types%2freact set size:2607900 disposed:false
287 silly fetch manifest @types/react-dom@^18.3.1
288 silly packumentCache full:https://registry.npmjs.org/@types%2freact-dom cache-miss
289 http fetch GET 200 https://registry.npmjs.org/@types%2freact-dom 608ms (cache revalidated)
290 silly packumentCache full:https://registry.npmjs.org/@types%2freact-dom set size:429026 disposed:false
291 silly fetch manifest @types/ws@^8.18.1
292 silly packumentCache full:https://registry.npmjs.org/@types%2fws cache-miss
293 http fetch GET 200 https://registry.npmjs.org/@types%2fws 707ms (cache revalidated)
294 silly packumentCache full:https://registry.npmjs.org/@types%2fws set size:167959 disposed:false
295 silly fetch manifest autoprefixer@^10.4.21
296 silly packumentCache full:https://registry.npmjs.org/autoprefixer cache-miss
297 http fetch GET 200 https://registry.npmjs.org/autoprefixer 513ms (cache revalidated)
298 silly packumentCache full:https://registry.npmjs.org/autoprefixer set size:1319426 disposed:false
299 silly fetch manifest babel-plugin-react-require@^4.0.3
300 silly packumentCache full:https://registry.npmjs.org/babel-plugin-react-require cache-miss
301 http fetch GET 200 https://registry.npmjs.org/babel-plugin-react-require 435ms (cache revalidated)
302 silly packumentCache full:https://registry.npmjs.org/babel-plugin-react-require set size:42517 disposed:false
303 silly fetch manifest fast-glob@^3.3.3
304 silly packumentCache full:https://registry.npmjs.org/fast-glob cache-miss
305 http fetch GET 200 https://registry.npmjs.org/fast-glob 428ms (cache revalidated)
306 silly packumentCache full:https://registry.npmjs.org/fast-glob set size:220556 disposed:false
307 silly fetch manifest jsdom@^26.1.0
308 silly packumentCache full:https://registry.npmjs.org/jsdom cache-miss
309 http fetch GET 200 https://registry.npmjs.org/jsdom 373ms (cache revalidated)
310 silly packumentCache full:https://registry.npmjs.org/jsdom set size:1064917 disposed:false
311 silly fetch manifest micromatch@^4.0.8
312 silly packumentCache full:https://registry.npmjs.org/micromatch cache-miss
313 http fetch GET 200 https://registry.npmjs.org/micromatch 677ms (cache revalidated)
314 silly packumentCache full:https://registry.npmjs.org/micromatch set size:240630 disposed:false
315 silly fetch manifest postcss@^8.5.3
316 silly packumentCache full:https://registry.npmjs.org/postcss cache-miss
317 http cache https://registry.npmjs.org/postcss 31ms (cache hit)
318 silly packumentCache full:https://registry.npmjs.org/postcss set size:723316 disposed:false
319 silly fetch manifest tailwindcss@3
320 silly packumentCache full:https://registry.npmjs.org/tailwindcss cache-miss
321 http cache https://registry.npmjs.org/tailwindcss 97ms (cache hit)
322 silly packumentCache full:https://registry.npmjs.org/tailwindcss set size:10543114 disposed:false
323 silly fetch manifest typescript@^5.8.3
324 silly packumentCache full:https://registry.npmjs.org/typescript cache-miss
325 http cache https://registry.npmjs.org/typescript 53ms (cache hit)
326 silly packumentCache full:https://registry.npmjs.org/typescript set size:15409943 disposed:false
327 silly fetch manifest vite@^6.3.3
328 silly packumentCache full:https://registry.npmjs.org/vite cache-miss
329 http cache https://registry.npmjs.org/vite 122ms (cache hit)
330 silly packumentCache full:https://registry.npmjs.org/vite set size:38843326 disposed:false
331 silly fetch manifest vite-plugin-babel@^1.3.1
332 silly packumentCache full:https://registry.npmjs.org/vite-plugin-babel cache-miss
333 http fetch GET 200 https://registry.npmjs.org/vite-plugin-babel 342ms (cache revalidated)
334 silly packumentCache full:https://registry.npmjs.org/vite-plugin-babel set size:59379 disposed:false
335 silly fetch manifest vite-tsconfig-paths@^5.1.4
336 silly packumentCache full:https://registry.npmjs.org/vite-tsconfig-paths cache-miss
337 http fetch GET 200 https://registry.npmjs.org/vite-tsconfig-paths 386ms (cache revalidated)
338 silly packumentCache full:https://registry.npmjs.org/vite-tsconfig-paths set size:244093 disposed:false
339 silly fetch manifest vitest@^3.2.4
340 silly packumentCache full:https://registry.npmjs.org/vitest cache-miss
341 http fetch GET 200 https://registry.npmjs.org/vitest 426ms (cache revalidated)
342 silly packumentCache full:https://registry.npmjs.org/vitest set size:2168455 disposed:false
343 silly placeDep ROOT @auth/core@0.37.4 OK for:  want: ^0.37.2
344 silly placeDep ROOT @babel/core@7.29.0 OK for:  want: ^7.27.1
345 silly placeDep ROOT @babel/generator@7.29.1 OK for:  want: ^7.27.1
346 silly placeDep ROOT @babel/plugin-transform-react-jsx@7.28.6 OK for:  want: ^7.27.1
347 silly placeDep ROOT @babel/preset-react@7.28.5 OK for:  want: ^7.27.1
348 silly placeDep ROOT @babel/preset-typescript@7.28.5 OK for:  want: ^7.27.1
349 silly placeDep ROOT @babel/traverse@7.29.0 OK for:  want: ^7.27.1
350 silly placeDep ROOT @babel/types@7.29.0 OK for:  want: ^7.27.1
351 silly placeDep ROOT @chakra-ui/react@2.8.2 OK for:  want: 2.8.2
352 silly placeDep ROOT @dnd-kit/core@6.3.1 OK for:  want: ^6.3.1
353 silly placeDep ROOT @dnd-kit/sortable@10.0.0 OK for:  want: ^10.0.0
354 silly placeDep ROOT @emotion/react@11.11.4 OK for:  want: 11.11.4
355 silly placeDep ROOT @emotion/styled@11.11.0 OK for:  want: 11.11.0
356 silly placeDep ROOT @hono/auth-js@1.1.1 OK for:  want: ^1.0.15
357 silly placeDep ROOT @lshay/ui@0.1.32 OK for:  want: ^0.1.32
358 silly placeDep ROOT @neondatabase/serverless@0.10.4 OK for:  want: ^0.10.4
359 silly placeDep ROOT @react-aria/button@3.15.0 OK for:  want: ^3.13.1
360 silly placeDep ROOT @react-router/dev@7.15.1 OK for:  want: ^7.6.0
361 silly placeDep ROOT @react-router/fs-routes@7.15.1 OK for:  want: ^7.6.0
362 silly placeDep ROOT @react-router/node@7.15.1 OK for:  want: ^7.6.0
363 silly placeDep ROOT @react-router/serve@7.15.1 OK for:  want: ^7.6.0
364 silly placeDep ROOT @tailwindcss/vite@4.3.0 OK for:  want: ^4.1.4
365 silly placeDep ROOT @tanstack/react-query@5.100.11 OK for:  want: ^5.72.2
366 silly placeDep ROOT @tanstack/react-table@8.21.3 OK for:  want: ^8.21.2
367 silly placeDep ROOT @testing-library/jest-dom@6.9.1 OK for:  want: ^6.6.4
368 silly placeDep ROOT @testing-library/react@16.3.2 OK for:  want: ^16.3.0
369 silly placeDep ROOT @types/babel__core@7.20.5 OK for:  want: ^7.20.5
370 silly placeDep ROOT @types/micromatch@4.0.10 OK for:  want: ^4.0.9
371 silly placeDep ROOT @types/node@20.19.41 OK for:  want: ^20
372 silly placeDep ROOT @types/react@18.3.29 OK for:  want: ^18.3.1
373 silly placeDep ROOT @types/react-dom@18.3.7 OK for:  want: ^18.3.1
374 silly placeDep ROOT @types/ws@8.18.1 OK for:  want: ^8.18.1
375 silly placeDep ROOT @vis.gl/react-google-maps@0.8.3 OK for:  want: ^0.8.3
376 silly placeDep ROOT argon2@0.43.1 OK for:  want: ^0.43.0
377 silly placeDep ROOT autoprefixer@10.5.0 OK for:  want: ^10.4.21
378 silly placeDep ROOT babel-plugin-react-require@4.0.3 OK for:  want: ^4.0.3
379 silly placeDep ROOT classnames@2.5.1 OK for:  want: ^2.5.1
380 silly placeDep ROOT clean-stack@5.3.0 OK for:  want: ^5.2.0
381 silly placeDep ROOT cmdk@1.1.1 OK for:  want: ^1.1.1
382 silly placeDep ROOT color2k@2.0.3 OK for:  want: ^2.0.3
383 silly placeDep ROOT date-fns@4.2.1 OK for:  want: ^4.1.0
384 silly placeDep ROOT downshift@9.3.3 OK for:  want: ^9.0.9
385 silly placeDep ROOT fast-glob@3.3.3 OK for:  want: ^3.3.3
386 silly placeDep ROOT html-to-image@1.11.13 OK for:  want: ^1.11.13
387 silly placeDep ROOT isbot@5.1.40 OK for:  want: ^5.1.27
388 silly placeDep ROOT jsdom@26.1.0 OK for:  want: ^26.1.0
389 silly placeDep ROOT lodash-es@4.18.1 OK for:  want: ^4.17.21
390 silly placeDep ROOT lucide-react@0.358.0 OK for:  want: 0.358.0
391 silly placeDep ROOT micromatch@4.0.8 OK for:  want: ^4.0.8
392 silly placeDep ROOT motion@12.40.0 OK for:  want: ^12.7.4
393 silly placeDep ROOT papaparse@5.5.3 OK for:  want: ^5.5.2
394 silly placeDep ROOT pdfjs-dist@3.11.174 OK for:  want: 3.11.174
395 silly placeDep ROOT postcss@8.5.15 OK for:  want: ^8.5.3
396 silly placeDep ROOT react@18.3.1 OK for:  want: ^18.2.0
397 silly placeDep ROOT react-colorful@5.7.0 OK for:  want: ^5.6.1
398 silly placeDep ROOT react-day-picker@9.14.0 OK for:  want: ^9.6.7
399 silly placeDep ROOT react-dom@18.3.1 OK for:  want: ^18.2.0
400 silly placeDep ROOT react-hook-form@7.76.0 OK for:  want: ^7.55.0
401 silly placeDep ROOT react-idle-timer@5.7.3 OK for:  want: ^5.7.2
402 silly placeDep ROOT react-markdown@6.0.3 OK for:  want: ^6.0.3
403 silly placeDep ROOT react-resizable-panels@2.1.9 OK for:  want: ^2.1.7
404 silly placeDep ROOT react-router@7.15.1 OK for:  want: ^7.6.0
405 silly placeDep ROOT react-router-dom@7.15.1 OK for:  want: ^7.6.0
406 silly placeDep ROOT react-router-hono-server@2.26.0 OK for:  want: ^2.13.0
407 silly placeDep ROOT recharts@2.15.4 OK for:  want: ^2.12.0
408 silly placeDep ROOT remark-gfm@4.0.0 OK for:  want: 4.0.0
409 silly placeDep ROOT serialize-error@12.0.0 OK for:  want: ^12.0.0
410 silly placeDep ROOT sonner@2.0.7 OK for:  want: ^2.0.3
411 silly placeDep ROOT stripe@18.5.0 OK for:  want: ^18.2.1
412 silly placeDep ROOT styled-jsx@5.1.7 OK for:  want: ^5.1.7
413 silly placeDep ROOT tailwind-merge@3.6.0 OK for:  want: ^3.2.0
414 silly placeDep ROOT tailwindcss@3.4.19 OK for:  want: 3
415 silly placeDep ROOT three@0.175.0 OK for:  want: ^0.175.0
416 silly placeDep ROOT typescript@5.9.3 OK for:  want: ^5.8.3
417 silly placeDep ROOT vaul@1.1.2 OK for:  want: ^1.1.2
418 silly placeDep ROOT vite@6.4.2 OK for:  want: ^6.3.3
419 silly placeDep ROOT vite-plugin-babel@1.7.3 OK for:  want: ^1.3.1
420 silly placeDep ROOT vite-tsconfig-paths@5.1.4 OK for:  want: ^5.1.4
421 silly placeDep ROOT vitest@3.2.4 OK for:  want: ^3.2.4
422 silly placeDep ROOT ws@8.20.1 OK for:  want: ^8.18.2
423 silly placeDep ROOT yup@1.7.1 OK for:  want: ^1.6.1
424 silly placeDep ROOT zustand@5.0.13 OK for:  want: ^5.0.3
425 silly fetch manifest jose@^5.9.6
426 silly packumentCache full:https://registry.npmjs.org/jose cache-miss
427 silly fetch manifest preact@10.24.3
428 silly packumentCache full:https://registry.npmjs.org/preact cache-miss
429 silly fetch manifest @panva/hkdf@^1.2.1
430 silly packumentCache full:https://registry.npmjs.org/@panva%2fhkdf cache-miss
431 silly fetch manifest oauth4webapi@^3.1.1
432 silly packumentCache full:https://registry.npmjs.org/oauth4webapi cache-miss
433 silly fetch manifest preact-render-to-string@6.5.11
434 silly packumentCache full:https://registry.npmjs.org/preact-render-to-string cache-miss
435 silly fetch manifest debug@^4.1.0
436 silly packumentCache full:https://registry.npmjs.org/debug cache-miss
437 silly fetch manifest json5@^2.2.3
438 silly packumentCache full:https://registry.npmjs.org/json5 cache-miss
439 http fetch GET 200 https://registry.npmjs.org/debug 133ms (cache revalidated)
440 silly packumentCache full:https://registry.npmjs.org/debug set size:195840 disposed:false
441 silly fetch manifest semver@^6.3.1
442 silly packumentCache full:https://registry.npmjs.org/semver cache-miss
443 http fetch GET 200 https://registry.npmjs.org/preact 359ms (cache revalidated)
444 silly packumentCache full:https://registry.npmjs.org/preact set size:1827417 disposed:false
445 silly fetch manifest gensync@^1.0.0-beta.2
446 silly packumentCache full:https://registry.npmjs.org/gensync cache-miss
447 http fetch GET 200 https://registry.npmjs.org/json5 413ms (cache revalidated)
448 silly packumentCache full:https://registry.npmjs.org/json5 set size:86136 disposed:false
449 silly fetch manifest @babel/types@^7.29.0
450 silly packumentCache full:https://registry.npmjs.org/@babel%2ftypes cache-hit
451 silly fetch manifest @babel/parser@^7.29.0
452 silly packumentCache full:https://registry.npmjs.org/@babel%2fparser cache-miss
453 http fetch GET 200 https://registry.npmjs.org/preact-render-to-string 424ms (cache revalidated)
454 silly packumentCache full:https://registry.npmjs.org/preact-render-to-string set size:537365 disposed:false
455 silly fetch manifest @babel/helpers@^7.28.6
456 silly packumentCache full:https://registry.npmjs.org/@babel%2fhelpers cache-miss
457 http fetch GET 200 https://registry.npmjs.org/jose 449ms (cache revalidated)
458 silly packumentCache full:https://registry.npmjs.org/jose set size:1413195 disposed:false
459 silly fetch manifest @babel/template@^7.28.6
460 silly packumentCache full:https://registry.npmjs.org/@babel%2ftemplate cache-miss
461 http fetch GET 200 https://registry.npmjs.org/semver 371ms (cache updated)
462 silly packumentCache full:https://registry.npmjs.org/semver set size:undefined disposed:false
463 silly fetch manifest @babel/traverse@^7.29.0
464 silly packumentCache full:https://registry.npmjs.org/@babel%2ftraverse cache-hit
465 silly fetch manifest @babel/generator@^7.29.0
466 silly packumentCache full:https://registry.npmjs.org/@babel%2fgenerator cache-hit
467 silly fetch manifest @babel/code-frame@^7.29.0
468 silly packumentCache full:https://registry.npmjs.org/@babel%2fcode-frame cache-miss
469 http fetch GET 200 https://registry.npmjs.org/oauth4webapi 656ms (cache revalidated)
470 silly packumentCache full:https://registry.npmjs.org/oauth4webapi set size:285285 disposed:false
471 silly fetch manifest convert-source-map@^2.0.0
472 silly packumentCache full:https://registry.npmjs.org/convert-source-map cache-miss
473 http fetch GET 200 https://registry.npmjs.org/@panva%2fhkdf 747ms (cache revalidated)
474 silly packumentCache full:https://registry.npmjs.org/@panva%2fhkdf set size:22482 disposed:false
475 silly fetch manifest @jridgewell/remapping@^2.3.5
476 silly packumentCache full:https://registry.npmjs.org/@jridgewell%2fremapping cache-miss
477 http fetch GET 200 https://registry.npmjs.org/gensync 413ms (cache revalidated)
478 silly packumentCache full:https://registry.npmjs.org/gensync set size:15068 disposed:false
479 silly fetch manifest @babel/helper-module-transforms@^7.28.6
480 silly packumentCache full:https://registry.npmjs.org/@babel%2fhelper-module-transforms cache-miss
481 http fetch GET 200 https://registry.npmjs.org/convert-source-map 347ms (cache revalidated)
482 silly packumentCache full:https://registry.npmjs.org/convert-source-map set size:66997 disposed:false
483 silly fetch manifest @babel/helper-compilation-targets@^7.28.6
484 silly packumentCache full:https://registry.npmjs.org/@babel%2fhelper-compilation-targets cache-miss
485 http fetch GET 200 https://registry.npmjs.org/@babel%2fhelpers 599ms (cache revalidated)
486 silly packumentCache full:https://registry.npmjs.org/@babel%2fhelpers set size:392204 disposed:false
487 silly fetch manifest jsesc@^3.0.2
488 silly packumentCache full:https://registry.npmjs.org/jsesc cache-miss
489 http fetch GET 200 https://registry.npmjs.org/@babel%2ftemplate 593ms (cache revalidated)
490 silly packumentCache full:https://registry.npmjs.org/@babel%2ftemplate set size:231020 disposed:false
491 silly fetch manifest @babel/parser@^7.29.0
492 silly packumentCache full:https://registry.npmjs.org/@babel%2fparser cache-miss
493 http fetch GET 200 https://registry.npmjs.org/@babel%2fparser 659ms (cache revalidated)
494 silly packumentCache full:https://registry.npmjs.org/@babel%2fparser set size:725652 disposed:false
495 silly fetch manifest @jridgewell/gen-mapping@^0.3.12
496 silly packumentCache full:https://registry.npmjs.org/@jridgewell%2fgen-mapping cache-miss
497 http fetch GET 200 https://registry.npmjs.org/@babel%2fcode-frame 583ms (cache revalidated)
498 silly packumentCache full:https://registry.npmjs.org/@babel%2fcode-frame set size:200237 disposed:false
499 silly fetch manifest @jridgewell/trace-mapping@^0.3.28
500 silly packumentCache full:https://registry.npmjs.org/@jridgewell%2ftrace-mapping cache-miss
501 http cache https://registry.npmjs.org/@babel%2fparser 48ms (cache hit)
502 silly packumentCache full:https://registry.npmjs.org/@babel%2fparser set size:725652 disposed:false
503 silly packumentCache full:https://registry.npmjs.org/@babel%2fparser dispose
504 silly fetch manifest @babel/types@^7.28.6
505 silly packumentCache full:https://registry.npmjs.org/@babel%2ftypes cache-hit
506 silly fetch manifest @babel/plugin-syntax-jsx@^7.28.6
507 silly packumentCache full:https://registry.npmjs.org/@babel%2fplugin-syntax-jsx cache-miss
508 http fetch GET 200 https://registry.npmjs.org/jsesc 349ms (cache revalidated)
509 silly packumentCache full:https://registry.npmjs.org/jsesc set size:61512 disposed:false
510 silly fetch manifest @babel/helper-plugin-utils@^7.28.6
511 silly packumentCache full:https://registry.npmjs.org/@babel%2fhelper-plugin-utils cache-miss
512 http fetch GET 200 https://registry.npmjs.org/@jridgewell%2fremapping 693ms (cache revalidated)
513 silly packumentCache full:https://registry.npmjs.org/@jridgewell%2fremapping set size:23809 disposed:false
514 silly fetch manifest @babel/helper-module-imports@^7.28.6
515 silly packumentCache full:https://registry.npmjs.org/@babel%2fhelper-module-imports cache-miss
516 http fetch GET 200 https://registry.npmjs.org/@babel%2fhelper-module-transforms 648ms (cache revalidated)
517 silly packumentCache full:https://registry.npmjs.org/@babel%2fhelper-module-transforms set size:337711 disposed:false
518 silly fetch manifest @babel/helper-annotate-as-pure@^7.27.3
519 silly packumentCache full:https://registry.npmjs.org/@babel%2fhelper-annotate-as-pure cache-miss
520 http fetch GET 200 https://registry.npmjs.org/@babel%2fhelper-compilation-targets 590ms (cache revalidated)
521 silly packumentCache full:https://registry.npmjs.org/@babel%2fhelper-compilation-targets set size:222906 disposed:false
522 silly fetch manifest @babel/helper-plugin-utils@^7.27.1
523 silly packumentCache full:https://registry.npmjs.org/@babel%2fhelper-plugin-utils cache-miss
524 http fetch GET 200 https://registry.npmjs.org/@babel%2fplugin-syntax-jsx 592ms (cache revalidated)
525 silly packumentCache full:https://registry.npmjs.org/@babel%2fplugin-syntax-jsx set size:186824 disposed:false
526 silly fetch manifest @babel/helper-validator-option@^7.27.1
527 silly packumentCache full:https://registry.npmjs.org/@babel%2fhelper-validator-option cache-miss
528 http fetch GET 200 https://registry.npmjs.org/@jridgewell%2fgen-mapping 700ms (cache revalidated)
529 silly packumentCache full:https://registry.npmjs.org/@jridgewell%2fgen-mapping set size:75941 disposed:false
530 silly fetch manifest @babel/plugin-transform-react-display-name@^7.28.0
531 silly packumentCache full:https://registry.npmjs.org/@babel%2fplugin-transform-react-display-name cache-miss
532 http fetch GET 200 https://registry.npmjs.org/@jridgewell%2ftrace-mapping 746ms (cache revalidated)
533 silly packumentCache full:https://registry.npmjs.org/@jridgewell%2ftrace-mapping set size:170909 disposed:false
534 silly fetch manifest @babel/plugin-transform-react-jsx-development@^7.27.1
535 silly packumentCache full:https://registry.npmjs.org/@babel%2fplugin-transform-react-jsx-development cache-miss
536 http fetch GET 200 https://registry.npmjs.org/@babel%2fhelper-plugin-utils 547ms (cache revalidated)
537 silly packumentCache full:https://registry.npmjs.org/@babel%2fhelper-plugin-utils set size:167686 disposed:false
538 silly fetch manifest @babel/plugin-transform-react-pure-annotations@^7.27.1
539 silly packumentCache full:https://registry.npmjs.org/@babel%2fplugin-transform-react-pure-annotations cache-miss
540 http fetch GET 200 https://registry.npmjs.org/@babel%2fhelper-plugin-utils 348ms (cache revalidated)
541 silly packumentCache full:https://registry.npmjs.org/@babel%2fhelper-plugin-utils set size:167686 disposed:false
542 silly packumentCache full:https://registry.npmjs.org/@babel%2fhelper-plugin-utils dispose
543 silly fetch manifest @babel/plugin-syntax-jsx@^7.27.1
544 silly packumentCache full:https://registry.npmjs.org/@babel%2fplugin-syntax-jsx cache-hit
545 silly fetch manifest @babel/helper-validator-option@^7.27.1
546 silly packumentCache full:https://registry.npmjs.org/@babel%2fhelper-validator-option cache-miss
547 http fetch GET 200 https://registry.npmjs.org/@babel%2fhelper-module-imports 565ms (cache revalidated)
548 silly packumentCache full:https://registry.npmjs.org/@babel%2fhelper-module-imports set size:197300 disposed:false
549 silly fetch manifest @babel/plugin-transform-typescript@^7.28.5
550 silly packumentCache full:https://registry.npmjs.org/@babel%2fplugin-transform-typescript cache-miss
551 http fetch GET 200 https://registry.npmjs.org/@babel%2fhelper-annotate-as-pure 589ms (cache revalidated)
552 silly packumentCache full:https://registry.npmjs.org/@babel%2fhelper-annotate-as-pure set size:175447 disposed:false
553 silly fetch manifest @babel/plugin-transform-modules-commonjs@^7.27.1
554 silly packumentCache full:https://registry.npmjs.org/@babel%2fplugin-transform-modules-commonjs cache-miss
555 http fetch GET 200 https://registry.npmjs.org/@babel%2fhelper-validator-option 566ms (cache revalidated)
556 silly packumentCache full:https://registry.npmjs.org/@babel%2fhelper-validator-option set size:95686 disposed:false
557 silly fetch manifest debug@^4.3.1
558 silly packumentCache full:https://registry.npmjs.org/debug cache-hit
559 silly fetch manifest @babel/helper-globals@^7.28.0
560 silly packumentCache full:https://registry.npmjs.org/@babel%2fhelper-globals cache-miss
561 http fetch GET 200 https://registry.npmjs.org/@babel%2fhelper-validator-option 351ms (cache revalidated)
562 silly packumentCache full:https://registry.npmjs.org/@babel%2fhelper-validator-option set size:95686 disposed:false
563 silly packumentCache full:https://registry.npmjs.org/@babel%2fhelper-validator-option dispose
564 silly fetch manifest @babel/helper-string-parser@^7.27.1
565 silly packumentCache full:https://registry.npmjs.org/@babel%2fhelper-string-parser cache-miss
566 http fetch GET 200 https://registry.npmjs.org/@babel%2fplugin-transform-react-display-name 549ms (cache revalidated)
567 silly packumentCache full:https://registry.npmjs.org/@babel%2fplugin-transform-react-display-name set size:210006 disposed:false
568 silly fetch manifest @babel/helper-validator-identifier@^7.28.5
569 silly packumentCache full:https://registry.npmjs.org/@babel%2fhelper-validator-identifier cache-miss
570 http fetch GET 200 https://registry.npmjs.org/@babel%2fplugin-transform-react-pure-annotations 586ms (cache revalidated)
571 silly packumentCache full:https://registry.npmjs.org/@babel%2fplugin-transform-react-pure-annotations set size:118529 disposed:false
572 silly fetch manifest @chakra-ui/tag@3.1.1
573 silly packumentCache full:https://registry.npmjs.org/@chakra-ui%2ftag cache-miss
574 http fetch GET 200 https://registry.npmjs.org/@babel%2fplugin-transform-typescript 548ms (cache revalidated)
575 silly packumentCache full:https://registry.npmjs.org/@babel%2fplugin-transform-typescript set size:393009 disposed:false
576 silly fetch manifest @chakra-ui/card@2.2.0
577 silly packumentCache full:https://registry.npmjs.org/@chakra-ui%2fcard cache-miss
578 http fetch GET 200 https://registry.npmjs.org/@babel%2fplugin-transform-react-jsx-development 720ms (cache revalidated)
579 silly packumentCache full:https://registry.npmjs.org/@babel%2fplugin-transform-react-jsx-development set size:126423 disposed:false
580 silly fetch manifest @chakra-ui/icon@3.2.0
581 silly packumentCache full:https://registry.npmjs.org/@chakra-ui%2ficon cache-miss
582 http fetch GET 200 https://registry.npmjs.org/@babel%2fplugin-transform-modules-commonjs 540ms (cache revalidated)
583 silly packumentCache full:https://registry.npmjs.org/@babel%2fplugin-transform-modules-commonjs set size:304149 disposed:false
584 silly fetch manifest @chakra-ui/menu@2.2.1
585 silly packumentCache full:https://registry.npmjs.org/@chakra-ui%2fmenu cache-miss
586 http fetch GET 200 https://registry.npmjs.org/@babel%2fhelper-globals 558ms (cache revalidated)
587 silly packumentCache full:https://registry.npmjs.org/@babel%2fhelper-globals set size:19175 disposed:false
588 silly fetch manifest @chakra-ui/stat@2.1.1
589 silly packumentCache full:https://registry.npmjs.org/@chakra-ui%2fstat cache-miss
590 http fetch GET 200 https://registry.npmjs.org/@babel%2fhelper-string-parser 575ms (cache revalidated)
591 silly packumentCache full:https://registry.npmjs.org/@babel%2fhelper-string-parser set size:85662 disposed:false
592 silly fetch manifest @chakra-ui/tabs@3.0.0
593 silly packumentCache full:https://registry.npmjs.org/@chakra-ui%2ftabs cache-miss
594 http fetch GET 200 https://registry.npmjs.org/@babel%2fhelper-validator-identifier 568ms (cache revalidated)
595 silly packumentCache full:https://registry.npmjs.org/@babel%2fhelper-validator-identifier set size:119950 disposed:false
596 silly fetch manifest @chakra-ui/alert@2.2.2
597 silly packumentCache full:https://registry.npmjs.org/@chakra-ui%2falert cache-miss
598 http fetch GET 200 https://registry.npmjs.org/@chakra-ui%2ficon 725ms (cache revalidated)
599 silly packumentCache full:https://registry.npmjs.org/@chakra-ui%2ficon set size:1399500 disposed:false
600 silly fetch manifest @chakra-ui/hooks@2.2.1
601 silly packumentCache full:https://registry.npmjs.org/@chakra-ui%2fhooks cache-miss
602 http fetch GET 200 https://registry.npmjs.org/@chakra-ui%2ftag 797ms (cache revalidated)
603 silly packumentCache full:https://registry.npmjs.org/@chakra-ui%2ftag set size:2126467 disposed:false
604 silly fetch manifest @chakra-ui/image@2.1.0
605 silly packumentCache full:https://registry.npmjs.org/@chakra-ui%2fimage cache-miss
606 http fetch GET 200 https://registry.npmjs.org/@chakra-ui%2fmenu 773ms (cache revalidated)
607 silly packumentCache full:https://registry.npmjs.org/@chakra-ui%2fmenu set size:4515529 disposed:false
608 silly fetch manifest @chakra-ui/input@2.1.2
609 silly packumentCache full:https://registry.npmjs.org/@chakra-ui%2finput cache-miss
610 http fetch GET 200 https://registry.npmjs.org/@chakra-ui%2fcard 860ms (cache revalidated)
611 silly packumentCache full:https://registry.npmjs.org/@chakra-ui%2fcard set size:167234 disposed:false
612 silly fetch manifest @chakra-ui/modal@2.3.1
613 silly packumentCache full:https://registry.npmjs.org/@chakra-ui%2fmodal cache-miss
614 http fetch GET 200 https://registry.npmjs.org/@chakra-ui%2fstat 648ms (cache revalidated)
615 silly packumentCache full:https://registry.npmjs.org/@chakra-ui%2fstat set size:1895685 disposed:false
616 silly fetch manifest @chakra-ui/radio@2.1.2
617 silly packumentCache full:https://registry.npmjs.org/@chakra-ui%2fradio cache-miss
618 http fetch GET 200 https://registry.npmjs.org/@chakra-ui%2ftabs 683ms (cache revalidated)
619 silly packumentCache full:https://registry.npmjs.org/@chakra-ui%2ftabs set size:2673928 disposed:false
620 silly fetch manifest @chakra-ui/table@2.1.0
621 silly packumentCache full:https://registry.npmjs.org/@chakra-ui%2ftable cache-miss
622 http fetch GET 200 https://registry.npmjs.org/@chakra-ui%2falert 750ms (cache revalidated)
623 silly packumentCache full:https://registry.npmjs.org/@chakra-ui%2falert set size:1612813 disposed:false
624 silly fetch manifest @chakra-ui/theme@3.3.1
625 silly packumentCache full:https://registry.npmjs.org/@chakra-ui%2ftheme cache-miss
626 http fetch GET 200 https://registry.npmjs.org/@chakra-ui%2fhooks 899ms (cache revalidated)
627 silly packumentCache full:https://registry.npmjs.org/@chakra-ui%2fhooks set size:1406164 disposed:false
628 silly fetch manifest @chakra-ui/toast@7.0.2
629 silly packumentCache full:https://registry.npmjs.org/@chakra-ui%2ftoast cache-miss
630 http fetch GET 200 https://registry.npmjs.org/@chakra-ui%2fradio 705ms (cache revalidated)
631 silly packumentCache full:https://registry.npmjs.org/@chakra-ui%2fradio set size:1983446 disposed:false
632 silly fetch manifest @chakra-ui/utils@2.0.15
633 silly packumentCache full:https://registry.npmjs.org/@chakra-ui%2futils cache-miss
634 http fetch GET 200 https://registry.npmjs.org/@chakra-ui%2finput 867ms (cache revalidated)
635 silly packumentCache full:https://registry.npmjs.org/@chakra-ui%2finput set size:2782765 disposed:false
636 silly fetch manifest @chakra-ui/avatar@2.3.0
637 silly packumentCache full:https://registry.npmjs.org/@chakra-ui%2favatar cache-miss
638 http fetch GET 200 https://registry.npmjs.org/@chakra-ui%2fmodal 894ms (cache revalidated)
639 silly packumentCache full:https://registry.npmjs.org/@chakra-ui%2fmodal set size:4628071 disposed:false
640 silly fetch manifest @chakra-ui/button@2.1.0
641 silly packumentCache full:https://registry.npmjs.org/@chakra-ui%2fbutton cache-miss
642 http fetch GET 200 https://registry.npmjs.org/@chakra-ui%2fimage 994ms (cache revalidated)
643 silly packumentCache full:https://registry.npmjs.org/@chakra-ui%2fimage set size:1648631 disposed:false
644 silly fetch manifest @chakra-ui/layout@2.3.1
645 silly packumentCache full:https://registry.npmjs.org/@chakra-ui%2flayout cache-miss
646 http fetch GET 200 https://registry.npmjs.org/@chakra-ui%2ftheme 723ms (cache revalidated)
647 silly packumentCache full:https://registry.npmjs.org/@chakra-ui%2ftheme set size:2323542 disposed:false
648 silly fetch manifest @chakra-ui/popper@3.1.0
649 silly packumentCache full:https://registry.npmjs.org/@chakra-ui%2fpopper cache-miss
650 http fetch GET 200 https://registry.npmjs.org/@chakra-ui%2ftable 850ms (cache revalidated)
651 silly packumentCache full:https://registry.npmjs.org/@chakra-ui%2ftable set size:1613146 disposed:false
652 silly fetch manifest @chakra-ui/portal@2.1.0
653 silly packumentCache full:https://registry.npmjs.org/@chakra-ui%2fportal cache-miss
654 http fetch GET 200 https://registry.npmjs.org/@chakra-ui%2futils 861ms (cache revalidated)
655 silly packumentCache full:https://registry.npmjs.org/@chakra-ui%2futils set size:938386 disposed:false
656 silly fetch manifest @chakra-ui/select@2.1.2
657 silly packumentCache full:https://registry.npmjs.org/@chakra-ui%2fselect cache-miss
658 http fetch GET 200 https://registry.npmjs.org/@chakra-ui%2flayout 778ms (cache revalidated)
659 silly packumentCache full:https://registry.npmjs.org/@chakra-ui%2flayout set size:2805681 disposed:false
660 silly fetch manifest @chakra-ui/slider@2.1.0
661 silly packumentCache full:https://registry.npmjs.org/@chakra-ui%2fslider cache-miss
662 http fetch GET 200 https://registry.npmjs.org/@chakra-ui%2favatar 891ms (cache revalidated)
663 silly packumentCache full:https://registry.npmjs.org/@chakra-ui%2favatar set size:2160657 disposed:false
664 silly fetch manifest @chakra-ui/switch@2.1.2
665 silly packumentCache full:https://registry.npmjs.org/@chakra-ui%2fswitch cache-miss
666 http fetch GET 200 https://registry.npmjs.org/@chakra-ui%2ftoast 998ms (cache revalidated)
667 silly packumentCache full:https://registry.npmjs.org/@chakra-ui%2ftoast set size:4933825 disposed:false
668 silly fetch manifest @chakra-ui/system@2.6.2
669 silly packumentCache full:https://registry.npmjs.org/@chakra-ui%2fsystem cache-miss
670 http fetch GET 200 https://registry.npmjs.org/@chakra-ui%2fbutton 971ms (cache revalidated)
671 silly packumentCache full:https://registry.npmjs.org/@chakra-ui%2fbutton set size:2308662 disposed:false
672 silly fetch manifest @chakra-ui/counter@2.1.0
673 silly packumentCache full:https://registry.npmjs.org/@chakra-ui%2fcounter cache-miss
674 http fetch GET 200 https://registry.npmjs.org/@chakra-ui%2fportal 880ms (cache revalidated)
675 silly packumentCache full:https://registry.npmjs.org/@chakra-ui%2fportal set size:1422905 disposed:false
676 silly fetch manifest @chakra-ui/popover@2.2.1
677 silly packumentCache full:https://registry.npmjs.org/@chakra-ui%2fpopover cache-miss
678 http fetch GET 200 https://registry.npmjs.org/@chakra-ui%2fpopper 950ms (cache revalidated)
679 silly packumentCache full:https://registry.npmjs.org/@chakra-ui%2fpopper set size:1023542 disposed:false
680 silly fetch manifest @chakra-ui/spinner@2.1.0
681 silly packumentCache full:https://registry.npmjs.org/@chakra-ui%2fspinner cache-miss
682 http fetch GET 200 https://registry.npmjs.org/@chakra-ui%2fcounter 683ms (cache revalidated)
683 silly packumentCache full:https://registry.npmjs.org/@chakra-ui%2fcounter set size:1228922 disposed:false
684 silly fetch manifest @chakra-ui/stepper@2.3.1
685 silly packumentCache full:https://registry.npmjs.org/@chakra-ui%2fstepper cache-miss
686 http fetch GET 200 https://registry.npmjs.org/@chakra-ui%2fswitch 828ms (cache revalidated)
687 silly packumentCache full:https://registry.npmjs.org/@chakra-ui%2fswitch set size:2336541 disposed:false
688 silly fetch manifest @chakra-ui/tooltip@2.3.1
689 silly packumentCache full:https://registry.npmjs.org/@chakra-ui%2ftooltip cache-miss
690 http fetch GET 200 https://registry.npmjs.org/@chakra-ui%2fslider 932ms (cache revalidated)
691 silly packumentCache full:https://registry.npmjs.org/@chakra-ui%2fslider set size:2390327 disposed:false
692 silly fetch manifest @chakra-ui/checkbox@2.3.2
693 silly packumentCache full:https://registry.npmjs.org/@chakra-ui%2fcheckbox cache-miss
694 http fetch GET 200 https://registry.npmjs.org/@chakra-ui%2fspinner 749ms (cache revalidated)
695 silly packumentCache full:https://registry.npmjs.org/@chakra-ui%2fspinner set size:1698142 disposed:false
696 silly fetch manifest @chakra-ui/editable@3.1.0
697 silly packumentCache full:https://registry.npmjs.org/@chakra-ui%2feditable cache-miss
698 http fetch GET 200 https://registry.npmjs.org/@chakra-ui%2fselect 1035ms (cache revalidated)
699 silly packumentCache full:https://registry.npmjs.org/@chakra-ui%2fselect set size:3719649 disposed:false
700 silly fetch manifest @chakra-ui/progress@2.2.0
701 silly packumentCache full:https://registry.npmjs.org/@chakra-ui%2fprogress cache-miss
702 http fetch GET 200 https://registry.npmjs.org/@chakra-ui%2fsystem 910ms (cache revalidated)
703 silly packumentCache full:https://registry.npmjs.org/@chakra-ui%2fsystem set size:4100731 disposed:false
704 silly fetch manifest @chakra-ui/provider@2.4.2
705 silly packumentCache full:https://registry.npmjs.org/@chakra-ui%2fprovider cache-miss
706 http fetch GET 200 https://registry.npmjs.org/@chakra-ui%2fpopover 899ms (cache revalidated)
707 silly packumentCache full:https://registry.npmjs.org/@chakra-ui%2fpopover set size:2629939 disposed:false
708 silly fetch manifest @chakra-ui/skeleton@2.1.0
709 silly packumentCache full:https://registry.npmjs.org/@chakra-ui%2fskeleton cache-miss
710 http fetch GET 200 https://registry.npmjs.org/@chakra-ui%2ftooltip 868ms (cache revalidated)
711 silly packumentCache full:https://registry.npmjs.org/@chakra-ui%2ftooltip set size:1967499 disposed:false
712 silly fetch manifest @chakra-ui/skip-nav@2.1.0
713 silly packumentCache full:https://registry.npmjs.org/@chakra-ui%2fskip-nav cache-miss
714 http fetch GET 200 https://registry.npmjs.org/@chakra-ui%2fstepper 962ms (cache revalidated)
715 silly packumentCache full:https://registry.npmjs.org/@chakra-ui%2fstepper set size:130963 disposed:false
716 silly fetch manifest @chakra-ui/textarea@2.1.2
717 silly packumentCache full:https://registry.npmjs.org/@chakra-ui%2ftextarea cache-miss
718 http fetch GET 200 https://registry.npmjs.org/@chakra-ui%2feditable 848ms (cache revalidated)
719 silly packumentCache full:https://registry.npmjs.org/@chakra-ui%2feditable set size:1777567 disposed:false
720 silly fetch manifest @chakra-ui/accordion@2.3.1
721 silly packumentCache full:https://registry.npmjs.org/@chakra-ui%2faccordion cache-miss
722 http fetch GET 200 https://registry.npmjs.org/@chakra-ui%2fskeleton 755ms (cache revalidated)
723 silly packumentCache full:https://registry.npmjs.org/@chakra-ui%2fskeleton set size:1965229 disposed:false
724 silly fetch manifest @chakra-ui/css-reset@2.3.0
725 silly packumentCache full:https://registry.npmjs.org/@chakra-ui%2fcss-reset cache-miss
726 http fetch GET 200 https://registry.npmjs.org/@chakra-ui%2fprogress 875ms (cache revalidated)
727 silly packumentCache full:https://registry.npmjs.org/@chakra-ui%2fprogress set size:2858733 disposed:false
728 silly fetch manifest @chakra-ui/pin-input@2.1.0
729 silly packumentCache full:https://registry.npmjs.org/@chakra-ui%2fpin-input cache-miss
730 http fetch GET 200 https://registry.npmjs.org/@chakra-ui%2fcheckbox 978ms (cache revalidated)
731 silly packumentCache full:https://registry.npmjs.org/@chakra-ui%2fcheckbox set size:2390073 disposed:false
732 silly fetch manifest @chakra-ui/react-env@3.1.0
733 silly packumentCache full:https://registry.npmjs.org/@chakra-ui%2freact-env cache-miss
734 http fetch GET 200 https://registry.npmjs.org/@chakra-ui%2fprovider 920ms (cache revalidated)
735 silly packumentCache full:https://registry.npmjs.org/@chakra-ui%2fprovider set size:2893830 disposed:false
736 silly fetch manifest @chakra-ui/breadcrumb@2.2.0
737 silly packumentCache full:https://registry.npmjs.org/@chakra-ui%2fbreadcrumb cache-miss
738 http fetch GET 200 https://registry.npmjs.org/@chakra-ui%2freact-env 825ms (cache revalidated)
739 silly packumentCache full:https://registry.npmjs.org/@chakra-ui%2freact-env set size:963585 disposed:false
740 silly fetch manifest @chakra-ui/focus-lock@2.1.0
741 silly packumentCache full:https://registry.npmjs.org/@chakra-ui%2ffocus-lock cache-miss
742 http fetch GET 200 https://registry.npmjs.org/@chakra-ui%2fcss-reset 935ms (cache revalidated)
743 silly packumentCache full:https://registry.npmjs.org/@chakra-ui%2fcss-reset set size:606226 disposed:false
744 silly fetch manifest @chakra-ui/transition@2.1.0
745 silly packumentCache full:https://registry.npmjs.org/@chakra-ui%2ftransition cache-miss
746 http fetch GET 200 https://registry.npmjs.org/@chakra-ui%2fpin-input 913ms (cache revalidated)
747 silly packumentCache full:https://registry.npmjs.org/@chakra-ui%2fpin-input set size:2223001 disposed:false
748 silly fetch manifest @chakra-ui/control-box@2.1.0
749 silly packumentCache full:https://registry.npmjs.org/@chakra-ui%2fcontrol-box cache-miss
750 http fetch GET 200 https://registry.npmjs.org/@chakra-ui%2faccordion 1023ms (cache revalidated)
751 silly packumentCache full:https://registry.npmjs.org/@chakra-ui%2faccordion set size:3267244 disposed:false
752 silly fetch manifest @chakra-ui/live-region@2.1.0
753 silly packumentCache full:https://registry.npmjs.org/@chakra-ui%2flive-region cache-miss
754 http fetch GET 200 https://registry.npmjs.org/@chakra-ui%2fbreadcrumb 914ms (cache revalidated)
755 silly packumentCache full:https://registry.npmjs.org/@chakra-ui%2fbreadcrumb set size:2164085 disposed:false
756 silly fetch manifest @chakra-ui/media-query@3.3.0
757 silly packumentCache full:https://registry.npmjs.org/@chakra-ui%2fmedia-query cache-miss
758 http fetch GET 200 https://registry.npmjs.org/@chakra-ui%2fskip-nav 1182ms (cache revalidated)
759 silly packumentCache full:https://registry.npmjs.org/@chakra-ui%2fskip-nav set size:1610059 disposed:false
760 silly fetch manifest @chakra-ui/theme-utils@2.0.21
761 silly packumentCache full:https://registry.npmjs.org/@chakra-ui%2ftheme-utils cache-miss
762 http fetch GET 200 https://registry.npmjs.org/@chakra-ui%2ftextarea 1175ms (cache revalidated)
763 silly packumentCache full:https://registry.npmjs.org/@chakra-ui%2ftextarea set size:2104474 disposed:false
764 silly fetch manifest @chakra-ui/close-button@2.1.1
765 silly packumentCache full:https://registry.npmjs.org/@chakra-ui%2fclose-button cache-miss
766 http fetch GET 200 https://registry.npmjs.org/@chakra-ui%2flive-region 792ms (cache revalidated)
767 silly packumentCache full:https://registry.npmjs.org/@chakra-ui%2flive-region set size:844324 disposed:false
768 silly fetch manifest @chakra-ui/form-control@2.2.0
769 silly packumentCache full:https://registry.npmjs.org/@chakra-ui%2fform-control cache-miss
770 http fetch GET 200 https://registry.npmjs.org/@chakra-ui%2fcontrol-box 881ms (cache revalidated)
771 silly packumentCache full:https://registry.npmjs.org/@chakra-ui%2fcontrol-box set size:1294088 disposed:false
772 silly fetch manifest @chakra-ui/number-input@2.1.2
773 silly packumentCache full:https://registry.npmjs.org/@chakra-ui%2fnumber-input cache-miss
774 http fetch GET 200 https://registry.npmjs.org/@chakra-ui%2fclose-button 752ms (cache revalidated)
775 silly packumentCache full:https://registry.npmjs.org/@chakra-ui%2fclose-button set size:1761630 disposed:false
776 silly fetch manifest @chakra-ui/styled-system@2.9.2
777 silly packumentCache full:https://registry.npmjs.org/@chakra-ui%2fstyled-system cache-miss
778 http fetch GET 200 https://registry.npmjs.org/@chakra-ui%2fmedia-query 838ms (cache revalidated)
779 silly packumentCache full:https://registry.npmjs.org/@chakra-ui%2fmedia-query set size:1784089 disposed:false
780 silly fetch manifest @chakra-ui/visually-hidden@2.2.0
781 silly packumentCache full:https://registry.npmjs.org/@chakra-ui%2fvisually-hidden cache-miss
782 http fetch GET 200 https://registry.npmjs.org/@chakra-ui%2ftransition 993ms (cache revalidated)
783 silly packumentCache full:https://registry.npmjs.org/@chakra-ui%2ftransition set size:1206408 disposed:false
784 silly fetch manifest tslib@^2.0.0
785 silly packumentCache full:https://registry.npmjs.org/tslib cache-miss
786 http fetch GET 200 https://registry.npmjs.org/@chakra-ui%2ftheme-utils 857ms (cache revalidated)
787 silly packumentCache full:https://registry.npmjs.org/@chakra-ui%2ftheme-utils set size:744686 disposed:false
788 silly fetch manifest @dnd-kit/accessibility@^3.1.1
789 silly packumentCache full:https://registry.npmjs.org/@dnd-kit%2faccessibility cache-miss
790 http fetch GET 200 https://registry.npmjs.org/@chakra-ui%2ffocus-lock 1043ms (cache revalidated)
791 silly packumentCache full:https://registry.npmjs.org/@chakra-ui%2ffocus-lock set size:847954 disposed:false
792 silly fetch manifest @dnd-kit/utilities@^3.2.2
793 silly packumentCache full:https://registry.npmjs.org/@dnd-kit%2futilities cache-miss
794 http fetch GET 200 https://registry.npmjs.org/tslib 346ms (cache revalidated)
795 silly packumentCache full:https://registry.npmjs.org/tslib set size:108760 disposed:false
796 silly fetch manifest @dnd-kit/utilities@^3.2.2
797 silly packumentCache full:https://registry.npmjs.org/@dnd-kit%2futilities cache-miss
798 http fetch GET 200 https://registry.npmjs.org/@dnd-kit%2faccessibility 770ms (cache revalidated)
799 silly packumentCache full:https://registry.npmjs.org/@dnd-kit%2faccessibility set size:40554 disposed:false
800 silly fetch manifest @babel/runtime@^7.18.3
801 silly packumentCache full:https://registry.npmjs.org/@babel%2fruntime cache-miss
802 http fetch GET 200 https://registry.npmjs.org/@dnd-kit%2futilities 440ms (cache revalidated)
803 silly packumentCache full:https://registry.npmjs.org/@dnd-kit%2futilities set size:247103 disposed:false
804 silly fetch manifest @emotion/cache@^11.11.0
805 silly packumentCache full:https://registry.npmjs.org/@emotion%2fcache cache-miss
806 http fetch GET 200 https://registry.npmjs.org/@dnd-kit%2futilities 775ms (cache revalidated)
807 silly packumentCache full:https://registry.npmjs.org/@dnd-kit%2futilities set size:247103 disposed:false
808 silly packumentCache full:https://registry.npmjs.org/@dnd-kit%2futilities dispose
809 silly fetch manifest @emotion/utils@^1.2.1
810 silly packumentCache full:https://registry.npmjs.org/@emotion%2futils cache-miss
811 http fetch GET 200 https://registry.npmjs.org/@chakra-ui%2fvisually-hidden 839ms (cache revalidated)
812 silly packumentCache full:https://registry.npmjs.org/@chakra-ui%2fvisually-hidden set size:1661670 disposed:false
813 silly fetch manifest @emotion/serialize@^1.1.3
814 silly packumentCache full:https://registry.npmjs.org/@emotion%2fserialize cache-miss
815 http fetch GET 200 https://registry.npmjs.org/@chakra-ui%2fnumber-input 926ms (cache revalidated)
816 silly packumentCache full:https://registry.npmjs.org/@chakra-ui%2fnumber-input set size:2046953 disposed:false
817 silly fetch manifest @emotion/babel-plugin@^11.11.0
818 silly packumentCache full:https://registry.npmjs.org/@emotion%2fbabel-plugin cache-miss
819 http fetch GET 200 https://registry.npmjs.org/@chakra-ui%2fstyled-system 929ms (cache revalidated)
820 silly packumentCache full:https://registry.npmjs.org/@chakra-ui%2fstyled-system set size:1701047 disposed:false
821 silly fetch manifest @emotion/weak-memoize@^0.3.1
822 silly packumentCache full:https://registry.npmjs.org/@emotion%2fweak-memoize cache-miss
823 http fetch GET 200 https://registry.npmjs.org/@chakra-ui%2fform-control 1014ms (cache revalidated)
824 silly packumentCache full:https://registry.npmjs.org/@chakra-ui%2fform-control set size:3050396 disposed:false
825 silly fetch manifest hoist-non-react-statics@^3.3.1
826 silly packumentCache full:https://registry.npmjs.org/hoist-non-react-statics cache-miss
827 http fetch GET 200 https://registry.npmjs.org/@babel%2fruntime 246ms (cache revalidated)
828 silly packumentCache full:https://registry.npmjs.org/@babel%2fruntime set size:3404872 disposed:false
829 silly fetch manifest @emotion/use-insertion-effect-with-fallbacks@^1.0.1
830 silly packumentCache full:https://registry.npmjs.org/@emotion%2fuse-insertion-effect-with-fallbacks cache-miss
831 http fetch GET 200 https://registry.npmjs.org/hoist-non-react-statics 312ms (cache revalidated)
832 silly packumentCache full:https://registry.npmjs.org/hoist-non-react-statics set size:97044 disposed:false
833 silly fetch manifest @emotion/utils@^1.2.1
834 silly packumentCache full:https://registry.npmjs.org/@emotion%2futils cache-miss
835 http fetch GET 200 https://registry.npmjs.org/@emotion%2futils 313ms (cache revalidated)
836 silly packumentCache full:https://registry.npmjs.org/@emotion%2futils set size:84161 disposed:false
837 silly fetch manifest @emotion/serialize@^1.1.2
838 silly packumentCache full:https://registry.npmjs.org/@emotion%2fserialize cache-miss
839 http fetch GET 200 https://registry.npmjs.org/@emotion%2futils 787ms (cache revalidated)
840 silly packumentCache full:https://registry.npmjs.org/@emotion%2futils set size:84161 disposed:false
841 silly packumentCache full:https://registry.npmjs.org/@emotion%2futils dispose
842 silly fetch manifest @emotion/babel-plugin@^11.11.0
843 silly packumentCache full:https://registry.npmjs.org/@emotion%2fbabel-plugin cache-miss
844 http fetch GET 200 https://registry.npmjs.org/@emotion%2fserialize 762ms (cache revalidated)
845 silly packumentCache full:https://registry.npmjs.org/@emotion%2fserialize set size:167783 disposed:false
846 silly fetch manifest @emotion/is-prop-valid@^1.2.1
847 silly packumentCache full:https://registry.npmjs.org/@emotion%2fis-prop-valid cache-miss
848 http fetch GET 200 https://registry.npmjs.org/@emotion%2fbabel-plugin 758ms (cache revalidated)
849 silly packumentCache full:https://registry.npmjs.org/@emotion%2fbabel-plugin set size:82960 disposed:false
850 silly fetch manifest @emotion/use-insertion-effect-with-fallbacks@^1.0.1
851 silly packumentCache full:https://registry.npmjs.org/@emotion%2fuse-insertion-effect-with-fallbacks cache-miss
852 http fetch GET 200 https://registry.npmjs.org/@emotion%2fweak-memoize 743ms (cache revalidated)
853 silly packumentCache full:https://registry.npmjs.org/@emotion%2fweak-memoize set size:38234 disposed:false
854 silly fetch manifest @hookform/resolvers@^3.1.1
855 silly packumentCache full:https://registry.npmjs.org/@hookform%2fresolvers cache-miss
856 http cache https://registry.npmjs.org/@emotion%2fserialize 57ms (cache hit)
857 silly packumentCache full:https://registry.npmjs.org/@emotion%2fserialize set size:167783 disposed:false
858 silly packumentCache full:https://registry.npmjs.org/@emotion%2fserialize dispose
859 silly fetch manifest @radix-ui/react-accordion@^1.1.2
860 silly packumentCache full:https://registry.npmjs.org/@radix-ui%2freact-accordion cache-miss
861 http cache https://registry.npmjs.org/@emotion%2fis-prop-valid 52ms (cache hit)
862 silly packumentCache full:https://registry.npmjs.org/@emotion%2fis-prop-valid set size:96539 disposed:false
863 silly fetch manifest @radix-ui/react-alert-dialog@^1.0.4
864 silly packumentCache full:https://registry.npmjs.org/@radix-ui%2freact-alert-dialog cache-miss
865 http fetch GET 200 https://registry.npmjs.org/@emotion%2fcache 866ms (cache revalidated)
866 silly packumentCache full:https://registry.npmjs.org/@emotion%2fcache set size:203584 disposed:false
867 silly fetch manifest @radix-ui/react-aspect-ratio@^1.0.3
868 silly packumentCache full:https://registry.npmjs.org/@radix-ui%2freact-aspect-ratio cache-miss
869 http fetch GET 200 https://registry.npmjs.org/@emotion%2fbabel-plugin 94ms (cache revalidated)
870 silly packumentCache full:https://registry.npmjs.org/@emotion%2fbabel-plugin set size:82960 disposed:false
871 silly packumentCache full:https://registry.npmjs.org/@emotion%2fbabel-plugin dispose
872 silly fetch manifest @radix-ui/react-avatar@^1.0.3
873 silly packumentCache full:https://registry.npmjs.org/@radix-ui%2freact-avatar cache-miss
874 http fetch GET 200 https://registry.npmjs.org/@emotion%2fuse-insertion-effect-with-fallbacks 211ms (cache revalidated)
875 silly packumentCache full:https://registry.npmjs.org/@emotion%2fuse-insertion-effect-with-fallbacks set size:13896 disposed:false
876 silly fetch manifest @radix-ui/react-checkbox@^1.0.4
877 silly packumentCache full:https://registry.npmjs.org/@radix-ui%2freact-checkbox cache-miss
878 http fetch GET 200 https://registry.npmjs.org/@emotion%2fuse-insertion-effect-with-fallbacks 753ms (cache revalidated)
879 silly packumentCache full:https://registry.npmjs.org/@emotion%2fuse-insertion-effect-with-fallbacks set size:13896 disposed:false
880 silly packumentCache full:https://registry.npmjs.org/@emotion%2fuse-insertion-effect-with-fallbacks dispose
881 silly fetch manifest @radix-ui/react-collapsible@^1.0.3
882 silly packumentCache full:https://registry.npmjs.org/@radix-ui%2freact-collapsible cache-miss
883 http fetch GET 200 https://registry.npmjs.org/@radix-ui%2freact-avatar 731ms (cache revalidated)
884 silly packumentCache full:https://registry.npmjs.org/@radix-ui%2freact-avatar set size:681949 disposed:false
885 silly fetch manifest @radix-ui/react-context-menu@^2.1.5
886 silly packumentCache full:https://registry.npmjs.org/@radix-ui%2freact-context-menu cache-miss
887 http fetch GET 200 https://registry.npmjs.org/@radix-ui%2freact-aspect-ratio 779ms (cache revalidated)
888 silly packumentCache full:https://registry.npmjs.org/@radix-ui%2freact-aspect-ratio set size:590666 disposed:false
889 silly fetch manifest @radix-ui/react-dialog@^1.0.5
890 silly packumentCache full:https://registry.npmjs.org/@radix-ui%2freact-dialog cache-miss
891 http fetch GET 200 https://registry.npmjs.org/@radix-ui%2freact-alert-dialog 804ms (cache revalidated)
892 silly packumentCache full:https://registry.npmjs.org/@radix-ui%2freact-alert-dialog set size:945599 disposed:false
893 silly fetch manifest @radix-ui/react-dropdown-menu@^2.0.6
894 silly packumentCache full:https://registry.npmjs.org/@radix-ui%2freact-dropdown-menu cache-miss
895 http fetch GET 200 https://registry.npmjs.org/@hookform%2fresolvers 838ms (cache revalidated)
896 silly packumentCache full:https://registry.npmjs.org/@hookform%2fresolvers set size:871317 disposed:false
897 silly fetch manifest @radix-ui/react-hover-card@^1.0.7
898 silly packumentCache full:https://registry.npmjs.org/@radix-ui%2freact-hover-card cache-miss
899 http fetch GET 200 https://registry.npmjs.org/@radix-ui%2freact-accordion 859ms (cache revalidated)
900 silly packumentCache full:https://registry.npmjs.org/@radix-ui%2freact-accordion set size:830703 disposed:false
901 silly fetch manifest @radix-ui/react-label@^2.0.2
902 silly packumentCache full:https://registry.npmjs.org/@radix-ui%2freact-label cache-miss
903 http fetch GET 200 https://registry.npmjs.org/@radix-ui%2freact-checkbox 720ms (cache revalidated)
904 silly packumentCache full:https://registry.npmjs.org/@radix-ui%2freact-checkbox set size:851310 disposed:false
905 silly fetch manifest @radix-ui/react-menubar@^1.0.4
906 silly packumentCache full:https://registry.npmjs.org/@radix-ui%2freact-menubar cache-miss
907 http fetch GET 200 https://registry.npmjs.org/@radix-ui%2freact-collapsible 926ms (cache revalidated)
908 silly packumentCache full:https://registry.npmjs.org/@radix-ui%2freact-collapsible set size:801871 disposed:false
909 silly fetch manifest @radix-ui/react-navigation-menu@^1.1.4
910 silly packumentCache full:https://registry.npmjs.org/@radix-ui%2freact-navigation-menu cache-miss
911 http fetch GET 200 https://registry.npmjs.org/@radix-ui%2freact-label 717ms (cache revalidated)
912 silly packumentCache full:https://registry.npmjs.org/@radix-ui%2freact-label set size:622756 disposed:false
913 silly fetch manifest @radix-ui/react-popover@^1.0.7
914 silly packumentCache full:https://registry.npmjs.org/@radix-ui%2freact-popover cache-miss
915 http fetch GET 200 https://registry.npmjs.org/@radix-ui%2freact-dialog 802ms (cache revalidated)
916 silly packumentCache full:https://registry.npmjs.org/@radix-ui%2freact-dialog set size:1036325 disposed:false
917 silly fetch manifest @radix-ui/react-progress@^1.0.3
918 silly packumentCache full:https://registry.npmjs.org/@radix-ui%2freact-progress cache-miss
919 http fetch GET 200 https://registry.npmjs.org/@radix-ui%2freact-context-menu 838ms (cache revalidated)
920 silly packumentCache full:https://registry.npmjs.org/@radix-ui%2freact-context-menu set size:1044411 disposed:false
921 silly fetch manifest @radix-ui/react-radio-group@^1.1.3
922 silly packumentCache full:https://registry.npmjs.org/@radix-ui%2freact-radio-group cache-miss
923 http fetch GET 200 https://registry.npmjs.org/@radix-ui%2freact-hover-card 797ms (cache revalidated)
924 silly packumentCache full:https://registry.npmjs.org/@radix-ui%2freact-hover-card set size:971323 disposed:false
925 silly fetch manifest @radix-ui/react-scroll-area@^1.0.5
926 silly packumentCache full:https://registry.npmjs.org/@radix-ui%2freact-scroll-area cache-miss
927 http fetch GET 200 https://registry.npmjs.org/@radix-ui%2freact-dropdown-menu 847ms (cache revalidated)
928 silly packumentCache full:https://registry.npmjs.org/@radix-ui%2freact-dropdown-menu set size:1049847 disposed:false
929 silly fetch manifest @radix-ui/react-select@^2.0.0
930 silly packumentCache full:https://registry.npmjs.org/@radix-ui%2freact-select cache-miss
931 http fetch GET 200 https://registry.npmjs.org/@radix-ui%2freact-menubar 776ms (cache revalidated)
932 silly packumentCache full:https://registry.npmjs.org/@radix-ui%2freact-menubar set size:549851 disposed:false
933 silly fetch manifest @radix-ui/react-separator@^1.0.3
934 silly packumentCache full:https://registry.npmjs.org/@radix-ui%2freact-separator cache-miss
935 http fetch GET 200 https://registry.npmjs.org/@radix-ui%2freact-navigation-menu 664ms (cache revalidated)
936 silly packumentCache full:https://registry.npmjs.org/@radix-ui%2freact-navigation-menu set size:795749 disposed:false
937 silly fetch manifest @radix-ui/react-slider@^1.1.2
938 silly packumentCache full:https://registry.npmjs.org/@radix-ui%2freact-slider cache-miss
939 http fetch GET 200 https://registry.npmjs.org/@radix-ui%2freact-separator 681ms (cache revalidated)
940 silly packumentCache full:https://registry.npmjs.org/@radix-ui%2freact-separator set size:589871 disposed:false
941 silly fetch manifest @radix-ui/react-slot@^1.0.2
942 silly packumentCache full:https://registry.npmjs.org/@radix-ui%2freact-slot cache-miss
943 http fetch GET 200 https://registry.npmjs.org/@radix-ui%2freact-popover 819ms (cache revalidated)
944 silly packumentCache full:https://registry.npmjs.org/@radix-ui%2freact-popover set size:1089273 disposed:false
945 silly fetch manifest @radix-ui/react-switch@^1.0.3
946 silly packumentCache full:https://registry.npmjs.org/@radix-ui%2freact-switch cache-miss
947 http fetch GET 200 https://registry.npmjs.org/@radix-ui%2freact-progress 819ms (cache revalidated)
948 silly packumentCache full:https://registry.npmjs.org/@radix-ui%2freact-progress set size:596750 disposed:false
949 silly fetch manifest @radix-ui/react-tabs@^1.0.4
950 silly packumentCache full:https://registry.npmjs.org/@radix-ui%2freact-tabs cache-miss
951 http fetch GET 200 https://registry.npmjs.org/@radix-ui%2freact-scroll-area 790ms (cache revalidated)
952 silly packumentCache full:https://registry.npmjs.org/@radix-ui%2freact-scroll-area set size:867381 disposed:false
953 silly fetch manifest @radix-ui/react-toast@^1.1.5
954 silly packumentCache full:https://registry.npmjs.org/@radix-ui%2freact-toast cache-miss
955 http fetch GET 200 https://registry.npmjs.org/@radix-ui%2freact-radio-group 832ms (cache revalidated)
956 silly packumentCache full:https://registry.npmjs.org/@radix-ui%2freact-radio-group set size:908487 disposed:false
957 silly fetch manifest @radix-ui/react-toggle@^1.0.3
958 silly packumentCache full:https://registry.npmjs.org/@radix-ui%2freact-toggle cache-miss
959 http fetch GET 200 https://registry.npmjs.org/@radix-ui%2freact-select 830ms (cache revalidated)
960 silly packumentCache full:https://registry.npmjs.org/@radix-ui%2freact-select set size:940573 disposed:false
961 silly fetch manifest @radix-ui/react-toggle-group@^1.0.4
962 silly packumentCache full:https://registry.npmjs.org/@radix-ui%2freact-toggle-group cache-miss
963 http fetch GET 200 https://registry.npmjs.org/@radix-ui%2freact-slider 740ms (cache revalidated)
964 silly packumentCache full:https://registry.npmjs.org/@radix-ui%2freact-slider set size:816874 disposed:false
965 silly fetch manifest @radix-ui/react-tooltip@^1.0.7
966 silly packumentCache full:https://registry.npmjs.org/@radix-ui%2freact-tooltip cache-miss
967 http fetch GET 200 https://registry.npmjs.org/@radix-ui%2freact-switch 748ms (cache revalidated)
968 silly packumentCache full:https://registry.npmjs.org/@radix-ui%2freact-switch set size:723564 disposed:false
969 silly fetch manifest class-variance-authority@^0.7.0
970 silly packumentCache full:https://registry.npmjs.org/class-variance-authority cache-miss
971 http fetch GET 200 https://registry.npmjs.org/@radix-ui%2freact-slot 809ms (cache revalidated)
972 silly packumentCache full:https://registry.npmjs.org/@radix-ui%2freact-slot set size:387271 disposed:false
973 silly fetch manifest clsx@^2.1.0
974 silly packumentCache full:https://registry.npmjs.org/clsx cache-miss
975 http fetch GET 200 https://registry.npmjs.org/@radix-ui%2freact-toggle 748ms (cache revalidated)
976 silly packumentCache full:https://registry.npmjs.org/@radix-ui%2freact-toggle set size:655369 disposed:false
977 silly fetch manifest cmdk@^0.2.1
978 silly packumentCache full:https://registry.npmjs.org/cmdk cache-hit
979 silly fetch manifest date-fns@^2.30.0
980 silly packumentCache full:https://registry.npmjs.org/date-fns cache-miss
981 http fetch GET 200 https://registry.npmjs.org/@radix-ui%2freact-tooltip 681ms (cache revalidated)
982 silly packumentCache full:https://registry.npmjs.org/@radix-ui%2freact-tooltip set size:1098971 disposed:false
983 silly fetch manifest embla-carousel-react@8.0.0-rc15
984 silly packumentCache full:https://registry.npmjs.org/embla-carousel-react cache-miss
985 http fetch GET 200 https://registry.npmjs.org/@radix-ui%2freact-tabs 830ms (cache revalidated)
986 silly packumentCache full:https://registry.npmjs.org/@radix-ui%2freact-tabs set size:855865 disposed:false
987 silly fetch manifest input-otp@^1.2.0
988 silly packumentCache full:https://registry.npmjs.org/input-otp cache-miss
989 http fetch GET 200 https://registry.npmjs.org/@radix-ui%2freact-toast 827ms (cache revalidated)
990 silly packumentCache full:https://registry.npmjs.org/@radix-ui%2freact-toast set size:787771 disposed:false
991 silly fetch manifest next-themes@^0.3.0
992 silly packumentCache full:https://registry.npmjs.org/next-themes cache-miss
993 http fetch GET 200 https://registry.npmjs.org/@radix-ui%2freact-toggle-group 805ms (cache revalidated)
994 silly packumentCache full:https://registry.npmjs.org/@radix-ui%2freact-toggle-group set size:799697 disposed:false
995 silly fetch manifest react-day-picker@^8.10.0
996 silly packumentCache full:https://registry.npmjs.org/react-day-picker cache-miss
997 http cache https://registry.npmjs.org/date-fns 119ms (cache hit)
998 silly packumentCache full:https://registry.npmjs.org/date-fns set size:3727193 disposed:false
999 silly fetch manifest react-hook-form@^7.45.2
1000 silly packumentCache full:https://registry.npmjs.org/react-hook-form cache-miss
1001 http cache https://registry.npmjs.org/react-day-picker 200ms (cache hit)
1002 silly packumentCache full:https://registry.npmjs.org/react-day-picker set size:1169083 disposed:false
1003 silly fetch manifest react-resizable-panels@^0.0.55
1004 silly packumentCache full:https://registry.npmjs.org/react-resizable-panels cache-hit
1005 silly fetch manifest sonner@^1.3.1
1006 silly packumentCache full:https://registry.npmjs.org/sonner cache-hit
1007 silly fetch manifest tailwind-merge@^2.2.2
1008 silly packumentCache full:https://registry.npmjs.org/tailwind-merge cache-miss
1009 http fetch GET 200 https://registry.npmjs.org/clsx 371ms (cache revalidated)
1010 silly packumentCache full:https://registry.npmjs.org/clsx set size:42506 disposed:false
1011 silly fetch manifest undefined@^0.1.0
1012 silly packumentCache full:https://registry.npmjs.org/undefined cache-miss
1013 http fetch GET 200 https://registry.npmjs.org/embla-carousel-react 346ms (cache revalidated)
1014 silly packumentCache full:https://registry.npmjs.org/embla-carousel-react set size:398957 disposed:false
1015 silly fetch manifest vaul@^0.2.3
1016 silly packumentCache full:https://registry.npmjs.org/vaul cache-hit
1017 silly fetch manifest @types/pg@8.11.6
1018 silly packumentCache full:https://registry.npmjs.org/@types%2fpg cache-miss
1019 http cache https://registry.npmjs.org/tailwind-merge 41ms (cache hit)
1020 silly packumentCache full:https://registry.npmjs.org/tailwind-merge set size:1613657 disposed:false
1021 silly fetch manifest react-aria@3.48.0
1022 silly packumentCache full:https://registry.npmjs.org/react-aria cache-miss
1023 http cache https://registry.npmjs.org/react-hook-form 148ms (cache hit)
1024 silly packumentCache full:https://registry.npmjs.org/react-hook-form set size:5136873 disposed:false
1025 silly fetch manifest @swc/helpers@^0.5.0
1026 silly packumentCache full:https://registry.npmjs.org/@swc%2fhelpers cache-miss
1027 http fetch GET 200 https://registry.npmjs.org/next-themes 478ms (cache revalidated)
1028 silly packumentCache full:https://registry.npmjs.org/next-themes set size:162039 disposed:false
1029 silly fetch manifest @babel/parser@^7.27.7
1030 silly packumentCache full:https://registry.npmjs.org/@babel%2fparser cache-hit
1031 silly fetch manifest @remix-run/node-fetch-server@^0.13.0
1032 silly packumentCache full:https://registry.npmjs.org/@remix-run%2fnode-fetch-server cache-miss
1033 http fetch GET 200 https://registry.npmjs.org/input-otp 505ms (cache revalidated)
1034 silly packumentCache full:https://registry.npmjs.org/input-otp set size:85904 disposed:false
1035 silly fetch manifest arg@^5.0.1
1036 silly packumentCache full:https://registry.npmjs.org/arg cache-miss
1037 http fetch GET 200 https://registry.npmjs.org/class-variance-authority 603ms (cache revalidated)
1038 silly packumentCache full:https://registry.npmjs.org/class-variance-authority set size:96388 disposed:false
1039 silly fetch manifest babel-dead-code-elimination@^1.0.6
1040 silly packumentCache full:https://registry.npmjs.org/babel-dead-code-elimination cache-miss
1041 http fetch GET 200 https://registry.npmjs.org/undefined 473ms (cache revalidated)
1042 silly packumentCache full:https://registry.npmjs.org/undefined set size:1923 disposed:false
1043 silly fetch manifest chokidar@^4.0.0
1044 silly packumentCache full:https://registry.npmjs.org/chokidar cache-miss
1045 http fetch GET 200 https://registry.npmjs.org/arg 299ms (cache revalidated)
1046 silly packumentCache full:https://registry.npmjs.org/arg set size:67036 disposed:false
1047 silly fetch manifest dedent@^1.5.3
1048 silly packumentCache full:https://registry.npmjs.org/dedent cache-miss
1049 http fetch GET 200 https://registry.npmjs.org/react-aria 467ms (cache revalidated)
1050 silly packumentCache full:https://registry.npmjs.org/react-aria set size:5449746 disposed:false
1051 silly fetch manifest es-module-lexer@^1.3.1
1052 silly packumentCache full:https://registry.npmjs.org/es-module-lexer cache-miss
1053 http fetch GET 200 https://registry.npmjs.org/babel-dead-code-elimination 405ms (cache revalidated)
1054 silly packumentCache full:https://registry.npmjs.org/babel-dead-code-elimination set size:37248 disposed:false
1055 silly fetch manifest exit-hook@2.2.1
1056 silly packumentCache full:https://registry.npmjs.org/exit-hook cache-miss
1057 http fetch GET 200 https://registry.npmjs.org/@types%2fpg 713ms (cache revalidated)
1058 silly packumentCache full:https://registry.npmjs.org/@types%2fpg set size:195571 disposed:false
1059 silly fetch manifest isbot@^5.1.11
1060 silly packumentCache full:https://registry.npmjs.org/isbot cache-hit
1061 silly fetch manifest jsesc@3.0.2
1062 silly packumentCache full:https://registry.npmjs.org/jsesc cache-hit
1063 silly fetch manifest lodash@^4.17.21
1064 silly packumentCache full:https://registry.npmjs.org/lodash cache-miss
1065 http fetch GET 200 https://registry.npmjs.org/chokidar 353ms (cache updated)
1066 silly packumentCache full:https://registry.npmjs.org/chokidar set size:undefined disposed:false
1067 silly fetch manifest p-map@^7.0.3
1068 silly packumentCache full:https://registry.npmjs.org/p-map cache-miss
1069 http fetch GET 200 https://registry.npmjs.org/@remix-run%2fnode-fetch-server 690ms (cache updated)
1070 silly packumentCache full:https://registry.npmjs.org/@remix-run%2fnode-fetch-server set size:undefined disposed:false
1071 silly fetch manifest pathe@^1.1.2
1072 silly packumentCache full:https://registry.npmjs.org/pathe cache-miss
1073 http fetch GET 200 https://registry.npmjs.org/@swc%2fhelpers 729ms (cache revalidated)
1074 silly packumentCache full:https://registry.npmjs.org/@swc%2fhelpers set size:726705 disposed:false
1075 silly fetch manifest picocolors@^1.1.1
1076 silly packumentCache full:https://registry.npmjs.org/picocolors cache-miss
1077 http fetch GET 200 https://registry.npmjs.org/dedent 412ms (cache revalidated)
1078 silly packumentCache full:https://registry.npmjs.org/dedent set size:77148 disposed:false
1079 silly fetch manifest pkg-types@^2.3.0
1080 silly packumentCache full:https://registry.npmjs.org/pkg-types cache-miss
1081 http fetch GET 200 https://registry.npmjs.org/exit-hook 317ms (cache revalidated)
1082 silly packumentCache full:https://registry.npmjs.org/exit-hook set size:45439 disposed:false
1083 silly fetch manifest prettier@^3.6.2
1084 silly packumentCache full:https://registry.npmjs.org/prettier cache-miss
1085 http fetch GET 200 https://registry.npmjs.org/es-module-lexer 338ms (cache revalidated)
1086 silly packumentCache full:https://registry.npmjs.org/es-module-lexer set size:205389 disposed:false
1087 silly fetch manifest react-refresh@^0.14.0
1088 silly packumentCache full:https://registry.npmjs.org/react-refresh cache-miss
1089 http fetch GET 200 https://registry.npmjs.org/lodash 358ms (cache updated)
1090 silly packumentCache full:https://registry.npmjs.org/lodash set size:undefined disposed:false
1091 silly fetch manifest semver@^7.3.7
1092 silly packumentCache full:https://registry.npmjs.org/semver cache-miss
1093 http cache https://registry.npmjs.org/semver 13ms (cache hit)
1094 silly packumentCache full:https://registry.npmjs.org/semver set size:235672 disposed:false
1095 silly fetch manifest tinyglobby@^0.2.14
1096 silly packumentCache full:https://registry.npmjs.org/tinyglobby cache-miss
1097 http fetch GET 200 https://registry.npmjs.org/p-map 317ms (cache revalidated)
1098 silly packumentCache full:https://registry.npmjs.org/p-map set size:52373 disposed:false
1099 silly fetch manifest valibot@^1.2.0
1100 silly packumentCache full:https://registry.npmjs.org/valibot cache-miss
1101 http fetch GET 200 https://registry.npmjs.org/picocolors 321ms (cache revalidated)
1102 silly packumentCache full:https://registry.npmjs.org/picocolors set size:16648 disposed:false
1103 silly fetch manifest vite-node@^3.2.2
1104 silly packumentCache full:https://registry.npmjs.org/vite-node cache-miss
1105 http fetch GET 200 https://registry.npmjs.org/pathe 365ms (cache revalidated)
1106 silly packumentCache full:https://registry.npmjs.org/pathe set size:68788 disposed:false
1107 silly fetch manifest @react-router/node@7.15.1
1108 silly packumentCache full:https://registry.npmjs.org/@react-router%2fnode cache-miss
1109 http fetch GET 200 https://registry.npmjs.org/prettier 324ms (cache revalidated)
1110 silly packumentCache full:https://registry.npmjs.org/prettier set size:665088 disposed:false
1111 silly fetch manifest minimatch@^9.0.0
1112 silly packumentCache full:https://registry.npmjs.org/minimatch cache-miss
1113 http fetch GET 200 https://registry.npmjs.org/pkg-types 355ms (cache revalidated)
1114 silly packumentCache full:https://registry.npmjs.org/pkg-types set size:90685 disposed:false
1115 silly fetch manifest @mjackson/node-fetch-server@^0.2.0
1116 silly packumentCache full:https://registry.npmjs.org/@mjackson%2fnode-fetch-server cache-miss
1117 http fetch GET 200 https://registry.npmjs.org/react-refresh 354ms (cache revalidated)
1118 silly packumentCache full:https://registry.npmjs.org/react-refresh set size:6329425 disposed:false
1119 silly fetch manifest @mjackson/node-fetch-server@^0.2.0
1120 silly packumentCache full:https://registry.npmjs.org/@mjackson%2fnode-fetch-server cache-miss
1121 http fetch GET 200 https://registry.npmjs.org/valibot 302ms (cache revalidated)
1122 silly packumentCache full:https://registry.npmjs.org/valibot set size:253394 disposed:false
1123 silly fetch manifest compression@^1.8.1
1124 silly packumentCache full:https://registry.npmjs.org/compression cache-miss
1125 http cache https://registry.npmjs.org/@react-router%2fnode 254ms (cache hit)
1126 silly packumentCache full:https://registry.npmjs.org/@react-router%2fnode set size:1949869 disposed:false
1127 silly fetch manifest express@^4.19.2
1128 silly packumentCache full:https://registry.npmjs.org/express cache-miss
1129 http fetch GET 200 https://registry.npmjs.org/tinyglobby 395ms (cache revalidated)
1130 silly packumentCache full:https://registry.npmjs.org/tinyglobby set size:52660 disposed:false
1131 silly fetch manifest get-port@5.1.1
1132 silly packumentCache full:https://registry.npmjs.org/get-port cache-miss
1133 http fetch GET 200 https://registry.npmjs.org/minimatch 303ms (cache revalidated)
1134 silly packumentCache full:https://registry.npmjs.org/minimatch set size:375282 disposed:false
1135 silly fetch manifest morgan@^1.10.1
1136 silly packumentCache full:https://registry.npmjs.org/morgan cache-miss
1137 http fetch GET 200 https://registry.npmjs.org/vite-node 551ms (cache revalidated)
1138 silly packumentCache full:https://registry.npmjs.org/vite-node set size:1079445 disposed:false
1139 silly fetch manifest source-map-support@^0.5.21
1140 silly packumentCache full:https://registry.npmjs.org/source-map-support cache-miss
1141 http fetch GET 200 https://registry.npmjs.org/get-port 303ms (cache revalidated)
1142 silly packumentCache full:https://registry.npmjs.org/get-port set size:47891 disposed:false
1143 silly fetch manifest @react-router/express@7.15.1
1144 silly packumentCache full:https://registry.npmjs.org/@react-router%2fexpress cache-miss
1145 http fetch GET 200 https://registry.npmjs.org/compression 379ms (cache revalidated)
1146 silly packumentCache full:https://registry.npmjs.org/compression set size:98424 disposed:false
1147 silly fetch manifest tailwindcss@4.3.0
1148 silly packumentCache full:https://registry.npmjs.org/tailwindcss cache-miss
1149 http fetch GET 200 https://registry.npmjs.org/morgan 293ms (cache revalidated)
1150 silly packumentCache full:https://registry.npmjs.org/morgan set size:76441 disposed:false
1151 silly fetch manifest @tailwindcss/node@4.3.0
1152 silly packumentCache full:https://registry.npmjs.org/@tailwindcss%2fnode cache-miss
1153 http fetch GET 200 https://registry.npmjs.org/express 340ms (cache revalidated)
1154 silly packumentCache full:https://registry.npmjs.org/express set size:804947 disposed:false
1155 silly fetch manifest @tailwindcss/oxide@4.3.0
1156 silly packumentCache full:https://registry.npmjs.org/@tailwindcss%2foxide cache-miss
1157 http cache https://registry.npmjs.org/tailwindcss 113ms (cache hit)
1158 silly packumentCache full:https://registry.npmjs.org/tailwindcss set size:10543114 disposed:false
1159 silly fetch manifest @tanstack/query-core@5.100.11
1160 silly packumentCache full:https://registry.npmjs.org/@tanstack%2fquery-core cache-miss
1161 http fetch GET 200 https://registry.npmjs.org/@mjackson%2fnode-fetch-server 774ms (cache revalidated)
1162 silly packumentCache full:https://registry.npmjs.org/@mjackson%2fnode-fetch-server set size:29088 disposed:false
1163 silly fetch manifest @tanstack/table-core@8.21.3
1164 silly packumentCache full:https://registry.npmjs.org/@tanstack%2ftable-core cache-miss
1165 http fetch GET 200 https://registry.npmjs.org/@mjackson%2fnode-fetch-server 960ms (cache revalidated)
1166 silly packumentCache full:https://registry.npmjs.org/@mjackson%2fnode-fetch-server set size:29088 disposed:false
1167 silly packumentCache full:https://registry.npmjs.org/@mjackson%2fnode-fetch-server dispose
1168 silly fetch manifest redent@^3.0.0
1169 silly packumentCache full:https://registry.npmjs.org/redent cache-miss
1170 http fetch GET 200 https://registry.npmjs.org/source-map-support 424ms (cache revalidated)
1171 silly packumentCache full:https://registry.npmjs.org/source-map-support set size:125488 disposed:false
1172 silly fetch manifest aria-query@^5.0.0
1173 silly packumentCache full:https://registry.npmjs.org/aria-query cache-miss
1174 http fetch GET 200 https://registry.npmjs.org/redent 433ms (cache revalidated)
1175 silly packumentCache full:https://registry.npmjs.org/redent set size:10478 disposed:false
1176 silly fetch manifest css.escape@^1.5.1
1177 silly packumentCache full:https://registry.npmjs.org/css.escape cache-miss
1178 http fetch GET 200 https://registry.npmjs.org/aria-query 432ms (cache revalidated)
1179 silly packumentCache full:https://registry.npmjs.org/aria-query set size:98864 disposed:false
1180 silly fetch manifest @adobe/css-tools@^4.4.0
1181 silly packumentCache full:https://registry.npmjs.org/@adobe%2fcss-tools cache-miss
1182 http fetch GET 200 https://registry.npmjs.org/@react-router%2fexpress 831ms (cache revalidated)
1183 silly packumentCache full:https://registry.npmjs.org/@react-router%2fexpress set size:1902731 disposed:false
1184 silly fetch manifest dom-accessibility-api@^0.6.3
1185 silly packumentCache full:https://registry.npmjs.org/dom-accessibility-api cache-miss
1186 http fetch GET 200 https://registry.npmjs.org/@tailwindcss%2fnode 906ms (cache updated)
1187 silly packumentCache full:https://registry.npmjs.org/@tailwindcss%2fnode set size:undefined disposed:false
1188 silly fetch manifest @babel/runtime@^7.12.5
1189 silly packumentCache full:https://registry.npmjs.org/@babel%2fruntime cache-miss
1190 http cache https://registry.npmjs.org/@babel%2fruntime 21ms (cache hit)
1191 silly packumentCache full:https://registry.npmjs.org/@babel%2fruntime set size:3404872 disposed:false
1192 silly fetch manifest @babel/parser@^7.20.7
1193 silly packumentCache full:https://registry.npmjs.org/@babel%2fparser cache-hit
1194 silly fetch manifest @types/babel__template@*
1195 silly packumentCache full:https://registry.npmjs.org/@types%2fbabel__template cache-miss
1196 http fetch GET 200 https://registry.npmjs.org/@tanstack%2ftable-core 696ms (cache revalidated)
1197 silly packumentCache full:https://registry.npmjs.org/@tanstack%2ftable-core set size:565508 disposed:false
1198 silly fetch manifest @types/babel__traverse@*
1199 silly packumentCache full:https://registry.npmjs.org/@types%2fbabel__traverse cache-miss
1200 http fetch GET 200 https://registry.npmjs.org/@tanstack%2fquery-core 744ms (cache revalidated)
1201 silly packumentCache full:https://registry.npmjs.org/@tanstack%2fquery-core set size:1086463 disposed:false
1202 silly fetch manifest @types/babel__generator@*
1203 silly packumentCache full:https://registry.npmjs.org/@types%2fbabel__generator cache-miss
1204 http fetch GET 200 https://registry.npmjs.org/css.escape 461ms (cache revalidated)
1205 silly packumentCache full:https://registry.npmjs.org/css.escape set size:18160 disposed:false
1206 silly fetch manifest @types/braces@*
1207 silly packumentCache full:https://registry.npmjs.org/@types%2fbraces cache-miss
1208 http fetch GET 200 https://registry.npmjs.org/dom-accessibility-api 416ms (cache revalidated)
1209 silly packumentCache full:https://registry.npmjs.org/dom-accessibility-api set size:175425 disposed:false
1210 silly fetch manifest undici-types@~6.21.0
1211 silly packumentCache full:https://registry.npmjs.org/undici-types cache-miss
1212 http fetch GET 200 https://registry.npmjs.org/@tailwindcss%2foxide 1255ms (cache updated)
1213 silly packumentCache full:https://registry.npmjs.org/@tailwindcss%2foxide set size:undefined disposed:false
1214 silly fetch manifest csstype@^3.2.2
1215 silly packumentCache full:https://registry.npmjs.org/csstype cache-miss
1216 http fetch GET 200 https://registry.npmjs.org/undici-types 288ms (cache revalidated)
1217 silly packumentCache full:https://registry.npmjs.org/undici-types set size:214705 disposed:false
1218 silly fetch manifest @types/prop-types@*
1219 silly packumentCache full:https://registry.npmjs.org/@types%2fprop-types cache-miss
1220 http fetch GET 200 https://registry.npmjs.org/@adobe%2fcss-tools 805ms (cache revalidated)
1221 silly packumentCache full:https://registry.npmjs.org/@adobe%2fcss-tools set size:89295 disposed:false
1222 silly fetch manifest fast-deep-equal@^3.1.3
1223 silly packumentCache full:https://registry.npmjs.org/fast-deep-equal cache-miss
1224 http fetch GET 200 https://registry.npmjs.org/@types%2fbabel__generator 584ms (cache revalidated)
1225 silly packumentCache full:https://registry.npmjs.org/@types%2fbabel__generator set size:31587 disposed:false
1226 silly fetch manifest @types/google.maps@^3.54.10
1227 silly packumentCache full:https://registry.npmjs.org/@types%2fgoogle.maps cache-miss
1228 http fetch GET 200 https://registry.npmjs.org/fast-deep-equal 54ms (cache revalidated)
1229 silly packumentCache full:https://registry.npmjs.org/fast-deep-equal set size:48634 disposed:false
1230 silly fetch manifest @phc/format@^1.0.0
1231 silly packumentCache full:https://registry.npmjs.org/@phc%2fformat cache-miss
1232 http fetch GET 200 https://registry.npmjs.org/csstype 327ms (cache revalidated)
1233 silly packumentCache full:https://registry.npmjs.org/csstype set size:274189 disposed:false
1234 silly fetch manifest node-addon-api@^8.4.0
1235 silly packumentCache full:https://registry.npmjs.org/node-addon-api cache-miss
1236 http fetch GET 200 https://registry.npmjs.org/@types%2fbabel__traverse 634ms (cache revalidated)
1237 silly packumentCache full:https://registry.npmjs.org/@types%2fbabel__traverse set size:107819 disposed:false
1238 silly fetch manifest node-gyp-build@^4.8.4
1239 silly packumentCache full:https://registry.npmjs.org/node-gyp-build cache-miss
1240 http fetch GET 200 https://registry.npmjs.org/@types%2fbabel__template 676ms (cache revalidated)
1241 silly packumentCache full:https://registry.npmjs.org/@types%2fbabel__template set size:22631 disposed:false
1242 silly fetch manifest browserslist@^4.28.2
1243 silly packumentCache full:https://registry.npmjs.org/browserslist cache-miss
1244 http fetch GET 200 https://registry.npmjs.org/node-addon-api 76ms (cache revalidated)
1245 silly packumentCache full:https://registry.npmjs.org/node-addon-api set size:347062 disposed:false
1246 silly fetch manifest caniuse-lite@^1.0.30001787
1247 silly packumentCache full:https://registry.npmjs.org/caniuse-lite cache-miss
1248 http fetch GET 200 https://registry.npmjs.org/@types%2fbraces 561ms (cache revalidated)
1249 silly packumentCache full:https://registry.npmjs.org/@types%2fbraces set size:13811 disposed:false
1250 silly fetch manifest fraction.js@^5.3.4
1251 silly packumentCache full:https://registry.npmjs.org/fraction.js cache-miss
1252 http fetch GET 200 https://registry.npmjs.org/node-gyp-build 315ms (cache revalidated)
1253 silly packumentCache full:https://registry.npmjs.org/node-gyp-build set size:84545 disposed:false
1254 silly fetch manifest postcss-value-parser@^4.2.0
1255 silly packumentCache full:https://registry.npmjs.org/postcss-value-parser cache-miss
1256 http fetch GET 200 https://registry.npmjs.org/browserslist 313ms (cache revalidated)
1257 silly packumentCache full:https://registry.npmjs.org/browserslist set size:504681 disposed:false
1258 silly fetch manifest escape-string-regexp@5.0.0
1259 silly packumentCache full:https://registry.npmjs.org/escape-string-regexp cache-miss
1260 http fetch GET 200 https://registry.npmjs.org/caniuse-lite 329ms (cache revalidated)
1261 silly packumentCache full:https://registry.npmjs.org/caniuse-lite set size:2293068 disposed:false
1262 silly fetch manifest @radix-ui/react-id@^1.1.0
1263 silly packumentCache full:https://registry.npmjs.org/@radix-ui%2freact-id cache-miss
1264 http fetch GET 200 https://registry.npmjs.org/fraction.js 354ms (cache revalidated)
1265 silly packumentCache full:https://registry.npmjs.org/fraction.js set size:149386 disposed:false
1266 silly fetch manifest @radix-ui/react-dialog@^1.1.6
1267 silly packumentCache full:https://registry.npmjs.org/@radix-ui%2freact-dialog cache-miss
1268 http fetch GET 200 https://registry.npmjs.org/@types%2fprop-types 611ms (cache revalidated)
1269 silly packumentCache full:https://registry.npmjs.org/@types%2fprop-types set size:53942 disposed:false
1270 silly fetch manifest @radix-ui/react-primitive@^2.0.2
1271 silly packumentCache full:https://registry.npmjs.org/@radix-ui%2freact-primitive cache-miss
1272 http cache https://registry.npmjs.org/@radix-ui%2freact-dialog 15ms (cache hit)
1273 silly packumentCache full:https://registry.npmjs.org/@radix-ui%2freact-dialog set size:1036325 disposed:false
1274 silly fetch manifest @radix-ui/react-compose-refs@^1.1.1
1275 silly packumentCache full:https://registry.npmjs.org/@radix-ui%2freact-compose-refs cache-miss
1276 http fetch GET 200 https://registry.npmjs.org/@types%2fgoogle.maps 558ms (cache revalidated)
1277 silly packumentCache full:https://registry.npmjs.org/@types%2fgoogle.maps set size:183710 disposed:false
1278 silly fetch manifest @babel/runtime@^7.28.6
1279 silly packumentCache full:https://registry.npmjs.org/@babel%2fruntime cache-miss
1280 http cache https://registry.npmjs.org/@babel%2fruntime 13ms (cache hit)
1281 silly packumentCache full:https://registry.npmjs.org/@babel%2fruntime set size:3404872 disposed:false
1282 silly fetch manifest compute-scroll-into-view@^3.1.1
1283 silly packumentCache full:https://registry.npmjs.org/compute-scroll-into-view cache-miss
1284 http fetch GET 200 https://registry.npmjs.org/@phc%2fformat 642ms (cache revalidated)
1285 silly packumentCache full:https://registry.npmjs.org/@phc%2fformat set size:41273 disposed:false
1286 silly fetch manifest prop-types@^15.8.1
1287 silly packumentCache full:https://registry.npmjs.org/prop-types cache-miss
1288 http fetch GET 200 https://registry.npmjs.org/postcss-value-parser 310ms (cache revalidated)
1289 silly packumentCache full:https://registry.npmjs.org/postcss-value-parser set size:73484 disposed:false
1290 silly fetch manifest react-is@^18.2.0
1291 silly packumentCache full:https://registry.npmjs.org/react-is cache-miss
1292 http fetch GET 200 https://registry.npmjs.org/escape-string-regexp 300ms (cache revalidated)
1293 silly packumentCache full:https://registry.npmjs.org/escape-string-regexp set size:22244 disposed:false
1294 silly fetch manifest tslib@^2.8.1
1295 silly packumentCache full:https://registry.npmjs.org/tslib cache-hit
1296 silly fetch manifest @nodelib/fs.stat@^2.0.2
1297 silly packumentCache full:https://registry.npmjs.org/@nodelib%2ffs.stat cache-miss
1298 http fetch GET 200 https://registry.npmjs.org/compute-scroll-into-view 312ms (cache revalidated)
1299 silly packumentCache full:https://registry.npmjs.org/compute-scroll-into-view set size:144606 disposed:false
1300 silly fetch manifest @nodelib/fs.walk@^1.2.3
1301 silly packumentCache full:https://registry.npmjs.org/@nodelib%2ffs.walk cache-miss
1302 http fetch GET 200 https://registry.npmjs.org/prop-types 308ms (cache revalidated)
1303 silly packumentCache full:https://registry.npmjs.org/prop-types set size:76747 disposed:false
1304 silly fetch manifest glob-parent@^5.1.2
1305 silly packumentCache full:https://registry.npmjs.org/glob-parent cache-miss
1306 http fetch GET 200 https://registry.npmjs.org/react-is 345ms (cache revalidated)
1307 silly packumentCache full:https://registry.npmjs.org/react-is set size:5380884 disposed:false
1308 silly fetch manifest merge2@^1.3.0
1309 silly packumentCache full:https://registry.npmjs.org/merge2 cache-miss
1310 http fetch GET 200 https://registry.npmjs.org/@radix-ui%2freact-id 661ms (cache revalidated)
1311 silly packumentCache full:https://registry.npmjs.org/@radix-ui%2freact-id set size:325405 disposed:false
1312 silly fetch manifest ws@^8.18.0
1313 silly packumentCache full:https://registry.npmjs.org/ws cache-hit
1314 silly fetch manifest saxes@^6.0.0
1315 silly packumentCache full:https://registry.npmjs.org/saxes cache-miss
1316 http fetch GET 200 https://registry.npmjs.org/@radix-ui%2freact-compose-refs 620ms (cache revalidated)
1317 silly packumentCache full:https://registry.npmjs.org/@radix-ui%2freact-compose-refs set size:219425 disposed:false
1318 silly fetch manifest nwsapi@^2.2.16
1319 silly packumentCache full:https://registry.npmjs.org/nwsapi cache-miss
1320 http fetch GET 200 https://registry.npmjs.org/@radix-ui%2freact-primitive 694ms (cache revalidated)
1321 silly packumentCache full:https://registry.npmjs.org/@radix-ui%2freact-primitive set size:595809 disposed:false
1322 silly fetch manifest parse5@^7.2.1
1323 silly packumentCache full:https://registry.npmjs.org/parse5 cache-miss
1324 http fetch GET 200 https://registry.npmjs.org/@nodelib%2ffs.stat 616ms (cache revalidated)
1325 silly packumentCache full:https://registry.npmjs.org/@nodelib%2ffs.stat set size:36993 disposed:false
1326 silly fetch manifest cssstyle@^4.2.1
1327 silly packumentCache full:https://registry.npmjs.org/cssstyle cache-miss
1328 http fetch GET 200 https://registry.npmjs.org/glob-parent 371ms (cache revalidated)
1329 silly packumentCache full:https://registry.npmjs.org/glob-parent set size:42445 disposed:false
1330 silly fetch manifest data-urls@^5.0.0
1331 silly packumentCache full:https://registry.npmjs.org/data-urls cache-miss
1332 http fetch GET 200 https://registry.npmjs.org/merge2 297ms (cache revalidated)
1333 silly packumentCache full:https://registry.npmjs.org/merge2 set size:46159 disposed:false
1334 silly fetch manifest decimal.js@^10.5.0
1335 silly packumentCache full:https://registry.npmjs.org/decimal.js cache-miss
1336 http fetch GET 200 https://registry.npmjs.org/nwsapi 325ms (cache revalidated)
1337 silly packumentCache full:https://registry.npmjs.org/nwsapi set size:90535 disposed:false
1338 silly fetch manifest whatwg-url@^14.1.1
1339 silly packumentCache full:https://registry.npmjs.org/whatwg-url cache-miss
1340 http fetch GET 200 https://registry.npmjs.org/parse5 292ms (cache revalidated)
1341 silly packumentCache full:https://registry.npmjs.org/parse5 set size:123116 disposed:false
1342 silly fetch manifest rrweb-cssom@^0.8.0
1343 silly packumentCache full:https://registry.npmjs.org/rrweb-cssom cache-miss
1344 http fetch GET 200 https://registry.npmjs.org/cssstyle 277ms (cache revalidated)
1345 silly packumentCache full:https://registry.npmjs.org/cssstyle set size:165320 disposed:false
1346 silly fetch manifest symbol-tree@^3.2.4
1347 silly packumentCache full:https://registry.npmjs.org/symbol-tree cache-miss
1348 http fetch GET 200 https://registry.npmjs.org/whatwg-url 82ms (cache revalidated)
1349 silly packumentCache full:https://registry.npmjs.org/whatwg-url set size:170765 disposed:false
1350 silly fetch manifest tough-cookie@^5.1.1
1351 silly packumentCache full:https://registry.npmjs.org/tough-cookie cache-miss
1352 http fetch GET 200 https://registry.npmjs.org/saxes 463ms (cache revalidated)
1353 silly packumentCache full:https://registry.npmjs.org/saxes set size:228593 disposed:false
1354 silly fetch manifest whatwg-encoding@^3.1.1
1355 silly packumentCache full:https://registry.npmjs.org/whatwg-encoding cache-miss
1356 http fetch GET 200 https://registry.npmjs.org/data-urls 288ms (cache revalidated)
1357 silly packumentCache full:https://registry.npmjs.org/data-urls set size:37311 disposed:false
1358 silly fetch manifest whatwg-mimetype@^4.0.0
1359 silly packumentCache full:https://registry.npmjs.org/whatwg-mimetype cache-miss
1360 http fetch GET 200 https://registry.npmjs.org/@nodelib%2ffs.walk 686ms (cache revalidated)
1361 silly packumentCache full:https://registry.npmjs.org/@nodelib%2ffs.walk set size:41589 disposed:false
1362 silly fetch manifest http-proxy-agent@^7.0.2
1363 silly packumentCache full:https://registry.npmjs.org/http-proxy-agent cache-miss
1364 http fetch GET 200 https://registry.npmjs.org/decimal.js 377ms (cache revalidated)
1365 silly packumentCache full:https://registry.npmjs.org/decimal.js set size:107790 disposed:false
1366 silly fetch manifest https-proxy-agent@^7.0.6
1367 silly packumentCache full:https://registry.npmjs.org/https-proxy-agent cache-miss
1368 http fetch GET 200 https://registry.npmjs.org/http-proxy-agent 179ms (cache revalidated)
1369 silly packumentCache full:https://registry.npmjs.org/http-proxy-agent set size:54849 disposed:false
1370 silly fetch manifest w3c-xmlserializer@^5.0.0
1371 silly packumentCache full:https://registry.npmjs.org/w3c-xmlserializer cache-miss
1372 http fetch GET 200 https://registry.npmjs.org/rrweb-cssom 306ms (cache revalidated)
1373 silly packumentCache full:https://registry.npmjs.org/rrweb-cssom set size:10104 disposed:false
1374 silly fetch manifest webidl-conversions@^7.0.0
1375 silly packumentCache full:https://registry.npmjs.org/webidl-conversions cache-miss
1376 http fetch GET 200 https://registry.npmjs.org/https-proxy-agent 66ms (cache revalidated)
1377 silly packumentCache full:https://registry.npmjs.org/https-proxy-agent set size:81258 disposed:false
1378 silly fetch manifest xml-name-validator@^5.0.0
1379 silly packumentCache full:https://registry.npmjs.org/xml-name-validator cache-miss
1380 http fetch GET 200 https://registry.npmjs.org/webidl-conversions 56ms (cache revalidated)
1381 silly packumentCache full:https://registry.npmjs.org/webidl-conversions set size:46073 disposed:false
1382 silly fetch manifest html-encoding-sniffer@^4.0.0
1383 silly packumentCache full:https://registry.npmjs.org/html-encoding-sniffer cache-miss
1384 http fetch GET 200 https://registry.npmjs.org/symbol-tree 311ms (cache revalidated)
1385 silly packumentCache full:https://registry.npmjs.org/symbol-tree set size:60614 disposed:false
1386 silly fetch manifest is-potential-custom-element-name@^1.0.1
1387 silly packumentCache full:https://registry.npmjs.org/is-potential-custom-element-name cache-miss
1388 http fetch GET 200 https://registry.npmjs.org/tough-cookie 322ms (cache revalidated)
1389 silly packumentCache full:https://registry.npmjs.org/tough-cookie set size:149007 disposed:false
1390 silly fetch manifest braces@^3.0.3
1391 silly packumentCache full:https://registry.npmjs.org/braces cache-miss
1392 http fetch GET 200 https://registry.npmjs.org/whatwg-mimetype 297ms (cache revalidated)
1393 silly packumentCache full:https://registry.npmjs.org/whatwg-mimetype set size:28179 disposed:false
1394 silly fetch manifest picomatch@^2.3.1
1395 silly packumentCache full:https://registry.npmjs.org/picomatch cache-miss
1396 http fetch GET 200 https://registry.npmjs.org/whatwg-encoding 321ms (cache revalidated)
1397 silly packumentCache full:https://registry.npmjs.org/whatwg-encoding set size:25704 disposed:false
1398 silly fetch manifest framer-motion@^12.40.0
1399 silly packumentCache full:https://registry.npmjs.org/framer-motion cache-miss
1400 http cache https://registry.npmjs.org/framer-motion 50ms (cache hit)
1401 silly packumentCache full:https://registry.npmjs.org/framer-motion set size:10017052 disposed:false
1402 silly fetch manifest tslib@^2.4.0
1403 silly packumentCache full:https://registry.npmjs.org/tslib cache-hit
1404 silly fetch manifest canvas@^2.11.2
1405 silly packumentCache full:https://registry.npmjs.org/canvas cache-miss
1406 http fetch GET 200 https://registry.npmjs.org/html-encoding-sniffer 396ms (cache revalidated)
1407 silly packumentCache full:https://registry.npmjs.org/html-encoding-sniffer set size:23370 disposed:false
1408 silly fetch manifest path2d-polyfill@^2.0.1
1409 silly packumentCache full:https://registry.npmjs.org/path2d-polyfill cache-miss
1410 http fetch GET 200 https://registry.npmjs.org/w3c-xmlserializer 470ms (cache revalidated)
1411 silly packumentCache full:https://registry.npmjs.org/w3c-xmlserializer set size:36375 disposed:false
1412 silly fetch manifest nanoid@^3.3.12
1413 silly packumentCache full:https://registry.npmjs.org/nanoid cache-miss
1414 http fetch GET 200 https://registry.npmjs.org/xml-name-validator 409ms (cache revalidated)
1415 silly packumentCache full:https://registry.npmjs.org/xml-name-validator set size:11085 disposed:false
1416 silly fetch manifest source-map-js@^1.2.1
1417 silly packumentCache full:https://registry.npmjs.org/source-map-js cache-miss
1418 http fetch GET 200 https://registry.npmjs.org/is-potential-custom-element-name 403ms (cache revalidated)
1419 silly packumentCache full:https://registry.npmjs.org/is-potential-custom-element-name set size:6810 disposed:false
1420 silly fetch manifest loose-envify@^1.1.0
1421 silly packumentCache full:https://registry.npmjs.org/loose-envify cache-miss
1422 http fetch GET 200 https://registry.npmjs.org/picomatch 372ms (cache revalidated)
1423 silly packumentCache full:https://registry.npmjs.org/picomatch set size:126376 disposed:false
1424 silly fetch manifest @date-fns/tz@^1.4.1
1425 silly packumentCache full:https://registry.npmjs.org/@date-fns%2ftz cache-miss
1426 http fetch GET 200 https://registry.npmjs.org/braces 388ms (cache revalidated)
1427 silly packumentCache full:https://registry.npmjs.org/braces set size:114529 disposed:false
1428 silly fetch manifest date-fns-jalali@4.1.0-0
1429 silly packumentCache full:https://registry.npmjs.org/date-fns-jalali cache-miss
1430 http fetch GET 200 https://registry.npmjs.org/canvas 208ms (cache revalidated)
1431 silly packumentCache full:https://registry.npmjs.org/canvas set size:372046 disposed:false
1432 silly fetch manifest @tabby_ai/hijri-converter@1.0.5
1433 silly packumentCache full:https://registry.npmjs.org/@tabby_ai%2fhijri-converter cache-miss
1434 http fetch GET 200 https://registry.npmjs.org/source-map-js 311ms (cache revalidated)
1435 silly packumentCache full:https://registry.npmjs.org/source-map-js set size:62640 disposed:false
1436 silly fetch manifest scheduler@^0.23.2
1437 silly packumentCache full:https://registry.npmjs.org/scheduler cache-miss
1438 http fetch GET 200 https://registry.npmjs.org/path2d-polyfill 330ms (cache revalidated)
1439 silly packumentCache full:https://registry.npmjs.org/path2d-polyfill set size:121404 disposed:false
1440 silly fetch manifest loose-envify@^1.1.0
1441 silly packumentCache full:https://registry.npmjs.org/loose-envify cache-miss
1442 http fetch GET 200 https://registry.npmjs.org/nanoid 334ms (cache revalidated)
1443 silly packumentCache full:https://registry.npmjs.org/nanoid set size:310559 disposed:false
1444 silly fetch manifest vfile@^4.0.0
1445 silly packumentCache full:https://registry.npmjs.org/vfile cache-miss
1446 http fetch GET 200 https://registry.npmjs.org/loose-envify 347ms (cache revalidated)
1447 silly packumentCache full:https://registry.npmjs.org/loose-envify set size:12559 disposed:false
1448 silly fetch manifest unified@^9.0.0
1449 silly packumentCache full:https://registry.npmjs.org/unified cache-miss
1450 http fetch GET 200 https://registry.npmjs.org/date-fns-jalali 361ms (cache revalidated)
1451 silly packumentCache full:https://registry.npmjs.org/date-fns-jalali set size:1845028 disposed:false
1452 silly fetch manifest react-is@^17.0.0
1453 silly packumentCache full:https://registry.npmjs.org/react-is cache-miss
1454 http fetch GET 200 https://registry.npmjs.org/loose-envify 121ms (cache revalidated)
1455 silly packumentCache full:https://registry.npmjs.org/loose-envify set size:12559 disposed:false
1456 silly packumentCache full:https://registry.npmjs.org/loose-envify dispose
1457 silly fetch manifest prop-types@^15.7.2
1458 silly packumentCache full:https://registry.npmjs.org/prop-types cache-hit
1459 silly fetch manifest @types/hast@^2.0.0
1460 silly packumentCache full:https://registry.npmjs.org/@types%2fhast cache-miss
1461 http cache https://registry.npmjs.org/react-is 35ms (cache hit)
1462 silly packumentCache full:https://registry.npmjs.org/react-is set size:5380884 disposed:false
1463 silly fetch manifest @types/unist@^2.0.3
1464 silly packumentCache full:https://registry.npmjs.org/@types%2funist cache-miss
1465 http fetch GET 200 https://registry.npmjs.org/vfile 331ms (cache revalidated)
1466 silly packumentCache full:https://registry.npmjs.org/vfile set size:172678 disposed:false
1467 silly fetch manifest remark-parse@^9.0.0
1468 silly packumentCache full:https://registry.npmjs.org/remark-parse cache-miss
1469 http fetch GET 200 https://registry.npmjs.org/scheduler 384ms (cache revalidated)
1470 silly packumentCache full:https://registry.npmjs.org/scheduler set size:5505449 disposed:false
1471 silly fetch manifest remark-rehype@^8.0.0
1472 silly packumentCache full:https://registry.npmjs.org/remark-rehype cache-miss
1473 http fetch GET 200 https://registry.npmjs.org/@date-fns%2ftz 808ms (cache updated)
1474 silly packumentCache full:https://registry.npmjs.org/@date-fns%2ftz set size:undefined disposed:false
1475 silly fetch manifest style-to-object@^0.3.0
1476 silly packumentCache full:https://registry.npmjs.org/style-to-object cache-miss
1477 http fetch GET 200 https://registry.npmjs.org/@tabby_ai%2fhijri-converter 644ms (cache revalidated)
1478 silly packumentCache full:https://registry.npmjs.org/@tabby_ai%2fhijri-converter set size:6877 disposed:false
1479 silly fetch manifest unist-util-visit@^2.0.0
1480 silly packumentCache full:https://registry.npmjs.org/unist-util-visit cache-miss
1481 http fetch GET 200 https://registry.npmjs.org/unified 481ms (cache revalidated)
1482 silly packumentCache full:https://registry.npmjs.org/unified set size:321787 disposed:false
1483 silly fetch manifest property-information@^5.3.0
1484 silly packumentCache full:https://registry.npmjs.org/property-information cache-miss
1485 http fetch GET 200 https://registry.npmjs.org/@types%2fhast 541ms (cache revalidated)
1486 silly packumentCache full:https://registry.npmjs.org/@types%2fhast set size:32563 disposed:false
1487 silly fetch manifest comma-separated-tokens@^1.0.0
1488 silly packumentCache full:https://registry.npmjs.org/comma-separated-tokens cache-miss
1489 http fetch GET 200 https://registry.npmjs.org/@types%2funist 548ms (cache revalidated)
1490 silly packumentCache full:https://registry.npmjs.org/@types%2funist set size:39215 disposed:false
1491 silly fetch manifest space-separated-tokens@^1.1.0
1492 silly packumentCache full:https://registry.npmjs.org/space-separated-tokens cache-miss
1493 http fetch GET 200 https://registry.npmjs.org/unist-util-visit 310ms (cache revalidated)
1494 silly packumentCache full:https://registry.npmjs.org/unist-util-visit set size:90557 disposed:false
1495 silly fetch manifest cookie@^1.0.1
1496 silly packumentCache full:https://registry.npmjs.org/cookie cache-miss
1497 http fetch GET 200 https://registry.npmjs.org/remark-parse 466ms (cache revalidated)
1498 silly packumentCache full:https://registry.npmjs.org/remark-parse set size:109831 disposed:false
1499 silly fetch manifest set-cookie-parser@^2.6.0
1500 silly packumentCache full:https://registry.npmjs.org/set-cookie-parser cache-miss
1501 http fetch GET 200 https://registry.npmjs.org/style-to-object 336ms (cache revalidated)
1502 silly packumentCache full:https://registry.npmjs.org/style-to-object set size:82182 disposed:false
1503 silly fetch manifest @drizzle-team/brocli@0.11.0
1504 silly packumentCache full:https://registry.npmjs.org/@drizzle-team%2fbrocli cache-miss
1505 http fetch GET 200 https://registry.npmjs.org/property-information 326ms (cache revalidated)
1506 silly packumentCache full:https://registry.npmjs.org/property-information set size:183767 disposed:false
1507 silly fetch manifest @hono/node-server@1.19.14
1508 silly packumentCache full:https://registry.npmjs.org/@hono%2fnode-server cache-miss
1509 http fetch GET 200 https://registry.npmjs.org/comma-separated-tokens 318ms (cache revalidated)
1510 silly packumentCache full:https://registry.npmjs.org/comma-separated-tokens set size:45877 disposed:false
1511 silly fetch manifest @hono/node-ws@1.3.0
1512 silly packumentCache full:https://registry.npmjs.org/@hono%2fnode-ws cache-miss
1513 http fetch GET 200 https://registry.npmjs.org/remark-rehype 581ms (cache revalidated)
1514 silly packumentCache full:https://registry.npmjs.org/remark-rehype set size:110976 disposed:false
1515 silly fetch manifest @hono/vite-dev-server@0.25.1
1516 silly packumentCache full:https://registry.npmjs.org/@hono%2fvite-dev-server cache-miss
1517 http fetch GET 200 https://registry.npmjs.org/cookie 452ms (cache revalidated)
1518 silly packumentCache full:https://registry.npmjs.org/cookie set size:72891 disposed:false
1519 silly fetch manifest clsx@^2.0.0
1520 silly packumentCache full:https://registry.npmjs.org/clsx cache-hit
1521 silly fetch manifest react-is@^18.3.1
1522 silly packumentCache full:https://registry.npmjs.org/react-is cache-miss
1523 http fetch GET 200 https://registry.npmjs.org/set-cookie-parser 455ms (cache revalidated)
1524 silly packumentCache full:https://registry.npmjs.org/set-cookie-parser set size:73160 disposed:false
1525 silly fetch manifest react-smooth@^4.0.4
1526 silly packumentCache full:https://registry.npmjs.org/react-smooth cache-miss
1527 http cache https://registry.npmjs.org/react-is 48ms (cache hit)
1528 silly packumentCache full:https://registry.npmjs.org/react-is set size:5380884 disposed:false
1529 silly fetch manifest eventemitter3@^4.0.1
1530 silly packumentCache full:https://registry.npmjs.org/eventemitter3 cache-miss
1531 http fetch GET 200 https://registry.npmjs.org/space-separated-tokens 634ms (cache revalidated)
1532 silly packumentCache full:https://registry.npmjs.org/space-separated-tokens set size:36967 disposed:false
1533 silly fetch manifest recharts-scale@^0.4.4
1534 silly packumentCache full:https://registry.npmjs.org/recharts-scale cache-miss
1535 http fetch GET 200 https://registry.npmjs.org/@hono%2fnode-server 629ms (cache revalidated)
1536 silly packumentCache full:https://registry.npmjs.org/@hono%2fnode-server set size:254642 disposed:false
1537 silly fetch manifest tiny-invariant@^1.3.1
1538 silly packumentCache full:https://registry.npmjs.org/tiny-invariant cache-miss
1539 http fetch GET 200 https://registry.npmjs.org/@drizzle-team%2fbrocli 680ms (cache revalidated)
1540 silly packumentCache full:https://registry.npmjs.org/@drizzle-team%2fbrocli set size:99558 disposed:false
1541 silly fetch manifest victory-vendor@^36.6.8
1542 silly packumentCache full:https://registry.npmjs.org/victory-vendor cache-miss
1543 http fetch GET 200 https://registry.npmjs.org/react-smooth 292ms (cache revalidated)
1544 silly packumentCache full:https://registry.npmjs.org/react-smooth set size:197810 disposed:false
1545 silly fetch manifest unified@^11.0.0
1546 silly packumentCache full:https://registry.npmjs.org/unified cache-hit
1547 silly fetch manifest @types/mdast@^4.0.0
1548 silly packumentCache full:https://registry.npmjs.org/@types%2fmdast cache-miss
1549 http fetch GET 200 https://registry.npmjs.org/@hono%2fnode-ws 651ms (cache revalidated)
1550 silly packumentCache full:https://registry.npmjs.org/@hono%2fnode-ws set size:41482 disposed:false
1551 silly fetch manifest remark-parse@^11.0.0
1552 silly packumentCache full:https://registry.npmjs.org/remark-parse cache-hit
1553 silly fetch manifest mdast-util-gfm@^3.0.0
1554 silly packumentCache full:https://registry.npmjs.org/mdast-util-gfm cache-miss
1555 http fetch GET 200 https://registry.npmjs.org/eventemitter3 281ms (cache revalidated)
1556 silly packumentCache full:https://registry.npmjs.org/eventemitter3 set size:92292 disposed:false
1557 silly fetch manifest remark-stringify@^11.0.0
1558 silly packumentCache full:https://registry.npmjs.org/remark-stringify cache-miss
1559 http fetch GET 200 https://registry.npmjs.org/@hono%2fvite-dev-server 657ms (cache revalidated)
1560 silly packumentCache full:https://registry.npmjs.org/@hono%2fvite-dev-server set size:180528 disposed:false
1561 silly fetch manifest micromark-extension-gfm@^3.0.0
1562 silly packumentCache full:https://registry.npmjs.org/micromark-extension-gfm cache-miss
1563 http fetch GET 200 https://registry.npmjs.org/recharts-scale 303ms (cache revalidated)
1564 silly packumentCache full:https://registry.npmjs.org/recharts-scale set size:62529 disposed:false
1565 silly fetch manifest type-fest@^4.31.0
1566 silly packumentCache full:https://registry.npmjs.org/type-fest cache-miss
1567 http fetch GET 200 https://registry.npmjs.org/tiny-invariant 292ms (cache revalidated)
1568 silly packumentCache full:https://registry.npmjs.org/tiny-invariant set size:98310 disposed:false
1569 silly fetch manifest qs@^6.11.0
1570 silly packumentCache full:https://registry.npmjs.org/qs cache-miss
1571 http fetch GET 200 https://registry.npmjs.org/victory-vendor 307ms (cache revalidated)
1572 silly packumentCache full:https://registry.npmjs.org/victory-vendor set size:249266 disposed:false
1573 silly fetch manifest client-only@0.0.1
1574 silly packumentCache full:https://registry.npmjs.org/client-only cache-miss
1575 http fetch GET 200 https://registry.npmjs.org/qs 70ms (cache revalidated)
1576 silly packumentCache full:https://registry.npmjs.org/qs set size:356906 disposed:false
1577 silly fetch manifest arg@^5.0.2
1578 silly packumentCache full:https://registry.npmjs.org/arg cache-hit
1579 silly fetch manifest dlv@^1.1.3
1580 silly packumentCache full:https://registry.npmjs.org/dlv cache-miss
1581 http fetch GET 200 https://registry.npmjs.org/mdast-util-gfm 309ms (cache revalidated)
1582 silly packumentCache full:https://registry.npmjs.org/mdast-util-gfm set size:50589 disposed:false
1583 silly fetch manifest jiti@^1.21.7
1584 silly packumentCache full:https://registry.npmjs.org/jiti cache-miss
1585 http cache https://registry.npmjs.org/jiti 28ms (cache hit)
1586 silly packumentCache full:https://registry.npmjs.org/jiti set size:387989 disposed:false
1587 silly fetch manifest is-glob@^4.0.3
1588 silly packumentCache full:https://registry.npmjs.org/is-glob cache-miss
1589 http fetch GET 200 https://registry.npmjs.org/remark-stringify 301ms (cache revalidated)
1590 silly packumentCache full:https://registry.npmjs.org/remark-stringify set size:118222 disposed:false
1591 silly fetch manifest resolve@^1.22.8
1592 silly packumentCache full:https://registry.npmjs.org/resolve cache-miss
1593 http fetch GET 200 https://registry.npmjs.org/micromark-extension-gfm 298ms (cache revalidated)
1594 silly packumentCache full:https://registry.npmjs.org/micromark-extension-gfm set size:59806 disposed:false
1595 silly fetch manifest sucrase@^3.35.0
1596 silly packumentCache full:https://registry.npmjs.org/sucrase cache-miss
1597 http fetch GET 200 https://registry.npmjs.org/type-fest 286ms (cache revalidated)
1598 silly packumentCache full:https://registry.npmjs.org/type-fest set size:560517 disposed:false
1599 silly fetch manifest chokidar@^3.6.0
1600 silly packumentCache full:https://registry.npmjs.org/chokidar cache-miss
1601 http cache https://registry.npmjs.org/chokidar 14ms (cache hit)
1602 silly packumentCache full:https://registry.npmjs.org/chokidar set size:255902 disposed:false
1603 silly fetch manifest lilconfig@^3.1.3
1604 silly packumentCache full:https://registry.npmjs.org/lilconfig cache-miss
1605 http fetch GET 200 https://registry.npmjs.org/@types%2fmdast 542ms (cache revalidated)
1606 silly packumentCache full:https://registry.npmjs.org/@types%2fmdast set size:47479 disposed:false
1607 silly fetch manifest didyoumean@^1.2.2
1608 silly packumentCache full:https://registry.npmjs.org/didyoumean cache-miss
1609 http fetch GET 200 https://registry.npmjs.org/client-only 331ms (cache revalidated)
1610 silly packumentCache full:https://registry.npmjs.org/client-only set size:2750 disposed:false
1611 silly fetch manifest postcss-js@^4.0.1
1612 silly packumentCache full:https://registry.npmjs.org/postcss-js cache-miss
1613 http fetch GET 200 https://registry.npmjs.org/dlv 421ms (cache revalidated)
1614 silly packumentCache full:https://registry.npmjs.org/dlv set size:16709 disposed:false
1615 silly fetch manifest glob-parent@^6.0.2
1616 silly packumentCache full:https://registry.npmjs.org/glob-parent cache-hit
1617 silly fetch manifest object-hash@^3.0.0
1618 silly packumentCache full:https://registry.npmjs.org/object-hash cache-miss
1619 http fetch GET 200 https://registry.npmjs.org/lilconfig 286ms (cache revalidated)
1620 silly packumentCache full:https://registry.npmjs.org/lilconfig set size:45636 disposed:false
1621 silly fetch manifest normalize-path@^3.0.0
1622 silly packumentCache full:https://registry.npmjs.org/normalize-path cache-miss
1623 http fetch GET 200 https://registry.npmjs.org/resolve 347ms (cache revalidated)
1624 silly packumentCache full:https://registry.npmjs.org/resolve set size:244568 disposed:false
1625 silly fetch manifest postcss-import@^15.1.0
1626 silly packumentCache full:https://registry.npmjs.org/postcss-import cache-miss
1627 http fetch GET 200 https://registry.npmjs.org/sucrase 353ms (cache revalidated)
1628 silly packumentCache full:https://registry.npmjs.org/sucrase set size:449399 disposed:false
1629 silly fetch manifest postcss-nested@^6.2.0
1630 silly packumentCache full:https://registry.npmjs.org/postcss-nested cache-miss
1631 http fetch GET 200 https://registry.npmjs.org/is-glob 389ms (cache revalidated)
1632 silly packumentCache full:https://registry.npmjs.org/is-glob set size:40530 disposed:false
1633 silly fetch manifest @alloc/quick-lru@^5.2.0
1634 silly packumentCache full:https://registry.npmjs.org/@alloc%2fquick-lru cache-miss
1635 http fetch GET 200 https://registry.npmjs.org/didyoumean 281ms (cache revalidated)
1636 silly packumentCache full:https://registry.npmjs.org/didyoumean set size:11446 disposed:false
1637 silly fetch manifest postcss-load-config@^4.0.2 || ^5.0 || ^6.0
1638 silly packumentCache full:https://registry.npmjs.org/postcss-load-config cache-miss
1639 http fetch GET 200 https://registry.npmjs.org/postcss-js 296ms (cache revalidated)
1640 silly packumentCache full:https://registry.npmjs.org/postcss-js set size:51308 disposed:false
1641 silly fetch manifest postcss-selector-parser@^6.1.2
1642 silly packumentCache full:https://registry.npmjs.org/postcss-selector-parser cache-miss
1643 http fetch GET 200 https://registry.npmjs.org/object-hash 304ms (cache revalidated)
1644 silly packumentCache full:https://registry.npmjs.org/object-hash set size:100564 disposed:false
1645 silly fetch manifest @radix-ui/react-dialog@^1.1.1
1646 silly packumentCache full:https://registry.npmjs.org/@radix-ui%2freact-dialog cache-miss
1647 http cache https://registry.npmjs.org/@radix-ui%2freact-dialog 23ms (cache hit)
1648 silly packumentCache full:https://registry.npmjs.org/@radix-ui%2freact-dialog set size:1036325 disposed:false
1649 silly fetch manifest fdir@^6.4.4
1650 silly packumentCache full:https://registry.npmjs.org/fdir cache-miss
1651 http fetch GET 200 https://registry.npmjs.org/postcss-nested 284ms (cache revalidated)
1652 silly packumentCache full:https://registry.npmjs.org/postcss-nested set size:79120 disposed:false
1653 silly fetch manifest rollup@^4.34.9
1654 silly packumentCache full:https://registry.npmjs.org/rollup cache-miss
1655 http fetch GET 200 https://registry.npmjs.org/normalize-path 331ms (cache revalidated)
1656 silly packumentCache full:https://registry.npmjs.org/normalize-path set size:28713 disposed:false
1657 silly fetch manifest esbuild@^0.25.0
1658 silly packumentCache full:https://registry.npmjs.org/esbuild cache-miss
1659 http fetch GET 200 https://registry.npmjs.org/postcss-load-config 294ms (cache revalidated)
1660 silly packumentCache full:https://registry.npmjs.org/postcss-load-config set size:86425 disposed:false
1661 silly fetch manifest picomatch@^4.0.2
1662 silly packumentCache full:https://registry.npmjs.org/picomatch cache-hit
1663 silly fetch manifest tinyglobby@^0.2.13
1664 silly packumentCache full:https://registry.npmjs.org/tinyglobby cache-hit
1665 silly fetch manifest fsevents@~2.3.3
1666 silly packumentCache full:https://registry.npmjs.org/fsevents cache-miss
1667 http fetch GET 200 https://registry.npmjs.org/postcss-import 350ms (cache revalidated)
1668 silly packumentCache full:https://registry.npmjs.org/postcss-import set size:120971 disposed:false
1669 silly fetch manifest debug@^4.1.1
1670 silly packumentCache full:https://registry.npmjs.org/debug cache-hit
1671 silly fetch manifest globrex@^0.1.2
1672 silly packumentCache full:https://registry.npmjs.org/globrex cache-miss
1673 http fetch GET 200 https://registry.npmjs.org/postcss-selector-parser 341ms (cache revalidated)
1674 silly packumentCache full:https://registry.npmjs.org/postcss-selector-parser set size:177140 disposed:false
1675 silly fetch manifest tsconfck@^3.0.3
1676 silly packumentCache full:https://registry.npmjs.org/tsconfck cache-miss
1677 http fetch GET 200 https://registry.npmjs.org/fdir 287ms (cache revalidated)
1678 silly packumentCache full:https://registry.npmjs.org/fdir set size:136182 disposed:false
1679 silly fetch manifest chai@^5.2.0
1680 silly packumentCache full:https://registry.npmjs.org/chai cache-miss
1681 http fetch GET 200 https://registry.npmjs.org/esbuild 331ms (cache revalidated)
1682 silly packumentCache full:https://registry.npmjs.org/esbuild set size:1254708 disposed:false
1683 silly fetch manifest debug@^4.4.1
1684 silly packumentCache full:https://registry.npmjs.org/debug cache-hit
1685 silly fetch manifest pathe@^2.0.3
1686 silly packumentCache full:https://registry.npmjs.org/pathe cache-hit
1687 silly fetch manifest std-env@^3.9.0
1688 silly packumentCache full:https://registry.npmjs.org/std-env cache-miss
1689 http fetch GET 200 https://registry.npmjs.org/rollup 392ms (cache revalidated)
1690 silly packumentCache full:https://registry.npmjs.org/rollup set size:6193699 disposed:false
1691 silly fetch manifest tinyexec@^0.3.2
1692 silly packumentCache full:https://registry.npmjs.org/tinyexec cache-miss
1693 http fetch GET 200 https://registry.npmjs.org/globrex 489ms (cache revalidated)
1694 silly packumentCache full:https://registry.npmjs.org/globrex set size:19249 disposed:false
1695 silly fetch manifest tinypool@^1.1.1
1696 silly packumentCache full:https://registry.npmjs.org/tinypool cache-miss
1697 http fetch GET 200 https://registry.npmjs.org/@alloc%2fquick-lru 831ms (cache revalidated)
1698 silly packumentCache full:https://registry.npmjs.org/@alloc%2fquick-lru set size:7269 disposed:false
1699 silly fetch manifest tinybench@^2.9.0
1700 silly packumentCache full:https://registry.npmjs.org/tinybench cache-miss
1701 http fetch GET 200 https://registry.npmjs.org/fsevents 521ms (cache revalidated)
1702 silly packumentCache full:https://registry.npmjs.org/fsevents set size:182472 disposed:false
1703 silly fetch manifest vite-node@3.2.4
1704 silly packumentCache full:https://registry.npmjs.org/vite-node cache-miss
1705 http fetch GET 200 https://registry.npmjs.org/tsconfck 425ms (cache revalidated)
1706 silly packumentCache full:https://registry.npmjs.org/tsconfck set size:171757 disposed:false
1707 silly fetch manifest @types/chai@^5.2.2
1708 silly packumentCache full:https://registry.npmjs.org/@types%2fchai cache-miss
1709 http fetch GET 200 https://registry.npmjs.org/chai 317ms (cache revalidated)
1710 silly packumentCache full:https://registry.npmjs.org/chai set size:232540 disposed:false
1711 silly fetch manifest @vitest/spy@3.2.4
1712 silly packumentCache full:https://registry.npmjs.org/@vitest%2fspy cache-miss
1713 http cache https://registry.npmjs.org/vite-node 50ms (cache hit)
1714 silly packumentCache full:https://registry.npmjs.org/vite-node set size:1079445 disposed:false
1715 silly fetch manifest expect-type@^1.2.1
1716 silly packumentCache full:https://registry.npmjs.org/expect-type cache-miss
1717 http fetch GET 200 https://registry.npmjs.org/std-env 463ms (cache revalidated)
1718 silly packumentCache full:https://registry.npmjs.org/std-env set size:88574 disposed:false
1719 silly fetch manifest tinyrainbow@^2.0.0
1720 silly packumentCache full:https://registry.npmjs.org/tinyrainbow cache-miss
1721 http fetch GET 200 https://registry.npmjs.org/tinyexec 323ms (cache revalidated)
1722 silly packumentCache full:https://registry.npmjs.org/tinyexec set size:51809 disposed:false
1723 silly fetch manifest magic-string@^0.30.17
1724 silly packumentCache full:https://registry.npmjs.org/magic-string cache-miss
1725 http fetch GET 200 https://registry.npmjs.org/tinypool 333ms (cache revalidated)
1726 silly packumentCache full:https://registry.npmjs.org/tinypool set size:90796 disposed:false
1727 silly fetch manifest @vitest/utils@3.2.4
1728 silly packumentCache full:https://registry.npmjs.org/@vitest%2futils cache-miss
1729 http fetch GET 200 https://registry.npmjs.org/expect-type 289ms (cache revalidated)
1730 silly packumentCache full:https://registry.npmjs.org/expect-type set size:185336 disposed:false
1731 silly fetch manifest @vitest/expect@3.2.4
1732 silly packumentCache full:https://registry.npmjs.org/@vitest%2fexpect cache-miss
1733 http fetch GET 200 https://registry.npmjs.org/tinybench 499ms (cache revalidated)
1734 silly packumentCache full:https://registry.npmjs.org/tinybench set size:145657 disposed:false
1735 silly fetch manifest @vitest/mocker@3.2.4
1736 silly packumentCache full:https://registry.npmjs.org/@vitest%2fmocker cache-miss
1737 http fetch GET 200 https://registry.npmjs.org/magic-string 301ms (cache revalidated)
1738 silly packumentCache full:https://registry.npmjs.org/magic-string set size:331817 disposed:false
1739 silly fetch manifest @vitest/runner@3.2.4
1740 silly packumentCache full:https://registry.npmjs.org/@vitest%2frunner cache-miss
1741 http fetch GET 200 https://registry.npmjs.org/tinyrainbow 341ms (cache revalidated)
1742 silly packumentCache full:https://registry.npmjs.org/tinyrainbow set size:23953 disposed:false
1743 silly fetch manifest @vitest/snapshot@3.2.4
1744 silly packumentCache full:https://registry.npmjs.org/@vitest%2fsnapshot cache-miss
1745 http fetch GET 200 https://registry.npmjs.org/@types%2fchai 646ms (cache revalidated)
1746 silly packumentCache full:https://registry.npmjs.org/@types%2fchai set size:226260 disposed:false
1747 silly fetch manifest why-is-node-running@^2.3.0
1748 silly packumentCache full:https://registry.npmjs.org/why-is-node-running cache-miss
1749 http fetch GET 200 https://registry.npmjs.org/@vitest%2fspy 676ms (cache revalidated)
1750 silly packumentCache full:https://registry.npmjs.org/@vitest%2fspy set size:428092 disposed:false
1751 silly fetch manifest @vitest/pretty-format@^3.2.4
1752 silly packumentCache full:https://registry.npmjs.org/@vitest%2fpretty-format cache-miss
1753 http fetch GET 200 https://registry.npmjs.org/why-is-node-running 311ms (cache revalidated)
1754 silly packumentCache full:https://registry.npmjs.org/why-is-node-running set size:50482 disposed:false
1755 silly fetch manifest property-expr@^2.0.5
1756 silly packumentCache full:https://registry.npmjs.org/property-expr cache-miss
1757 http fetch GET 200 https://registry.npmjs.org/@vitest%2fexpect 666ms (cache revalidated)
1758 silly packumentCache full:https://registry.npmjs.org/@vitest%2fexpect set size:462567 disposed:false
1759 silly fetch manifest tiny-case@^1.0.3
1760 silly packumentCache full:https://registry.npmjs.org/tiny-case cache-miss
1761 http fetch GET 200 https://registry.npmjs.org/@vitest%2fmocker 660ms (cache revalidated)
1762 silly packumentCache full:https://registry.npmjs.org/@vitest%2fmocker set size:300541 disposed:false
1763 silly fetch manifest toposort@^2.0.2
1764 silly packumentCache full:https://registry.npmjs.org/toposort cache-miss
1765 http fetch GET 200 https://registry.npmjs.org/property-expr 299ms (cache revalidated)
1766 silly packumentCache full:https://registry.npmjs.org/property-expr set size:35102 disposed:false
1767 silly fetch manifest type-fest@^2.19.0
1768 silly packumentCache full:https://registry.npmjs.org/type-fest cache-hit
1769 http fetch GET 200 https://registry.npmjs.org/@vitest%2fsnapshot 667ms (cache revalidated)
1770 silly packumentCache full:https://registry.npmjs.org/@vitest%2fsnapshot set size:437169 disposed:false
1771 http fetch GET 200 https://registry.npmjs.org/tiny-case 311ms (cache revalidated)
1772 silly packumentCache full:https://registry.npmjs.org/tiny-case set size:9476 disposed:false
1773 http fetch GET 200 https://registry.npmjs.org/@vitest%2fpretty-format 655ms (cache revalidated)
1774 silly packumentCache full:https://registry.npmjs.org/@vitest%2fpretty-format set size:260763 disposed:false
1775 http fetch GET 200 https://registry.npmjs.org/@vitest%2futils 1101ms (cache revalidated)
1776 silly packumentCache full:https://registry.npmjs.org/@vitest%2futils set size:551686 disposed:false
1777 http fetch GET 200 https://registry.npmjs.org/toposort 297ms (cache revalidated)
1778 silly packumentCache full:https://registry.npmjs.org/toposort set size:35502 disposed:false
1779 http fetch GET 200 https://registry.npmjs.org/@vitest%2frunner 921ms (cache revalidated)
1780 silly packumentCache full:https://registry.npmjs.org/@vitest%2frunner set size:449701 disposed:false
1781 silly placeDep ROOT @panva/hkdf@1.2.1 OK for: @auth/core@0.37.4 want: ^1.2.1
1782 silly placeDep ROOT jose@5.10.0 OK for: @auth/core@0.37.4 want: ^5.9.6
1783 silly placeDep ROOT oauth4webapi@3.8.6 OK for: @auth/core@0.37.4 want: ^3.1.1
1784 silly placeDep ROOT preact@10.24.3 OK for: @auth/core@0.37.4 want: 10.24.3
1785 silly placeDep ROOT preact-render-to-string@6.5.11 OK for: @auth/core@0.37.4 want: 6.5.11
1786 silly placeDep ROOT @babel/code-frame@7.29.0 OK for: @babel/core@7.29.0 want: ^7.29.0
1787 silly placeDep ROOT @babel/helper-compilation-targets@7.28.6 OK for: @babel/core@7.29.0 want: ^7.28.6
1788 silly placeDep ROOT @babel/helper-module-transforms@7.28.6 OK for: @babel/core@7.29.0 want: ^7.28.6
1789 silly placeDep ROOT @babel/helpers@7.29.2 OK for: @babel/core@7.29.0 want: ^7.28.6
1790 silly placeDep ROOT @babel/parser@7.29.3 OK for: @babel/core@7.29.0 want: ^7.29.0
1791 silly placeDep ROOT @babel/template@7.28.6 OK for: @babel/core@7.29.0 want: ^7.28.6
1792 silly placeDep ROOT @jridgewell/remapping@2.3.5 OK for: @babel/core@7.29.0 want: ^2.3.5
1793 silly placeDep ROOT convert-source-map@2.0.0 OK for: @babel/core@7.29.0 want: ^2.0.0
1794 silly placeDep ROOT debug@4.4.3 OK for: @babel/core@7.29.0 want: ^4.1.0
1795 silly placeDep ROOT gensync@1.0.0-beta.2 OK for: @babel/core@7.29.0 want: ^1.0.0-beta.2
1796 silly placeDep ROOT json5@2.2.3 OK for: @babel/core@7.29.0 want: ^2.2.3
1797 silly placeDep ROOT semver@6.3.1 OK for: @babel/core@7.29.0 want: ^6.3.1
1798 silly fetch manifest js-tokens@^4.0.0
1799 silly packumentCache full:https://registry.npmjs.org/js-tokens cache-miss
1800 silly fetch manifest lru-cache@^5.1.1
1801 silly packumentCache full:https://registry.npmjs.org/lru-cache cache-miss
1802 silly fetch manifest browserslist@^4.24.0
1803 silly packumentCache full:https://registry.npmjs.org/browserslist cache-hit
1804 silly fetch manifest @babel/compat-data@^7.28.6
1805 silly packumentCache full:https://registry.npmjs.org/@babel%2fcompat-data cache-miss
1806 silly fetch manifest @jridgewell/gen-mapping@^0.3.5
1807 silly packumentCache full:https://registry.npmjs.org/@jridgewell%2fgen-mapping cache-hit
1808 silly fetch manifest @jridgewell/trace-mapping@^0.3.24
1809 silly packumentCache full:https://registry.npmjs.org/@jridgewell%2ftrace-mapping cache-hit
1810 silly fetch manifest ms@^2.1.3
1811 silly packumentCache full:https://registry.npmjs.org/ms cache-miss
1812 http fetch GET 200 https://registry.npmjs.org/ms 53ms (cache revalidated)
1813 silly packumentCache full:https://registry.npmjs.org/ms set size:92208 disposed:false
1814 http fetch GET 200 https://registry.npmjs.org/js-tokens 383ms (cache revalidated)
1815 silly packumentCache full:https://registry.npmjs.org/js-tokens set size:41947 disposed:false
1816 http fetch GET 200 https://registry.npmjs.org/lru-cache 396ms (cache revalidated)
1817 silly packumentCache full:https://registry.npmjs.org/lru-cache set size:451987 disposed:false
1818 http fetch GET 200 https://registry.npmjs.org/@babel%2fcompat-data 578ms (cache revalidated)
1819 silly packumentCache full:https://registry.npmjs.org/@babel%2fcompat-data set size:311957 disposed:false
1820 silly placeDep ROOT @babel/helper-validator-identifier@7.28.5 OK for: @babel/code-frame@7.29.0 want: ^7.28.5
1821 silly placeDep ROOT js-tokens@4.0.0 OK for: @babel/code-frame@7.29.0 want: ^4.0.0
1822 silly placeDep ROOT picocolors@1.1.1 OK for: @babel/code-frame@7.29.0 want: ^1.1.1
1823 silly placeDep ROOT @jridgewell/gen-mapping@0.3.13 OK for: @babel/generator@7.29.1 want: ^0.3.12
1824 silly placeDep ROOT @jridgewell/trace-mapping@0.3.31 OK for: @babel/generator@7.29.1 want: ^0.3.28
1825 silly placeDep ROOT jsesc@3.1.0 OK for: @babel/generator@7.29.1 want: ^3.0.2
1826 silly fetch manifest @jridgewell/sourcemap-codec@^1.5.0
1827 silly packumentCache full:https://registry.npmjs.org/@jridgewell%2fsourcemap-codec cache-miss
1828 silly fetch manifest @jridgewell/resolve-uri@^3.1.0
1829 silly packumentCache full:https://registry.npmjs.org/@jridgewell%2fresolve-uri cache-miss
1830 silly fetch manifest @jridgewell/sourcemap-codec@^1.4.14
1831 silly packumentCache full:https://registry.npmjs.org/@jridgewell%2fsourcemap-codec cache-miss
1832 http fetch GET 200 https://registry.npmjs.org/@jridgewell%2fresolve-uri 676ms (cache revalidated)
1833 silly packumentCache full:https://registry.npmjs.org/@jridgewell%2fresolve-uri set size:57361 disposed:false
1834 http fetch GET 200 https://registry.npmjs.org/@jridgewell%2fsourcemap-codec 702ms (cache revalidated)
1835 silly packumentCache full:https://registry.npmjs.org/@jridgewell%2fsourcemap-codec set size:51856 disposed:false
1836 http fetch GET 200 https://registry.npmjs.org/@jridgewell%2fsourcemap-codec 713ms (cache revalidated)
1837 silly packumentCache full:https://registry.npmjs.org/@jridgewell%2fsourcemap-codec set size:51856 disposed:false
1838 silly packumentCache full:https://registry.npmjs.org/@jridgewell%2fsourcemap-codec dispose
1839 silly placeDep ROOT @babel/compat-data@7.29.3 OK for: @babel/helper-compilation-targets@7.28.6 want: ^7.28.6
1840 silly placeDep ROOT @babel/helper-validator-option@7.27.1 OK for: @babel/helper-compilation-targets@7.28.6 want: ^7.27.1
1841 silly placeDep ROOT browserslist@4.28.2 OK for: @babel/helper-compilation-targets@7.28.6 want: ^4.24.0
1842 silly placeDep ROOT lru-cache@5.1.1 OK for: @babel/helper-compilation-targets@7.28.6 want: ^5.1.1
1843 silly fetch manifest baseline-browser-mapping@^2.10.12
1844 silly packumentCache full:https://registry.npmjs.org/baseline-browser-mapping cache-miss
1845 silly fetch manifest caniuse-lite@^1.0.30001782
1846 silly packumentCache full:https://registry.npmjs.org/caniuse-lite cache-miss
1847 silly fetch manifest electron-to-chromium@^1.5.328
1848 silly packumentCache full:https://registry.npmjs.org/electron-to-chromium cache-miss
1849 silly fetch manifest node-releases@^2.0.36
1850 silly packumentCache full:https://registry.npmjs.org/node-releases cache-miss
1851 silly fetch manifest update-browserslist-db@^1.2.3
1852 silly packumentCache full:https://registry.npmjs.org/update-browserslist-db cache-miss
1853 silly fetch manifest yallist@^3.0.2
1854 silly packumentCache full:https://registry.npmjs.org/yallist cache-miss
1855 http cache https://registry.npmjs.org/caniuse-lite 48ms (cache hit)
1856 silly packumentCache full:https://registry.npmjs.org/caniuse-lite set size:2293068 disposed:false
1857 http fetch GET 200 https://registry.npmjs.org/yallist 89ms (cache revalidated)
1858 silly packumentCache full:https://registry.npmjs.org/yallist set size:34610 disposed:false
1859 http fetch GET 200 https://registry.npmjs.org/update-browserslist-db 339ms (cache revalidated)
1860 silly packumentCache full:https://registry.npmjs.org/update-browserslist-db set size:62000 disposed:false
1861 http fetch GET 200 https://registry.npmjs.org/baseline-browser-mapping 347ms (cache revalidated)
1862 silly packumentCache full:https://registry.npmjs.org/baseline-browser-mapping set size:486893 disposed:false
1863 http fetch GET 200 https://registry.npmjs.org/node-releases 368ms (cache updated)
1864 silly packumentCache full:https://registry.npmjs.org/node-releases set size:undefined disposed:false
1865 http fetch GET 200 https://registry.npmjs.org/electron-to-chromium 395ms (cache revalidated)
1866 silly packumentCache full:https://registry.npmjs.org/electron-to-chromium set size:4802773 disposed:false
1867 silly placeDep ROOT @babel/helper-module-imports@7.28.6 OK for: @babel/helper-module-transforms@7.28.6 want: ^7.28.6
1868 silly placeDep ROOT @babel/helper-annotate-as-pure@7.27.3 OK for: @babel/plugin-transform-react-jsx@7.28.6 want: ^7.27.3
1869 silly placeDep ROOT @babel/helper-plugin-utils@7.28.6 OK for: @babel/plugin-transform-react-jsx@7.28.6 want: ^7.28.6
1870 silly placeDep ROOT @babel/plugin-syntax-jsx@7.28.6 OK for: @babel/plugin-transform-react-jsx@7.28.6 want: ^7.28.6
1871 silly placeDep ROOT @babel/plugin-transform-react-display-name@7.28.0 OK for: @babel/preset-react@7.28.5 want: ^7.28.0
1872 silly placeDep ROOT @babel/plugin-transform-react-jsx-development@7.27.1 OK for: @babel/preset-react@7.28.5 want: ^7.27.1
1873 silly placeDep ROOT @babel/plugin-transform-react-pure-annotations@7.27.1 OK for: @babel/preset-react@7.28.5 want: ^7.27.1
1874 silly placeDep ROOT @babel/plugin-transform-modules-commonjs@7.28.6 OK for: @babel/preset-typescript@7.28.5 want: ^7.27.1
1875 silly placeDep ROOT @babel/plugin-transform-typescript@7.28.6 OK for: @babel/preset-typescript@7.28.5 want: ^7.28.5
1876 silly fetch manifest @babel/plugin-syntax-typescript@^7.28.6
1877 silly packumentCache full:https://registry.npmjs.org/@babel%2fplugin-syntax-typescript cache-miss
1878 silly fetch manifest @babel/helper-create-class-features-plugin@^7.28.6
1879 silly packumentCache full:https://registry.npmjs.org/@babel%2fhelper-create-class-features-plugin cache-miss
1880 silly fetch manifest @babel/helper-skip-transparent-expression-wrappers@^7.27.1
1881 silly packumentCache full:https://registry.npmjs.org/@babel%2fhelper-skip-transparent-expression-wrappers cache-miss
1882 http fetch GET 200 https://registry.npmjs.org/@babel%2fhelper-skip-transparent-expression-wrappers 673ms (cache revalidated)
1883 silly packumentCache full:https://registry.npmjs.org/@babel%2fhelper-skip-transparent-expression-wrappers set size:99419 disposed:false
1884 http fetch GET 200 https://registry.npmjs.org/@babel%2fplugin-syntax-typescript 687ms (cache revalidated)
1885 silly packumentCache full:https://registry.npmjs.org/@babel%2fplugin-syntax-typescript set size:210421 disposed:false
1886 http fetch GET 200 https://registry.npmjs.org/@babel%2fhelper-create-class-features-plugin 693ms (cache revalidated)
1887 silly packumentCache full:https://registry.npmjs.org/@babel%2fhelper-create-class-features-plugin set size:372214 disposed:false
1888 silly placeDep ROOT @babel/helper-create-class-features-plugin@7.29.3 OK for: @babel/plugin-transform-typescript@7.28.6 want: ^7.28.6
1889 silly placeDep ROOT @babel/helper-skip-transparent-expression-wrappers@7.27.1 OK for: @babel/plugin-transform-typescript@7.28.6 want: ^7.27.1
1890 silly placeDep ROOT @babel/plugin-syntax-typescript@7.28.6 OK for: @babel/plugin-transform-typescript@7.28.6 want: ^7.28.6
1891 silly fetch manifest @babel/helper-replace-supers@^7.28.6
1892 silly packumentCache full:https://registry.npmjs.org/@babel%2fhelper-replace-supers cache-miss
1893 silly fetch manifest @babel/helper-optimise-call-expression@^7.27.1
1894 silly packumentCache full:https://registry.npmjs.org/@babel%2fhelper-optimise-call-expression cache-miss
1895 silly fetch manifest @babel/helper-member-expression-to-functions@^7.28.5
1896 silly packumentCache full:https://registry.npmjs.org/@babel%2fhelper-member-expression-to-functions cache-miss
1897 http fetch GET 200 https://registry.npmjs.org/@babel%2fhelper-optimise-call-expression 674ms (cache revalidated)
1898 silly packumentCache full:https://registry.npmjs.org/@babel%2fhelper-optimise-call-expression set size:186686 disposed:false
1899 http fetch GET 200 https://registry.npmjs.org/@babel%2fhelper-replace-supers 690ms (cache revalidated)
1900 silly packumentCache full:https://registry.npmjs.org/@babel%2fhelper-replace-supers set size:261639 disposed:false
1901 http fetch GET 200 https://registry.npmjs.org/@babel%2fhelper-member-expression-to-functions 696ms (cache revalidated)
1902 silly packumentCache full:https://registry.npmjs.org/@babel%2fhelper-member-expression-to-functions set size:222818 disposed:false
1903 silly placeDep ROOT @babel/helper-member-expression-to-functions@7.28.5 OK for: @babel/helper-create-class-features-plugin@7.29.3 want: ^7.28.5
1904 silly placeDep ROOT @babel/helper-optimise-call-expression@7.27.1 OK for: @babel/helper-create-class-features-plugin@7.29.3 want: ^7.27.1
1905 silly placeDep ROOT @babel/helper-replace-supers@7.28.6 OK for: @babel/helper-create-class-features-plugin@7.29.3 want: ^7.28.6
1906 silly placeDep ROOT @babel/helper-globals@7.28.0 OK for: @babel/traverse@7.29.0 want: ^7.28.0
1907 silly placeDep ROOT @babel/helper-string-parser@7.27.1 OK for: @babel/types@7.29.0 want: ^7.27.1
1908 silly placeDep ROOT @chakra-ui/accordion@2.3.1 OK for: @chakra-ui/react@2.8.2 want: 2.3.1
1909 silly placeDep ROOT @chakra-ui/alert@2.2.2 OK for: @chakra-ui/react@2.8.2 want: 2.2.2
1910 silly placeDep ROOT @chakra-ui/avatar@2.3.0 OK for: @chakra-ui/react@2.8.2 want: 2.3.0
1911 silly placeDep ROOT @chakra-ui/breadcrumb@2.2.0 OK for: @chakra-ui/react@2.8.2 want: 2.2.0
1912 silly placeDep ROOT @chakra-ui/button@2.1.0 OK for: @chakra-ui/react@2.8.2 want: 2.1.0
1913 silly placeDep ROOT @chakra-ui/card@2.2.0 OK for: @chakra-ui/react@2.8.2 want: 2.2.0
1914 silly placeDep ROOT @chakra-ui/checkbox@2.3.2 OK for: @chakra-ui/react@2.8.2 want: 2.3.2
1915 silly placeDep ROOT @chakra-ui/close-button@2.1.1 OK for: @chakra-ui/react@2.8.2 want: 2.1.1
1916 silly placeDep ROOT @chakra-ui/control-box@2.1.0 OK for: @chakra-ui/react@2.8.2 want: 2.1.0
1917 silly placeDep ROOT @chakra-ui/counter@2.1.0 OK for: @chakra-ui/react@2.8.2 want: 2.1.0
1918 silly placeDep ROOT @chakra-ui/css-reset@2.3.0 OK for: @chakra-ui/react@2.8.2 want: 2.3.0
1919 silly placeDep ROOT @chakra-ui/editable@3.1.0 OK for: @chakra-ui/react@2.8.2 want: 3.1.0
1920 silly placeDep ROOT @chakra-ui/focus-lock@2.1.0 OK for: @chakra-ui/react@2.8.2 want: 2.1.0
1921 silly placeDep ROOT @chakra-ui/form-control@2.2.0 OK for: @chakra-ui/react@2.8.2 want: 2.2.0
1922 silly placeDep ROOT @chakra-ui/hooks@2.2.1 OK for: @chakra-ui/react@2.8.2 want: 2.2.1
1923 silly placeDep ROOT @chakra-ui/icon@3.2.0 OK for: @chakra-ui/react@2.8.2 want: 3.2.0
1924 silly placeDep ROOT @chakra-ui/image@2.1.0 OK for: @chakra-ui/react@2.8.2 want: 2.1.0
1925 silly placeDep ROOT @chakra-ui/input@2.1.2 OK for: @chakra-ui/react@2.8.2 want: 2.1.2
1926 silly placeDep ROOT @chakra-ui/layout@2.3.1 OK for: @chakra-ui/react@2.8.2 want: 2.3.1
1927 silly placeDep ROOT @chakra-ui/live-region@2.1.0 OK for: @chakra-ui/react@2.8.2 want: 2.1.0
1928 silly placeDep ROOT @chakra-ui/media-query@3.3.0 OK for: @chakra-ui/react@2.8.2 want: 3.3.0
1929 silly placeDep ROOT @chakra-ui/menu@2.2.1 OK for: @chakra-ui/react@2.8.2 want: 2.2.1
1930 silly placeDep ROOT @chakra-ui/modal@2.3.1 OK for: @chakra-ui/react@2.8.2 want: 2.3.1
1931 silly placeDep ROOT @chakra-ui/number-input@2.1.2 OK for: @chakra-ui/react@2.8.2 want: 2.1.2
1932 silly placeDep ROOT @chakra-ui/pin-input@2.1.0 OK for: @chakra-ui/react@2.8.2 want: 2.1.0
1933 silly placeDep ROOT @chakra-ui/popover@2.2.1 OK for: @chakra-ui/react@2.8.2 want: 2.2.1
1934 silly placeDep ROOT @chakra-ui/popper@3.1.0 OK for: @chakra-ui/react@2.8.2 want: 3.1.0
1935 silly placeDep ROOT @chakra-ui/portal@2.1.0 OK for: @chakra-ui/react@2.8.2 want: 2.1.0
1936 silly placeDep ROOT @chakra-ui/progress@2.2.0 OK for: @chakra-ui/react@2.8.2 want: 2.2.0
1937 silly placeDep ROOT @chakra-ui/provider@2.4.2 OK for: @chakra-ui/react@2.8.2 want: 2.4.2
1938 silly placeDep ROOT @chakra-ui/radio@2.1.2 OK for: @chakra-ui/react@2.8.2 want: 2.1.2
1939 silly placeDep ROOT @chakra-ui/react-env@3.1.0 OK for: @chakra-ui/react@2.8.2 want: 3.1.0
1940 silly placeDep ROOT @chakra-ui/select@2.1.2 OK for: @chakra-ui/react@2.8.2 want: 2.1.2
1941 silly placeDep ROOT @chakra-ui/skeleton@2.1.0 OK for: @chakra-ui/react@2.8.2 want: 2.1.0
1942 silly placeDep ROOT @chakra-ui/skip-nav@2.1.0 OK for: @chakra-ui/react@2.8.2 want: 2.1.0
1943 silly placeDep ROOT @chakra-ui/slider@2.1.0 OK for: @chakra-ui/react@2.8.2 want: 2.1.0
1944 silly placeDep ROOT @chakra-ui/spinner@2.1.0 OK for: @chakra-ui/react@2.8.2 want: 2.1.0
1945 silly placeDep ROOT @chakra-ui/stat@2.1.1 OK for: @chakra-ui/react@2.8.2 want: 2.1.1
1946 silly placeDep ROOT @chakra-ui/stepper@2.3.1 OK for: @chakra-ui/react@2.8.2 want: 2.3.1
1947 silly placeDep ROOT @chakra-ui/styled-system@2.9.2 OK for: @chakra-ui/react@2.8.2 want: 2.9.2
1948 silly placeDep ROOT @chakra-ui/switch@2.1.2 OK for: @chakra-ui/react@2.8.2 want: 2.1.2
1949 silly placeDep ROOT @chakra-ui/system@2.6.2 OK for: @chakra-ui/react@2.8.2 want: 2.6.2
1950 silly placeDep ROOT @chakra-ui/table@2.1.0 OK for: @chakra-ui/react@2.8.2 want: 2.1.0
1951 silly placeDep ROOT @chakra-ui/tabs@3.0.0 OK for: @chakra-ui/react@2.8.2 want: 3.0.0
1952 silly placeDep ROOT @chakra-ui/tag@3.1.1 OK for: @chakra-ui/react@2.8.2 want: 3.1.1
1953 silly placeDep ROOT @chakra-ui/textarea@2.1.2 OK for: @chakra-ui/react@2.8.2 want: 2.1.2
1954 silly placeDep ROOT @chakra-ui/theme@3.3.1 OK for: @chakra-ui/react@2.8.2 want: 3.3.1
1955 silly placeDep ROOT @chakra-ui/theme-utils@2.0.21 OK for: @chakra-ui/react@2.8.2 want: 2.0.21
1956 silly placeDep ROOT @chakra-ui/toast@7.0.2 OK for: @chakra-ui/react@2.8.2 want: 7.0.2
1957 silly placeDep ROOT @chakra-ui/tooltip@2.3.1 OK for: @chakra-ui/react@2.8.2 want: 2.3.1
1958 silly placeDep ROOT @chakra-ui/transition@2.1.0 OK for: @chakra-ui/react@2.8.2 want: 2.1.0
1959 silly placeDep ROOT @chakra-ui/utils@2.0.15 OK for: @chakra-ui/react@2.8.2 want: 2.0.15
1960 silly placeDep ROOT @chakra-ui/visually-hidden@2.2.0 OK for: @chakra-ui/react@2.8.2 want: 2.2.0
1961 silly fetch manifest @chakra-ui/descendant@3.1.0
1962 silly packumentCache full:https://registry.npmjs.org/@chakra-ui%2fdescendant cache-miss
1963 silly fetch manifest @chakra-ui/shared-utils@2.0.5
1964 silly packumentCache full:https://registry.npmjs.org/@chakra-ui%2fshared-utils cache-miss
1965 silly fetch manifest @chakra-ui/react-context@2.1.0
1966 silly packumentCache full:https://registry.npmjs.org/@chakra-ui%2freact-context cache-miss
1967 silly fetch manifest @chakra-ui/react-use-merge-refs@2.1.0
1968 silly packumentCache full:https://registry.npmjs.org/@chakra-ui%2freact-use-merge-refs cache-miss
1969 silly fetch manifest @chakra-ui/react-use-controllable-state@2.1.0
1970 silly packumentCache full:https://registry.npmjs.org/@chakra-ui%2freact-use-controllable-state cache-miss
1971 silly fetch manifest @chakra-ui/shared-utils@2.0.5
1972 silly packumentCache full:https://registry.npmjs.org/@chakra-ui%2fshared-utils cache-miss
1973 silly fetch manifest @chakra-ui/react-context@2.1.0
1974 silly packumentCache full:https://registry.npmjs.org/@chakra-ui%2freact-context cache-miss
1975 http fetch GET 200 https://registry.npmjs.org/@chakra-ui%2fshared-utils 729ms (cache revalidated)
1976 silly packumentCache full:https://registry.npmjs.org/@chakra-ui%2fshared-utils set size:246972 disposed:false
1977 silly fetch manifest @chakra-ui/react-context@2.1.0
1978 silly packumentCache full:https://registry.npmjs.org/@chakra-ui%2freact-context cache-miss
1979 http fetch GET 200 https://registry.npmjs.org/@chakra-ui%2fshared-utils 738ms (cache revalidated)
1980 silly packumentCache full:https://registry.npmjs.org/@chakra-ui%2fshared-utils set size:246972 disposed:false
1981 silly packumentCache full:https://registry.npmjs.org/@chakra-ui%2fshared-utils dispose
1982 silly fetch manifest @chakra-ui/react-children-utils@2.0.6
1983 silly packumentCache full:https://registry.npmjs.org/@chakra-ui%2freact-children-utils cache-miss
1984 http fetch GET 200 https://registry.npmjs.org/@chakra-ui%2freact-use-controllable-state 756ms (cache revalidated)
1985 silly packumentCache full:https://registry.npmjs.org/@chakra-ui%2freact-use-controllable-state set size:340907 disposed:false
1986 silly fetch manifest @chakra-ui/react-context@2.1.0
1987 silly packumentCache full:https://registry.npmjs.org/@chakra-ui%2freact-context cache-miss
1988 http fetch GET 200 https://registry.npmjs.org/@chakra-ui%2freact-use-merge-refs 767ms (cache revalidated)
1989 silly packumentCache full:https://registry.npmjs.org/@chakra-ui%2freact-use-merge-refs set size:269109 disposed:false
1990 silly fetch manifest @chakra-ui/react-children-utils@2.0.6
1991 silly packumentCache full:https://registry.npmjs.org/@chakra-ui%2freact-children-utils cache-miss
1992 http fetch GET 200 https://registry.npmjs.org/@chakra-ui%2freact-context 773ms (cache revalidated)
1993 silly packumentCache full:https://registry.npmjs.org/@chakra-ui%2freact-context set size:295527 disposed:false
1994 silly fetch manifest @zag-js/focus-visible@0.16.0
1995 silly packumentCache full:https://registry.npmjs.org/@zag-js%2ffocus-visible cache-miss
1996 http fetch GET 200 https://registry.npmjs.org/@chakra-ui%2freact-context 787ms (cache revalidated)
1997 silly packumentCache full:https://registry.npmjs.org/@chakra-ui%2freact-context set size:295527 disposed:false
1998 silly packumentCache full:https://registry.npmjs.org/@chakra-ui%2freact-context dispose
1999 silly fetch manifest @chakra-ui/react-types@2.0.7
2000 silly packumentCache full:https://registry.npmjs.org/@chakra-ui%2freact-types cache-miss
2001 http fetch GET 200 https://registry.npmjs.org/@chakra-ui%2fdescendant 798ms (cache revalidated)
2002 silly packumentCache full:https://registry.npmjs.org/@chakra-ui%2fdescendant set size:1049566 disposed:false
2003 silly fetch manifest @chakra-ui/react-use-callback-ref@2.1.0
2004 silly packumentCache full:https://registry.npmjs.org/@chakra-ui%2freact-use-callback-ref cache-miss
2005 http cache https://registry.npmjs.org/@chakra-ui%2freact-context 73ms (cache hit)
2006 silly packumentCache full:https://registry.npmjs.org/@chakra-ui%2freact-context set size:295527 disposed:true
2007 silly packumentCache full:https://registry.npmjs.org/@chakra-ui%2freact-context dispose
2008 silly fetch manifest @chakra-ui/react-use-update-effect@2.1.0
2009 silly packumentCache full:https://registry.npmjs.org/@chakra-ui%2freact-use-update-effect cache-miss
2010 http cache https://registry.npmjs.org/@chakra-ui%2freact-context 108ms (cache hit)
2011 silly packumentCache full:https://registry.npmjs.org/@chakra-ui%2freact-context set size:295527 disposed:true
2012 silly packumentCache full:https://registry.npmjs.org/@chakra-ui%2freact-context dispose
2013 silly fetch manifest @chakra-ui/react-use-safe-layout-effect@2.1.0
2014 silly packumentCache full:https://registry.npmjs.org/@chakra-ui%2freact-use-safe-layout-effect cache-miss
2015 http fetch GET 200 https://registry.npmjs.org/@chakra-ui%2freact-children-utils 768ms (cache revalidated)
2016 silly packumentCache full:https://registry.npmjs.org/@chakra-ui%2freact-children-utils set size:265212 disposed:false
2017 silly fetch manifest @chakra-ui/number-utils@2.0.7
2018 silly packumentCache full:https://registry.npmjs.org/@chakra-ui%2fnumber-utils cache-miss
2019 http fetch GET 200 https://registry.npmjs.org/@chakra-ui%2freact-children-utils 810ms (cache revalidated)
2020 silly packumentCache full:https://registry.npmjs.org/@chakra-ui%2freact-children-utils set size:265212 disposed:false
2021 silly packumentCache full:https://registry.npmjs.org/@chakra-ui%2freact-children-utils dispose
2022 silly fetch manifest @chakra-ui/react-use-callback-ref@2.1.0
2023 silly packumentCache full:https://registry.npmjs.org/@chakra-ui%2freact-use-callback-ref cache-miss
2024 http fetch GET 200 https://registry.npmjs.org/@chakra-ui%2freact-use-callback-ref 754ms (cache revalidated)
2025 silly packumentCache full:https://registry.npmjs.org/@chakra-ui%2freact-use-callback-ref set size:288375 disposed:false
2026 silly fetch manifest @chakra-ui/react-types@2.0.7
2027 silly packumentCache full:https://registry.npmjs.org/@chakra-ui%2freact-types cache-miss
2028 http fetch GET 200 https://registry.npmjs.org/@chakra-ui%2freact-types 782ms (cache revalidated)
2029 silly packumentCache full:https://registry.npmjs.org/@chakra-ui%2freact-types set size:203654 disposed:false
2030 silly fetch manifest @chakra-ui/react-use-update-effect@2.1.0
2031 silly packumentCache full:https://registry.npmjs.org/@chakra-ui%2freact-use-update-effect cache-miss
2032 http fetch GET 200 https://registry.npmjs.org/@zag-js%2ffocus-visible 801ms (cache revalidated)
2033 silly packumentCache full:https://registry.npmjs.org/@zag-js%2ffocus-visible set size:2061705 disposed:false
2034 silly fetch manifest @chakra-ui/react-use-safe-layout-effect@2.1.0
2035 silly packumentCache full:https://registry.npmjs.org/@chakra-ui%2freact-use-safe-layout-effect cache-miss
2036 http fetch GET 200 https://registry.npmjs.org/@chakra-ui%2freact-use-safe-layout-effect 777ms (cache revalidated)
2037 silly packumentCache full:https://registry.npmjs.org/@chakra-ui%2freact-use-safe-layout-effect set size:261391 disposed:false
2038 silly fetch manifest @chakra-ui/react-use-focus-on-pointer-down@2.1.0
2039 silly packumentCache full:https://registry.npmjs.org/@chakra-ui%2freact-use-focus-on-pointer-down cache-miss
2040 http fetch GET 200 https://registry.npmjs.org/@chakra-ui%2freact-use-update-effect 795ms (cache revalidated)
2041 silly packumentCache full:https://registry.npmjs.org/@chakra-ui%2freact-use-update-effect set size:280212 disposed:false
2042 silly fetch manifest react-focus-lock@^2.9.4
2043 silly packumentCache full:https://registry.npmjs.org/react-focus-lock cache-miss
2044 http cache https://registry.npmjs.org/@chakra-ui%2freact-use-callback-ref 154ms (cache hit)
2045 silly packumentCache full:https://registry.npmjs.org/@chakra-ui%2freact-use-callback-ref set size:288375 disposed:false
2046 silly packumentCache full:https://registry.npmjs.org/@chakra-ui%2freact-use-callback-ref dispose
2047 silly fetch manifest @chakra-ui/dom-utils@2.1.0
2048 silly packumentCache full:https://registry.npmjs.org/@chakra-ui%2fdom-utils cache-miss
2049 http cache https://registry.npmjs.org/@chakra-ui%2freact-types 152ms (cache hit)
2050 silly packumentCache full:https://registry.npmjs.org/@chakra-ui%2freact-types set size:203654 disposed:false
2051 silly packumentCache full:https://registry.npmjs.org/@chakra-ui%2freact-types dispose
2052 silly fetch manifest copy-to-clipboard@3.3.3
2053 silly packumentCache full:https://registry.npmjs.org/copy-to-clipboard cache-miss
2054 http cache https://registry.npmjs.org/@chakra-ui%2freact-use-safe-layout-effect 102ms (cache hit)
2055 silly packumentCache full:https://registry.npmjs.org/@chakra-ui%2freact-use-safe-layout-effect set size:261391 disposed:false
2056 silly packumentCache full:https://registry.npmjs.org/@chakra-ui%2freact-use-safe-layout-effect dispose
2057 silly fetch manifest @chakra-ui/react-utils@2.0.12
2058 silly packumentCache full:https://registry.npmjs.org/@chakra-ui%2freact-utils cache-miss
2059 http cache https://registry.npmjs.org/@chakra-ui%2freact-use-update-effect 157ms (cache hit)
2060 silly packumentCache full:https://registry.npmjs.org/@chakra-ui%2freact-use-update-effect set size:280212 disposed:false
2061 silly packumentCache full:https://registry.npmjs.org/@chakra-ui%2freact-use-update-effect dispose
2062 silly fetch manifest compute-scroll-into-view@3.0.3
2063 silly packumentCache full:https://registry.npmjs.org/compute-scroll-into-view cache-hit
2064 silly fetch manifest @chakra-ui/object-utils@2.1.0
2065 silly packumentCache full:https://registry.npmjs.org/@chakra-ui%2fobject-utils cache-miss
2066 http fetch GET 200 https://registry.npmjs.org/copy-to-clipboard 304ms (cache revalidated)
2067 silly packumentCache full:https://registry.npmjs.org/copy-to-clipboard set size:68194 disposed:false
2068 silly fetch manifest @chakra-ui/object-utils@2.1.0
2069 silly packumentCache full:https://registry.npmjs.org/@chakra-ui%2fobject-utils cache-miss
2070 http fetch GET 200 https://registry.npmjs.org/react-focus-lock 609ms (cache revalidated)
2071 silly packumentCache full:https://registry.npmjs.org/react-focus-lock set size:430956 disposed:false
2072 silly fetch manifest @chakra-ui/breakpoint-utils@2.0.8
2073 silly packumentCache full:https://registry.npmjs.org/@chakra-ui%2fbreakpoint-utils cache-miss
2074 http fetch GET 200 https://registry.npmjs.org/@chakra-ui%2fnumber-utils 809ms (cache revalidated)
2075 silly packumentCache full:https://registry.npmjs.org/@chakra-ui%2fnumber-utils set size:231275 disposed:false
2076 silly fetch manifest @chakra-ui/breakpoint-utils@2.0.8
2077 silly packumentCache full:https://registry.npmjs.org/@chakra-ui%2fbreakpoint-utils cache-miss
2078 http fetch GET 200 https://registry.npmjs.org/@chakra-ui%2freact-use-focus-on-pointer-down 745ms (cache revalidated)
2079 silly packumentCache full:https://registry.npmjs.org/@chakra-ui%2freact-use-focus-on-pointer-down set size:304886 disposed:false
2080 silly fetch manifest @chakra-ui/clickable@2.1.0
2081 silly packumentCache full:https://registry.npmjs.org/@chakra-ui%2fclickable cache-miss
2082 http fetch GET 200 https://registry.npmjs.org/@chakra-ui%2freact-utils 673ms (cache revalidated)
2083 silly packumentCache full:https://registry.npmjs.org/@chakra-ui%2freact-utils set size:395186 disposed:false
2084 silly fetch manifest @chakra-ui/lazy-utils@2.0.5
2085 silly packumentCache full:https://registry.npmjs.org/@chakra-ui%2flazy-utils cache-miss
2086 http fetch GET 200 https://registry.npmjs.org/@chakra-ui%2fobject-utils 696ms (cache revalidated)
2087 silly packumentCache full:https://registry.npmjs.org/@chakra-ui%2fobject-utils set size:287230 disposed:false
2088 silly fetch manifest @chakra-ui/react-use-disclosure@2.1.0
2089 silly packumentCache full:https://registry.npmjs.org/@chakra-ui%2freact-use-disclosure cache-miss
2090 http fetch GET 200 https://registry.npmjs.org/@chakra-ui%2fobject-utils 404ms (cache revalidated)
2091 silly packumentCache full:https://registry.npmjs.org/@chakra-ui%2fobject-utils set size:287230 disposed:false
2092 silly packumentCache full:https://registry.npmjs.org/@chakra-ui%2fobject-utils dispose
2093 silly fetch manifest @chakra-ui/react-use-focus-effect@2.1.0
2094 silly packumentCache full:https://registry.npmjs.org/@chakra-ui%2freact-use-focus-effect cache-miss
2095 http fetch GET 200 https://registry.npmjs.org/@chakra-ui%2fdom-utils 791ms (cache revalidated)
2096 silly packumentCache full:https://registry.npmjs.org/@chakra-ui%2fdom-utils set size:235063 disposed:false
2097 silly fetch manifest @chakra-ui/react-use-outside-click@2.2.0
2098 silly packumentCache full:https://registry.npmjs.org/@chakra-ui%2freact-use-outside-click cache-miss
2099 http fetch GET 200 https://registry.npmjs.org/@chakra-ui%2fbreakpoint-utils 557ms (cache revalidated)
2100 silly packumentCache full:https://registry.npmjs.org/@chakra-ui%2fbreakpoint-utils set size:268977 disposed:false
2101 silly fetch manifest @chakra-ui/react-use-animation-state@2.1.0
2102 silly packumentCache full:https://registry.npmjs.org/@chakra-ui%2freact-use-animation-state cache-miss
2103 http fetch GET 200 https://registry.npmjs.org/@chakra-ui%2fbreakpoint-utils 676ms (cache revalidated)
2104 silly packumentCache full:https://registry.npmjs.org/@chakra-ui%2fbreakpoint-utils set size:268977 disposed:false
2105 silly packumentCache full:https://registry.npmjs.org/@chakra-ui%2fbreakpoint-utils dispose
2106 silly fetch manifest aria-hidden@^1.2.3
2107 silly packumentCache full:https://registry.npmjs.org/aria-hidden cache-miss
2108 http fetch GET 200 https://registry.npmjs.org/@chakra-ui%2flazy-utils 624ms (cache revalidated)
2109 silly packumentCache full:https://registry.npmjs.org/@chakra-ui%2flazy-utils set size:202515 disposed:false
2110 silly fetch manifest react-remove-scroll@^2.5.6
2111 silly packumentCache full:https://registry.npmjs.org/react-remove-scroll cache-miss
2112 http fetch GET 200 https://registry.npmjs.org/@chakra-ui%2fclickable 695ms (cache revalidated)
2113 silly packumentCache full:https://registry.npmjs.org/@chakra-ui%2fclickable set size:912028 disposed:false
2114 silly fetch manifest @chakra-ui/react-use-interval@2.1.0
2115 silly packumentCache full:https://registry.npmjs.org/@chakra-ui%2freact-use-interval cache-miss
2116 http fetch GET 200 https://registry.npmjs.org/@chakra-ui%2freact-use-focus-effect 703ms (cache revalidated)
2117 silly packumentCache full:https://registry.npmjs.org/@chakra-ui%2freact-use-focus-effect set size:277021 disposed:false
2118 silly fetch manifest @chakra-ui/react-use-event-listener@2.1.0
2119 silly packumentCache full:https://registry.npmjs.org/@chakra-ui%2freact-use-event-listener cache-miss
2120 http fetch GET 200 https://registry.npmjs.org/@chakra-ui%2freact-use-outside-click 665ms (cache revalidated)
2121 silly packumentCache full:https://registry.npmjs.org/@chakra-ui%2freact-use-outside-click set size:236678 disposed:false
2122 silly fetch manifest @chakra-ui/react-use-disclosure@2.1.0
2123 silly packumentCache full:https://registry.npmjs.org/@chakra-ui%2freact-use-disclosure cache-miss
2124 http fetch GET 200 https://registry.npmjs.org/aria-hidden 310ms (cache revalidated)
2125 silly packumentCache full:https://registry.npmjs.org/aria-hidden set size:40391 disposed:false
2126 silly fetch manifest @chakra-ui/react-use-animation-state@2.1.0
2127 silly packumentCache full:https://registry.npmjs.org/@chakra-ui%2freact-use-animation-state cache-miss
2128 http fetch GET 200 https://registry.npmjs.org/react-remove-scroll 308ms (cache revalidated)
2129 silly packumentCache full:https://registry.npmjs.org/react-remove-scroll set size:147112 disposed:false
2130 silly fetch manifest @popperjs/core@^2.9.3
2131 silly packumentCache full:https://registry.npmjs.org/@popperjs%2fcore cache-miss
2132 http fetch GET 200 https://registry.npmjs.org/@popperjs%2fcore 91ms (cache revalidated)
2133 silly packumentCache full:https://registry.npmjs.org/@popperjs%2fcore set size:579534 disposed:false
2134 silly fetch manifest @chakra-ui/react-use-previous@2.1.0
2135 silly packumentCache full:https://registry.npmjs.org/@chakra-ui%2freact-use-previous cache-miss
2136 http fetch GET 200 https://registry.npmjs.org/@chakra-ui%2freact-use-disclosure 1115ms (cache revalidated)
2137 silly packumentCache full:https://registry.npmjs.org/@chakra-ui%2freact-use-disclosure set size:321156 disposed:false
2138 silly fetch manifest @chakra-ui/react-use-size@2.1.0
2139 silly packumentCache full:https://registry.npmjs.org/@chakra-ui%2freact-use-size cache-miss
2140 http fetch GET 200 https://registry.npmjs.org/@chakra-ui%2freact-use-disclosure 384ms (cache revalidated)
2141 silly packumentCache full:https://registry.npmjs.org/@chakra-ui%2freact-use-disclosure set size:321156 disposed:false
2142 silly packumentCache full:https://registry.npmjs.org/@chakra-ui%2freact-use-disclosure dispose
2143 silly fetch manifest @chakra-ui/react-use-pan-event@2.1.0
2144 silly packumentCache full:https://registry.npmjs.org/@chakra-ui%2freact-use-pan-event cache-miss
2145 http fetch GET 200 https://registry.npmjs.org/@chakra-ui%2freact-use-animation-state 665ms (cache revalidated)
2146 silly packumentCache full:https://registry.npmjs.org/@chakra-ui%2freact-use-animation-state set size:207007 disposed:false
2147 silly fetch manifest @chakra-ui/react-use-latest-ref@2.1.0
2148 silly packumentCache full:https://registry.npmjs.org/@chakra-ui%2freact-use-latest-ref cache-miss
2149 http fetch GET 200 https://registry.npmjs.org/@chakra-ui%2freact-use-animation-state 348ms (cache revalidated)
2150 silly packumentCache full:https://registry.npmjs.org/@chakra-ui%2freact-use-animation-state set size:207007 disposed:false
2151 silly packumentCache full:https://registry.npmjs.org/@chakra-ui%2freact-use-animation-state dispose
2152 silly fetch manifest csstype@^3.1.2
2153 silly packumentCache full:https://registry.npmjs.org/csstype cache-hit
2154 silly fetch manifest lodash.mergewith@4.6.2
2155 silly packumentCache full:https://registry.npmjs.org/lodash.mergewith cache-miss
2156 http fetch GET 200 https://registry.npmjs.org/@chakra-ui%2freact-use-interval 643ms (cache revalidated)
2157 silly packumentCache full:https://registry.npmjs.org/@chakra-ui%2freact-use-interval set size:200431 disposed:false
2158 silly fetch manifest react-fast-compare@3.2.2
2159 silly packumentCache full:https://registry.npmjs.org/react-fast-compare cache-miss
2160 http fetch GET 200 https://registry.npmjs.org/@chakra-ui%2freact-use-event-listener 689ms (cache revalidated)
2161 silly packumentCache full:https://registry.npmjs.org/@chakra-ui%2freact-use-event-listener set size:282650 disposed:false
2162 silly fetch manifest @chakra-ui/color-mode@2.2.0
2163 silly packumentCache full:https://registry.npmjs.org/@chakra-ui%2fcolor-mode cache-miss
2164 http fetch GET 200 https://registry.npmjs.org/lodash.mergewith 362ms (cache revalidated)
2165 silly packumentCache full:https://registry.npmjs.org/lodash.mergewith set size:42135 disposed:false
2166 silly fetch manifest @chakra-ui/anatomy@2.2.2
2167 silly packumentCache full:https://registry.npmjs.org/@chakra-ui%2fanatomy cache-miss
2168 http fetch GET 200 https://registry.npmjs.org/react-fast-compare 324ms (cache revalidated)
2169 silly packumentCache full:https://registry.npmjs.org/react-fast-compare set size:94506 disposed:false
2170 silly fetch manifest @chakra-ui/theme-tools@2.1.2
2171 silly packumentCache full:https://registry.npmjs.org/@chakra-ui%2ftheme-tools cache-miss
2172 http fetch GET 200 https://registry.npmjs.org/@chakra-ui%2freact-use-previous 653ms (cache revalidated)
2173 silly packumentCache full:https://registry.npmjs.org/@chakra-ui%2freact-use-previous set size:208117 disposed:false
2174 silly fetch manifest @chakra-ui/react-use-timeout@2.1.0
2175 silly packumentCache full:https://registry.npmjs.org/@chakra-ui%2freact-use-timeout cache-miss
2176 http fetch GET 200 https://registry.npmjs.org/@chakra-ui%2freact-use-pan-event 635ms (cache revalidated)
2177 silly packumentCache full:https://registry.npmjs.org/@chakra-ui%2freact-use-pan-event set size:335332 disposed:false
2178 silly fetch manifest framesync@6.1.2
2179 silly packumentCache full:https://registry.npmjs.org/framesync cache-miss
2180 http fetch GET 200 https://registry.npmjs.org/@chakra-ui%2freact-use-size 666ms (cache revalidated)
2181 silly packumentCache full:https://registry.npmjs.org/@chakra-ui%2freact-use-size set size:413617 disposed:false
2182 silly fetch manifest css-box-model@1.2.1
2183 silly packumentCache full:https://registry.npmjs.org/css-box-model cache-miss
2184 http fetch GET 200 https://registry.npmjs.org/@chakra-ui%2freact-use-latest-ref 651ms (cache revalidated)
2185 silly packumentCache full:https://registry.npmjs.org/@chakra-ui%2freact-use-latest-ref set size:123536 disposed:false
2186 silly fetch manifest @types/lodash.mergewith@4.6.7
2187 silly packumentCache full:https://registry.npmjs.org/@types%2flodash.mergewith cache-miss
2188 http fetch GET 200 https://registry.npmjs.org/css-box-model 357ms (cache revalidated)
2189 silly packumentCache full:https://registry.npmjs.org/css-box-model set size:67408 disposed:false
2190 http fetch GET 200 https://registry.npmjs.org/framesync 380ms (cache revalidated)
2191 silly packumentCache full:https://registry.npmjs.org/framesync set size:118654 disposed:false
2192 http fetch GET 200 https://registry.npmjs.org/@chakra-ui%2fcolor-mode 748ms (cache revalidated)
2193 silly packumentCache full:https://registry.npmjs.org/@chakra-ui%2fcolor-mode set size:1517451 disposed:false
2194 http fetch GET 200 https://registry.npmjs.org/@chakra-ui%2fanatomy 641ms (cache revalidated)
2195 silly packumentCache full:https://registry.npmjs.org/@chakra-ui%2fanatomy set size:824467 disposed:false
2196 http fetch GET 200 https://registry.npmjs.org/@chakra-ui%2ftheme-tools 636ms (cache revalidated)
2197 silly packumentCache full:https://registry.npmjs.org/@chakra-ui%2ftheme-tools set size:1562538 disposed:false
2198 http fetch GET 200 https://registry.npmjs.org/@types%2flodash.mergewith 533ms (cache revalidated)
2199 silly packumentCache full:https://registry.npmjs.org/@types%2flodash.mergewith set size:20498 disposed:false
2200 http fetch GET 200 https://registry.npmjs.org/@chakra-ui%2freact-use-timeout 668ms (cache revalidated)
2201 silly packumentCache full:https://registry.npmjs.org/@chakra-ui%2freact-use-timeout set size:203198 disposed:false
2202 silly placeDep ROOT @chakra-ui/descendant@3.1.0 OK for: @chakra-ui/accordion@2.3.1 want: 3.1.0
2203 silly placeDep ROOT @chakra-ui/react-context@2.1.0 OK for: @chakra-ui/accordion@2.3.1 want: 2.1.0
2204 silly placeDep ROOT @chakra-ui/react-use-controllable-state@2.1.0 OK for: @chakra-ui/accordion@2.3.1 want: 2.1.0
2205 silly placeDep ROOT @chakra-ui/react-use-merge-refs@2.1.0 OK for: @chakra-ui/accordion@2.3.1 want: 2.1.0
2206 silly placeDep ROOT @chakra-ui/shared-utils@2.0.5 OK for: @chakra-ui/accordion@2.3.1 want: 2.0.5
2207 silly placeDep ROOT @chakra-ui/react-children-utils@2.0.6 OK for: @chakra-ui/avatar@2.3.0 want: 2.0.6
2208 silly placeDep ROOT @chakra-ui/react-types@2.0.7 OK for: @chakra-ui/checkbox@2.3.2 want: 2.0.7
2209 silly placeDep ROOT @chakra-ui/react-use-callback-ref@2.1.0 OK for: @chakra-ui/checkbox@2.3.2 want: 2.1.0
2210 silly placeDep ROOT @chakra-ui/react-use-safe-layout-effect@2.1.0 OK for: @chakra-ui/checkbox@2.3.2 want: 2.1.0
2211 silly placeDep ROOT @chakra-ui/react-use-update-effect@2.1.0 OK for: @chakra-ui/checkbox@2.3.2 want: 2.1.0
2212 silly placeDep ROOT @zag-js/focus-visible@0.16.0 OK for: @chakra-ui/checkbox@2.3.2 want: 0.16.0
2213 silly fetch manifest @zag-js/dom-query@0.16.0
2214 silly packumentCache full:https://registry.npmjs.org/@zag-js%2fdom-query cache-miss
2215 http fetch GET 200 https://registry.npmjs.org/@zag-js%2fdom-query 715ms (cache revalidated)
2216 silly packumentCache full:https://registry.npmjs.org/@zag-js%2fdom-query set size:1763905 disposed:false
2217 silly placeDep ROOT @chakra-ui/number-utils@2.0.7 OK for: @chakra-ui/counter@2.1.0 want: 2.0.7
2218 silly placeDep ROOT @chakra-ui/react-use-focus-on-pointer-down@2.1.0 OK for: @chakra-ui/editable@3.1.0 want: 2.1.0
2219 silly placeDep ROOT @chakra-ui/dom-utils@2.1.0 OK for: @chakra-ui/focus-lock@2.1.0 want: 2.1.0
2220 silly placeDep ROOT react-focus-lock@2.13.7 OK for: @chakra-ui/focus-lock@2.1.0 want: ^2.9.4
2221 silly fetch manifest @babel/runtime@^7.0.0
2222 silly packumentCache full:https://registry.npmjs.org/@babel%2fruntime cache-miss
2223 silly fetch manifest focus-lock@^1.3.6
2224 silly packumentCache full:https://registry.npmjs.org/focus-lock cache-miss
2225 silly fetch manifest prop-types@^15.6.2
2226 silly packumentCache full:https://registry.npmjs.org/prop-types cache-hit
2227 silly fetch manifest react-clientside-effect@^1.2.7
2228 silly packumentCache full:https://registry.npmjs.org/react-clientside-effect cache-miss
2229 silly fetch manifest use-callback-ref@^1.3.3
2230 silly packumentCache full:https://registry.npmjs.org/use-callback-ref cache-miss
2231 silly fetch manifest use-sidecar@^1.1.3
2232 silly packumentCache full:https://registry.npmjs.org/use-sidecar cache-miss
2233 http cache https://registry.npmjs.org/@babel%2fruntime 33ms (cache hit)
2234 silly packumentCache full:https://registry.npmjs.org/@babel%2fruntime set size:3404872 disposed:false
2235 http fetch GET 200 https://registry.npmjs.org/react-clientside-effect 298ms (cache revalidated)
2236 silly packumentCache full:https://registry.npmjs.org/react-clientside-effect set size:39922 disposed:false
2237 http fetch GET 200 https://registry.npmjs.org/use-sidecar 309ms (cache revalidated)
2238 silly packumentCache full:https://registry.npmjs.org/use-sidecar set size:58998 disposed:false
2239 http fetch GET 200 https://registry.npmjs.org/use-callback-ref 320ms (cache revalidated)
2240 silly packumentCache full:https://registry.npmjs.org/use-callback-ref set size:47599 disposed:false
2241 http fetch GET 200 https://registry.npmjs.org/focus-lock 328ms (cache revalidated)
2242 silly packumentCache full:https://registry.npmjs.org/focus-lock set size:169948 disposed:false
2243 silly placeDep ROOT @chakra-ui/react-utils@2.0.12 OK for: @chakra-ui/hooks@2.2.1 want: 2.0.12
2244 silly placeDep ROOT compute-scroll-into-view@3.0.3 OK for: @chakra-ui/hooks@2.2.1 want: 3.0.3
2245 silly placeDep ROOT copy-to-clipboard@3.3.3 OK for: @chakra-ui/hooks@2.2.1 want: 3.3.3
2246 silly fetch manifest toggle-selection@^1.0.6
2247 silly packumentCache full:https://registry.npmjs.org/toggle-selection cache-miss
2248 http fetch GET 200 https://registry.npmjs.org/toggle-selection 417ms (cache revalidated)
2249 silly packumentCache full:https://registry.npmjs.org/toggle-selection set size:14741 disposed:false
2250 silly placeDep ROOT @chakra-ui/object-utils@2.1.0 OK for: @chakra-ui/input@2.1.2 want: 2.1.0
2251 silly placeDep ROOT @chakra-ui/breakpoint-utils@2.0.8 OK for: @chakra-ui/layout@2.3.1 want: 2.0.8
2252 silly placeDep ROOT @chakra-ui/clickable@2.1.0 OK for: @chakra-ui/menu@2.2.1 want: 2.1.0
2253 silly placeDep ROOT @chakra-ui/lazy-utils@2.0.5 OK for: @chakra-ui/menu@2.2.1 want: 2.0.5
2254 silly placeDep ROOT @chakra-ui/react-use-animation-state@2.1.0 OK for: @chakra-ui/menu@2.2.1 want: 2.1.0
2255 silly placeDep ROOT @chakra-ui/react-use-disclosure@2.1.0 OK for: @chakra-ui/menu@2.2.1 want: 2.1.0
2256 silly placeDep ROOT @chakra-ui/react-use-focus-effect@2.1.0 OK for: @chakra-ui/menu@2.2.1 want: 2.1.0
2257 silly placeDep ROOT @chakra-ui/react-use-outside-click@2.2.0 OK for: @chakra-ui/menu@2.2.1 want: 2.2.0
2258 silly placeDep ROOT aria-hidden@1.2.6 OK for: @chakra-ui/modal@2.3.1 want: ^1.2.3
2259 silly placeDep ROOT react-remove-scroll@2.7.2 OK for: @chakra-ui/modal@2.3.1 want: ^2.5.6
2260 silly fetch manifest react-remove-scroll-bar@^2.3.7
2261 silly packumentCache full:https://registry.npmjs.org/react-remove-scroll-bar cache-miss
2262 silly fetch manifest react-style-singleton@^2.2.3
2263 silly packumentCache full:https://registry.npmjs.org/react-style-singleton cache-miss
2264 silly fetch manifest tslib@^2.1.0
2265 silly packumentCache full:https://registry.npmjs.org/tslib cache-hit
2266 http fetch GET 200 https://registry.npmjs.org/react-remove-scroll-bar 362ms (cache revalidated)
2267 silly packumentCache full:https://registry.npmjs.org/react-remove-scroll-bar set size:66434 disposed:false
2268 http fetch GET 200 https://registry.npmjs.org/react-style-singleton 375ms (cache revalidated)
2269 silly packumentCache full:https://registry.npmjs.org/react-style-singleton set size:33682 disposed:false
2270 silly placeDep ROOT @chakra-ui/react-use-event-listener@2.1.0 OK for: @chakra-ui/number-input@2.1.2 want: 2.1.0
2271 silly placeDep ROOT @chakra-ui/react-use-interval@2.1.0 OK for: @chakra-ui/number-input@2.1.2 want: 2.1.0
2272 silly placeDep ROOT @popperjs/core@2.11.8 OK for: @chakra-ui/popper@3.1.0 want: ^2.9.3
2273 silly placeDep ROOT @chakra-ui/react-use-previous@2.1.0 OK for: @chakra-ui/skeleton@2.1.0 want: 2.1.0
2274 silly placeDep ROOT @chakra-ui/react-use-latest-ref@2.1.0 OK for: @chakra-ui/slider@2.1.0 want: 2.1.0
2275 silly placeDep ROOT @chakra-ui/react-use-pan-event@2.1.0 OK for: @chakra-ui/slider@2.1.0 want: 2.1.0
2276 silly placeDep ROOT @chakra-ui/react-use-size@2.1.0 OK for: @chakra-ui/slider@2.1.0 want: 2.1.0
2277 silly fetch manifest @chakra-ui/event-utils@2.0.8
2278 silly packumentCache full:https://registry.npmjs.org/@chakra-ui%2fevent-utils cache-miss
2279 silly fetch manifest @zag-js/element-size@0.10.5
2280 silly packumentCache full:https://registry.npmjs.org/@zag-js%2felement-size cache-miss
2281 http fetch GET 200 https://registry.npmjs.org/@zag-js%2felement-size 667ms (cache revalidated)
2282 silly packumentCache full:https://registry.npmjs.org/@zag-js%2felement-size set size:1637838 disposed:false
2283 http fetch GET 200 https://registry.npmjs.org/@chakra-ui%2fevent-utils 713ms (cache revalidated)
2284 silly packumentCache full:https://registry.npmjs.org/@chakra-ui%2fevent-utils set size:263857 disposed:false
2285 silly placeDep ROOT @chakra-ui/event-utils@2.0.8 OK for: @chakra-ui/react-use-pan-event@2.1.0 want: 2.0.8
2286 silly placeDep ROOT framesync@6.1.2 OK for: @chakra-ui/react-use-pan-event@2.1.0 want: 6.1.2
2287 silly fetch manifest tslib@2.4.0
2288 silly packumentCache full:https://registry.npmjs.org/tslib cache-hit
2289 silly placeDep ROOT @zag-js/element-size@0.10.5 OK for: @chakra-ui/react-use-size@2.1.0 want: 0.10.5
2290 silly placeDep ROOT csstype@3.2.3 OK for: @chakra-ui/styled-system@2.9.2 want: ^3.1.2
2291 silly placeDep ROOT lodash.mergewith@4.6.2 OK for: @chakra-ui/styled-system@2.9.2 want: 4.6.2
2292 silly placeDep ROOT @chakra-ui/color-mode@2.2.0 OK for: @chakra-ui/system@2.6.2 want: 2.2.0
2293 silly placeDep ROOT react-fast-compare@3.2.2 OK for: @chakra-ui/system@2.6.2 want: 3.2.2
2294 silly placeDep ROOT @chakra-ui/anatomy@2.2.2 OK for: @chakra-ui/theme@3.3.1 want: 2.2.2
2295 silly placeDep ROOT @chakra-ui/theme-tools@2.1.2 OK for: @chakra-ui/theme@3.3.1 want: 2.1.2
2296 silly placeDep ROOT @chakra-ui/react-use-timeout@2.1.0 OK for: @chakra-ui/toast@7.0.2 want: 2.1.0
2297 silly placeDep ROOT @types/lodash.mergewith@4.6.7 OK for: @chakra-ui/utils@2.0.15 want: 4.6.7
2298 silly placeDep ROOT css-box-model@1.2.1 OK for: @chakra-ui/utils@2.0.15 want: 1.2.1
2299 silly fetch manifest @types/lodash@*
2300 silly packumentCache full:https://registry.npmjs.org/@types%2flodash cache-miss
2301 silly fetch manifest tiny-invariant@^1.0.6
2302 silly packumentCache full:https://registry.npmjs.org/tiny-invariant cache-hit
2303 http fetch GET 200 https://registry.npmjs.org/@types%2flodash 627ms (cache revalidated)
2304 silly packumentCache full:https://registry.npmjs.org/@types%2flodash set size:492271 disposed:false
2305 silly placeDep ROOT @dnd-kit/accessibility@3.1.1 OK for: @dnd-kit/core@6.3.1 want: ^3.1.1
2306 silly placeDep ROOT @dnd-kit/utilities@3.2.2 OK for: @dnd-kit/core@6.3.1 want: ^3.2.2
2307 silly placeDep ROOT tslib@2.8.1 OK for: @dnd-kit/core@6.3.1 want: ^2.0.0
2308 silly placeDep ROOT @babel/runtime@7.29.2 OK for: @emotion/react@11.11.4 want: ^7.18.3
2309 silly placeDep ROOT @emotion/babel-plugin@11.13.5 OK for: @emotion/react@11.11.4 want: ^11.11.0
2310 silly placeDep ROOT @emotion/cache@11.14.0 OK for: @emotion/react@11.11.4 want: ^11.11.0
2311 silly placeDep ROOT @emotion/serialize@1.3.3 OK for: @emotion/react@11.11.4 want: ^1.1.3
2312 silly placeDep ROOT @emotion/use-insertion-effect-with-fallbacks@1.2.0 OK for: @emotion/react@11.11.4 want: ^1.0.1
2313 silly placeDep ROOT @emotion/utils@1.4.2 OK for: @emotion/react@11.11.4 want: ^1.2.1
2314 silly placeDep ROOT @emotion/weak-memoize@0.3.1 OK for: @emotion/react@11.11.4 want: ^0.3.1
2315 silly placeDep ROOT hoist-non-react-statics@3.3.2 OK for: @emotion/react@11.11.4 want: ^3.3.1
2316 silly fetch manifest stylis@4.2.0
2317 silly packumentCache full:https://registry.npmjs.org/stylis cache-miss
2318 silly fetch manifest find-root@^1.1.0
2319 silly packumentCache full:https://registry.npmjs.org/find-root cache-miss
2320 silly fetch manifest source-map@^0.5.7
2321 silly packumentCache full:https://registry.npmjs.org/source-map cache-miss
2322 silly fetch manifest @emotion/hash@^0.9.2
2323 silly packumentCache full:https://registry.npmjs.org/@emotion%2fhash cache-miss
2324 silly fetch manifest @emotion/memoize@^0.9.0
2325 silly packumentCache full:https://registry.npmjs.org/@emotion%2fmemoize cache-miss
2326 silly fetch manifest @emotion/serialize@^1.3.3
2327 silly packumentCache full:https://registry.npmjs.org/@emotion%2fserialize cache-hit
2328 silly fetch manifest convert-source-map@^1.5.0
2329 silly packumentCache full:https://registry.npmjs.org/convert-source-map cache-hit
2330 silly fetch manifest babel-plugin-macros@^3.1.0
2331 silly packumentCache full:https://registry.npmjs.org/babel-plugin-macros cache-miss
2332 silly fetch manifest escape-string-regexp@^4.0.0
2333 silly packumentCache full:https://registry.npmjs.org/escape-string-regexp cache-hit
2334 silly fetch manifest stylis@4.2.0
2335 silly packumentCache full:https://registry.npmjs.org/stylis cache-miss
2336 http fetch GET 200 https://registry.npmjs.org/source-map 68ms (cache revalidated)
2337 silly packumentCache full:https://registry.npmjs.org/source-map set size:226212 disposed:false
2338 silly fetch manifest @emotion/sheet@^1.4.0
2339 silly packumentCache full:https://registry.npmjs.org/@emotion%2fsheet cache-miss
2340 http fetch GET 200 https://registry.npmjs.org/babel-plugin-macros 411ms (cache revalidated)
2341 silly packumentCache full:https://registry.npmjs.org/babel-plugin-macros set size:124320 disposed:false
2342 silly fetch manifest @emotion/utils@^1.4.2
2343 silly packumentCache full:https://registry.npmjs.org/@emotion%2futils cache-hit
2344 silly fetch manifest @emotion/memoize@^0.9.0
2345 silly packumentCache full:https://registry.npmjs.org/@emotion%2fmemoize cache-miss
2346 http fetch GET 200 https://registry.npmjs.org/stylis 440ms (cache revalidated)
2347 silly packumentCache full:https://registry.npmjs.org/stylis set size:338111 disposed:false
2348 silly fetch manifest @emotion/weak-memoize@^0.4.0
2349 silly packumentCache full:https://registry.npmjs.org/@emotion%2fweak-memoize cache-hit
2350 silly fetch manifest @emotion/hash@^0.9.2
2351 silly packumentCache full:https://registry.npmjs.org/@emotion%2fhash cache-miss
2352 http fetch GET 200 https://registry.npmjs.org/stylis 443ms (cache revalidated)
2353 silly packumentCache full:https://registry.npmjs.org/stylis set size:338111 disposed:false
2354 silly packumentCache full:https://registry.npmjs.org/stylis dispose
2355 silly fetch manifest @emotion/memoize@^0.9.0
2356 silly packumentCache full:https://registry.npmjs.org/@emotion%2fmemoize cache-miss
2357 http fetch GET 200 https://registry.npmjs.org/find-root 543ms (cache revalidated)
2358 silly packumentCache full:https://registry.npmjs.org/find-root set size:9367 disposed:false
2359 silly fetch manifest @emotion/unitless@^0.10.0
2360 silly packumentCache full:https://registry.npmjs.org/@emotion%2funitless cache-miss
2361 http fetch GET 200 https://registry.npmjs.org/@emotion%2fhash 201ms (cache revalidated)
2362 silly packumentCache full:https://registry.npmjs.org/@emotion%2fhash set size:40871 disposed:false
2363 silly fetch manifest react-is@^16.7.0
2364 silly packumentCache full:https://registry.npmjs.org/react-is cache-miss
2365 http fetch GET 200 https://registry.npmjs.org/@emotion%2fhash 660ms (cache revalidated)
2366 silly packumentCache full:https://registry.npmjs.org/@emotion%2fhash set size:40871 disposed:false
2367 silly packumentCache full:https://registry.npmjs.org/@emotion%2fhash dispose
2368 http fetch GET 200 https://registry.npmjs.org/@emotion%2fmemoize 250ms (cache revalidated)
2369 silly packumentCache full:https://registry.npmjs.org/@emotion%2fmemoize set size:42606 disposed:false
2370 http fetch GET 200 https://registry.npmjs.org/@emotion%2fmemoize 689ms (cache revalidated)
2371 silly packumentCache full:https://registry.npmjs.org/@emotion%2fmemoize set size:42606 disposed:false
2372 silly packumentCache full:https://registry.npmjs.org/@emotion%2fmemoize dispose
2373 http fetch GET 200 https://registry.npmjs.org/@emotion%2fmemoize 233ms (cache revalidated)
2374 silly packumentCache full:https://registry.npmjs.org/@emotion%2fmemoize set size:42606 disposed:true
2375 silly packumentCache full:https://registry.npmjs.org/@emotion%2fmemoize dispose
2376 http cache https://registry.npmjs.org/react-is 50ms (cache hit)
2377 silly packumentCache full:https://registry.npmjs.org/react-is set size:5380884 disposed:false
2378 http fetch GET 200 https://registry.npmjs.org/@emotion%2fsheet 746ms (cache revalidated)
2379 silly packumentCache full:https://registry.npmjs.org/@emotion%2fsheet set size:96778 disposed:false
2380 http fetch GET 200 https://registry.npmjs.org/@emotion%2funitless 670ms (cache revalidated)
2381 silly packumentCache full:https://registry.npmjs.org/@emotion%2funitless set size:45690 disposed:false
2382 silly placeDep ROOT @emotion/hash@0.9.2 OK for: @emotion/babel-plugin@11.13.5 want: ^0.9.2
2383 silly placeDep ROOT @emotion/memoize@0.9.0 OK for: @emotion/babel-plugin@11.13.5 want: ^0.9.0
2384 silly placeDep ROOT babel-plugin-macros@3.1.0 OK for: @emotion/babel-plugin@11.13.5 want: ^3.1.0
2385 silly placeDep node_modules/@emotion/babel-plugin convert-source-map@1.9.0 OK for: @emotion/babel-plugin@11.13.5 want: ^1.5.0
2386 silly placeDep ROOT escape-string-regexp@4.0.0 OK for: @emotion/babel-plugin@11.13.5 want: ^4.0.0
2387 silly placeDep ROOT find-root@1.1.0 OK for: @emotion/babel-plugin@11.13.5 want: ^1.1.0
2388 silly placeDep ROOT source-map@0.5.7 OK for: @emotion/babel-plugin@11.13.5 want: ^0.5.7
2389 silly placeDep ROOT stylis@4.2.0 OK for: @emotion/babel-plugin@11.13.5 want: 4.2.0
2390 silly fetch manifest cosmiconfig@^7.0.0
2391 silly packumentCache full:https://registry.npmjs.org/cosmiconfig cache-miss
2392 silly fetch manifest resolve@^1.19.0
2393 silly packumentCache full:https://registry.npmjs.org/resolve cache-hit
2394 http fetch GET 200 https://registry.npmjs.org/cosmiconfig 418ms (cache revalidated)
2395 silly packumentCache full:https://registry.npmjs.org/cosmiconfig set size:222324 disposed:false
2396 silly placeDep ROOT @emotion/sheet@1.4.0 OK for: @emotion/cache@11.14.0 want: ^1.4.0
2397 silly placeDep node_modules/@emotion/cache @emotion/weak-memoize@0.4.0 OK for: @emotion/cache@11.14.0 want: ^0.4.0
2398 silly placeDep ROOT @emotion/unitless@0.10.0 OK for: @emotion/serialize@1.3.3 want: ^0.10.0
2399 silly placeDep ROOT @emotion/is-prop-valid@1.4.0 OK for: @emotion/styled@11.11.0 want: ^1.2.1
2400 silly placeDep ROOT @jridgewell/sourcemap-codec@1.5.5 OK for: @jridgewell/gen-mapping@0.3.13 want: ^1.5.0
2401 silly placeDep ROOT @jridgewell/resolve-uri@3.1.2 OK for: @jridgewell/trace-mapping@0.3.31 want: ^3.1.0
2402 silly placeDep ROOT @hookform/resolvers@3.10.0 OK for: @lshay/ui@0.1.32 want: ^3.1.1
2403 silly placeDep ROOT @radix-ui/react-accordion@1.2.12 OK for: @lshay/ui@0.1.32 want: ^1.1.2
2404 silly placeDep ROOT @radix-ui/react-alert-dialog@1.1.15 OK for: @lshay/ui@0.1.32 want: ^1.0.4
2405 silly placeDep ROOT @radix-ui/react-aspect-ratio@1.1.8 OK for: @lshay/ui@0.1.32 want: ^1.0.3
2406 silly placeDep ROOT @radix-ui/react-avatar@1.1.11 OK for: @lshay/ui@0.1.32 want: ^1.0.3
2407 silly placeDep ROOT @radix-ui/react-checkbox@1.3.3 OK for: @lshay/ui@0.1.32 want: ^1.0.4
2408 silly placeDep ROOT @radix-ui/react-collapsible@1.1.12 OK for: @lshay/ui@0.1.32 want: ^1.0.3
2409 silly placeDep ROOT @radix-ui/react-context-menu@2.2.16 OK for: @lshay/ui@0.1.32 want: ^2.1.5
2410 silly placeDep ROOT @radix-ui/react-dialog@1.1.15 OK for: @lshay/ui@0.1.32 want: ^1.0.5
2411 silly placeDep ROOT @radix-ui/react-dropdown-menu@2.1.16 OK for: @lshay/ui@0.1.32 want: ^2.0.6
2412 silly placeDep ROOT @radix-ui/react-hover-card@1.1.15 OK for: @lshay/ui@0.1.32 want: ^1.0.7
2413 silly placeDep ROOT @radix-ui/react-label@2.1.8 OK for: @lshay/ui@0.1.32 want: ^2.0.2
2414 silly placeDep ROOT @radix-ui/react-menubar@1.1.16 OK for: @lshay/ui@0.1.32 want: ^1.0.4
2415 silly placeDep ROOT @radix-ui/react-navigation-menu@1.2.14 OK for: @lshay/ui@0.1.32 want: ^1.1.4
2416 silly placeDep ROOT @radix-ui/react-popover@1.1.15 OK for: @lshay/ui@0.1.32 want: ^1.0.7
2417 silly placeDep ROOT @radix-ui/react-progress@1.1.8 OK for: @lshay/ui@0.1.32 want: ^1.0.3
2418 silly placeDep ROOT @radix-ui/react-radio-group@1.3.8 OK for: @lshay/ui@0.1.32 want: ^1.1.3
2419 silly placeDep ROOT @radix-ui/react-scroll-area@1.2.10 OK for: @lshay/ui@0.1.32 want: ^1.0.5
2420 silly placeDep ROOT @radix-ui/react-select@2.2.6 OK for: @lshay/ui@0.1.32 want: ^2.0.0
2421 silly placeDep ROOT @radix-ui/react-separator@1.1.8 OK for: @lshay/ui@0.1.32 want: ^1.0.3
2422 silly placeDep ROOT @radix-ui/react-slider@1.3.6 OK for: @lshay/ui@0.1.32 want: ^1.1.2
2423 silly placeDep ROOT @radix-ui/react-slot@1.2.4 OK for: @lshay/ui@0.1.32 want: ^1.0.2
2424 silly placeDep ROOT @radix-ui/react-switch@1.2.6 OK for: @lshay/ui@0.1.32 want: ^1.0.3
2425 silly placeDep ROOT @radix-ui/react-tabs@1.1.13 OK for: @lshay/ui@0.1.32 want: ^1.0.4
2426 silly placeDep ROOT @radix-ui/react-toast@1.2.15 OK for: @lshay/ui@0.1.32 want: ^1.1.5
2427 silly placeDep ROOT @radix-ui/react-toggle@1.1.10 OK for: @lshay/ui@0.1.32 want: ^1.0.3
2428 silly placeDep ROOT @radix-ui/react-toggle-group@1.1.11 OK for: @lshay/ui@0.1.32 want: ^1.0.4
2429 silly placeDep ROOT @radix-ui/react-tooltip@1.2.8 OK for: @lshay/ui@0.1.32 want: ^1.0.7
2430 silly placeDep ROOT class-variance-authority@0.7.1 OK for: @lshay/ui@0.1.32 want: ^0.7.0
2431 silly placeDep ROOT clsx@2.1.1 OK for: @lshay/ui@0.1.32 want: ^2.1.0
2432 silly placeDep node_modules/@lshay/ui cmdk@0.2.1 OK for: @lshay/ui@0.1.32 want: ^0.2.1
2433 silly placeDep node_modules/@lshay/ui date-fns@2.30.0 OK for: @lshay/ui@0.1.32 want: ^2.30.0
2434 silly placeDep ROOT embla-carousel-react@8.0.0-rc15 OK for: @lshay/ui@0.1.32 want: 8.0.0-rc15
2435 silly placeDep ROOT input-otp@1.4.2 OK for: @lshay/ui@0.1.32 want: ^1.2.0
2436 silly placeDep ROOT next-themes@0.3.0 OK for: @lshay/ui@0.1.32 want: ^0.3.0
2437 silly placeDep node_modules/@lshay/ui react-day-picker@8.10.2 OK for: @lshay/ui@0.1.32 want: ^8.10.0
2438 silly placeDep node_modules/@lshay/ui react-resizable-panels@0.0.55 OK for: @lshay/ui@0.1.32 want: ^0.0.55
2439 silly placeDep node_modules/@lshay/ui sonner@1.7.4 OK for: @lshay/ui@0.1.32 want: ^1.3.1
2440 silly placeDep node_modules/@lshay/ui tailwind-merge@2.6.1 OK for: @lshay/ui@0.1.32 want: ^2.2.2
2441 silly placeDep ROOT undefined@0.1.0 OK for: @lshay/ui@0.1.32 want: ^0.1.0
2442 silly placeDep node_modules/@lshay/ui vaul@0.2.3 OK for: @lshay/ui@0.1.32 want: ^0.2.3
2443 silly fetch manifest @radix-ui/react-id@1.1.1
2444 silly packumentCache full:https://registry.npmjs.org/@radix-ui%2freact-id cache-hit
2445 silly fetch manifest @radix-ui/primitive@1.1.3
2446 silly packumentCache full:https://registry.npmjs.org/@radix-ui%2fprimitive cache-miss
2447 silly fetch manifest @radix-ui/react-context@1.1.2
2448 silly packumentCache full:https://registry.npmjs.org/@radix-ui%2freact-context cache-miss
2449 silly fetch manifest @radix-ui/react-direction@1.1.1
2450 silly packumentCache full:https://registry.npmjs.org/@radix-ui%2freact-direction cache-miss
2451 silly fetch manifest @radix-ui/react-primitive@2.1.3
2452 silly packumentCache full:https://registry.npmjs.org/@radix-ui%2freact-primitive cache-hit
2453 silly fetch manifest @radix-ui/react-collection@1.1.7
2454 silly packumentCache full:https://registry.npmjs.org/@radix-ui%2freact-collection cache-miss
2455 silly fetch manifest @radix-ui/react-collapsible@1.1.12
2456 silly packumentCache full:https://registry.npmjs.org/@radix-ui%2freact-collapsible cache-hit
2457 silly fetch manifest @radix-ui/react-compose-refs@1.1.2
2458 silly packumentCache full:https://registry.npmjs.org/@radix-ui%2freact-compose-refs cache-hit
2459 silly fetch manifest @radix-ui/react-use-controllable-state@1.2.2
2460 silly packumentCache full:https://registry.npmjs.org/@radix-ui%2freact-use-controllable-state cache-miss
2461 silly fetch manifest @radix-ui/primitive@1.1.3
2462 silly packumentCache full:https://registry.npmjs.org/@radix-ui%2fprimitive cache-miss
2463 silly fetch manifest @radix-ui/react-slot@1.2.3
2464 silly packumentCache full:https://registry.npmjs.org/@radix-ui%2freact-slot cache-hit
2465 silly fetch manifest @radix-ui/react-dialog@1.1.15
2466 silly packumentCache full:https://registry.npmjs.org/@radix-ui%2freact-dialog cache-miss
2467 http cache https://registry.npmjs.org/@radix-ui%2freact-dialog 32ms (cache hit)
2468 silly packumentCache full:https://registry.npmjs.org/@radix-ui%2freact-dialog set size:1036325 disposed:false
2469 silly fetch manifest @radix-ui/react-context@1.1.2
2470 silly packumentCache full:https://registry.npmjs.org/@radix-ui%2freact-context cache-miss
2471 http fetch GET 200 https://registry.npmjs.org/@radix-ui%2freact-direction 729ms (cache revalidated)
2472 silly packumentCache full:https://registry.npmjs.org/@radix-ui%2freact-direction set size:202714 disposed:false
2473 silly fetch manifest @radix-ui/react-primitive@2.1.4
2474 silly packumentCache full:https://registry.npmjs.org/@radix-ui%2freact-primitive cache-hit
2475 silly fetch manifest @radix-ui/react-context@1.1.3
2476 silly packumentCache full:https://registry.npmjs.org/@radix-ui%2freact-context cache-miss
2477 http fetch GET 200 https://registry.npmjs.org/@radix-ui%2freact-context 675ms (cache revalidated)
2478 silly packumentCache full:https://registry.npmjs.org/@radix-ui%2freact-context set size:266557 disposed:false
2479 silly fetch manifest @radix-ui/react-use-is-hydrated@0.1.0
2480 silly packumentCache full:https://registry.npmjs.org/@radix-ui%2freact-use-is-hydrated cache-miss
2481 http fetch GET 200 https://registry.npmjs.org/@radix-ui%2fprimitive 740ms (cache revalidated)
2482 silly packumentCache full:https://registry.npmjs.org/@radix-ui%2fprimitive set size:164617 disposed:false
2483 silly fetch manifest @radix-ui/react-use-callback-ref@1.1.1
2484 silly packumentCache full:https://registry.npmjs.org/@radix-ui%2freact-use-callback-ref cache-miss
2485 http fetch GET 200 https://registry.npmjs.org/@radix-ui%2freact-context 754ms (cache revalidated)
2486 silly packumentCache full:https://registry.npmjs.org/@radix-ui%2freact-context set size:266557 disposed:false
2487 silly packumentCache full:https://registry.npmjs.org/@radix-ui%2freact-context dispose
2488 silly fetch manifest @radix-ui/react-use-layout-effect@1.1.1
2489 silly packumentCache full:https://registry.npmjs.org/@radix-ui%2freact-use-layout-effect cache-miss
2490 http fetch GET 200 https://registry.npmjs.org/@radix-ui%2fprimitive 763ms (cache revalidated)
2491 silly packumentCache full:https://registry.npmjs.org/@radix-ui%2fprimitive set size:164617 disposed:false
2492 silly packumentCache full:https://registry.npmjs.org/@radix-ui%2fprimitive dispose
2493 silly fetch manifest @radix-ui/react-presence@1.1.5
2494 silly packumentCache full:https://registry.npmjs.org/@radix-ui%2freact-presence cache-miss
2495 http fetch GET 200 https://registry.npmjs.org/@radix-ui%2freact-collection 769ms (cache revalidated)
2496 silly packumentCache full:https://registry.npmjs.org/@radix-ui%2freact-collection set size:630833 disposed:false
2497 silly fetch manifest @radix-ui/react-use-size@1.1.1
2498 silly packumentCache full:https://registry.npmjs.org/@radix-ui%2freact-use-size cache-miss
2499 http fetch GET 200 https://registry.npmjs.org/@radix-ui%2freact-use-controllable-state 782ms (cache revalidated)
2500 silly packumentCache full:https://registry.npmjs.org/@radix-ui%2freact-use-controllable-state set size:296080 disposed:false
2501 silly fetch manifest @radix-ui/react-use-previous@1.1.1
2502 silly packumentCache full:https://registry.npmjs.org/@radix-ui%2freact-use-previous cache-miss
2503 http cache https://registry.npmjs.org/@radix-ui%2freact-context 78ms (cache hit)
2504 silly packumentCache full:https://registry.npmjs.org/@radix-ui%2freact-context set size:266557 disposed:true
2505 silly packumentCache full:https://registry.npmjs.org/@radix-ui%2freact-context dispose
2506 silly fetch manifest @radix-ui/react-presence@1.1.5
2507 silly packumentCache full:https://registry.npmjs.org/@radix-ui%2freact-presence cache-miss
2508 http fetch GET 200 https://registry.npmjs.org/@radix-ui%2freact-use-previous 757ms (cache revalidated)
2509 silly packumentCache full:https://registry.npmjs.org/@radix-ui%2freact-use-previous set size:285605 disposed:false
2510 silly fetch manifest @radix-ui/react-use-layout-effect@1.1.1
2511 silly packumentCache full:https://registry.npmjs.org/@radix-ui%2freact-use-layout-effect cache-miss
2512 http fetch GET 200 https://registry.npmjs.org/@radix-ui%2freact-presence 746ms (cache revalidated)
2513 silly packumentCache full:https://registry.npmjs.org/@radix-ui%2freact-presence set size:443830 disposed:false
2514 silly fetch manifest @radix-ui/react-menu@2.1.16
2515 silly packumentCache full:https://registry.npmjs.org/@radix-ui%2freact-menu cache-miss
2516 http fetch GET 200 https://registry.npmjs.org/@radix-ui%2freact-presence 813ms (cache revalidated)
2517 silly packumentCache full:https://registry.npmjs.org/@radix-ui%2freact-presence set size:443830 disposed:false
2518 silly packumentCache full:https://registry.npmjs.org/@radix-ui%2freact-presence dispose
2519 silly fetch manifest @radix-ui/react-use-callback-ref@1.1.1
2520 silly packumentCache full:https://registry.npmjs.org/@radix-ui%2freact-use-callback-ref cache-miss
2521 http fetch GET 200 https://registry.npmjs.org/@radix-ui%2freact-use-callback-ref 840ms (cache revalidated)
2522 silly packumentCache full:https://registry.npmjs.org/@radix-ui%2freact-use-callback-ref set size:212985 disposed:false
2523 silly fetch manifest @radix-ui/react-portal@1.1.9
2524 silly packumentCache full:https://registry.npmjs.org/@radix-ui%2freact-portal cache-miss
2525 http fetch GET 200 https://registry.npmjs.org/@radix-ui%2freact-use-layout-effect 842ms (cache revalidated)
2526 silly packumentCache full:https://registry.npmjs.org/@radix-ui%2freact-use-layout-effect set size:213388 disposed:false
2527 silly fetch manifest @radix-ui/react-focus-scope@1.1.7
2528 silly packumentCache full:https://registry.npmjs.org/@radix-ui%2freact-focus-scope cache-miss
2529 http fetch GET 200 https://registry.npmjs.org/@radix-ui%2freact-use-size 827ms (cache revalidated)
2530 silly packumentCache full:https://registry.npmjs.org/@radix-ui%2freact-use-size set size:272110 disposed:false
2531 silly fetch manifest @radix-ui/react-focus-guards@1.1.3
2532 silly packumentCache full:https://registry.npmjs.org/@radix-ui%2freact-focus-guards cache-miss
2533 http cache https://registry.npmjs.org/@radix-ui%2freact-use-layout-effect 64ms (cache hit)
2534 silly packumentCache full:https://registry.npmjs.org/@radix-ui%2freact-use-layout-effect set size:213388 disposed:false
2535 silly packumentCache full:https://registry.npmjs.org/@radix-ui%2freact-use-layout-effect dispose
2536 silly fetch manifest @radix-ui/react-dismissable-layer@1.1.11
2537 silly packumentCache full:https://registry.npmjs.org/@radix-ui%2freact-dismissable-layer cache-miss
2538 http cache https://registry.npmjs.org/@radix-ui%2freact-use-callback-ref 47ms (cache hit)
2539 silly packumentCache full:https://registry.npmjs.org/@radix-ui%2freact-use-callback-ref set size:212985 disposed:false
2540 silly packumentCache full:https://registry.npmjs.org/@radix-ui%2freact-use-callback-ref dispose
2541 silly fetch manifest @radix-ui/react-menu@2.1.16
2542 silly packumentCache full:https://registry.npmjs.org/@radix-ui%2freact-menu cache-miss
2543 http fetch GET 200 https://registry.npmjs.org/@radix-ui%2freact-use-is-hydrated 937ms (cache revalidated)
2544 silly packumentCache full:https://registry.npmjs.org/@radix-ui%2freact-use-is-hydrated set size:9125 disposed:false
2545 silly fetch manifest @radix-ui/react-popper@1.2.8
2546 silly packumentCache full:https://registry.npmjs.org/@radix-ui%2freact-popper cache-miss
2547 http fetch GET 200 https://registry.npmjs.org/@radix-ui%2freact-portal 792ms (cache revalidated)
2548 silly packumentCache full:https://registry.npmjs.org/@radix-ui%2freact-portal set size:667939 disposed:false
2549 silly fetch manifest @radix-ui/react-dismissable-layer@1.1.11
2550 silly packumentCache full:https://registry.npmjs.org/@radix-ui%2freact-dismissable-layer cache-miss
2551 http fetch GET 200 https://registry.npmjs.org/@radix-ui%2freact-focus-scope 806ms (cache revalidated)
2552 silly packumentCache full:https://registry.npmjs.org/@radix-ui%2freact-focus-scope set size:643933 disposed:false
2553 silly fetch manifest @radix-ui/react-menu@2.1.16
2554 silly packumentCache full:https://registry.npmjs.org/@radix-ui%2freact-menu cache-miss
2555 http fetch GET 200 https://registry.npmjs.org/@radix-ui%2freact-popper 743ms (cache revalidated)
2556 silly packumentCache full:https://registry.npmjs.org/@radix-ui%2freact-popper set size:766112 disposed:false
2557 silly fetch manifest @radix-ui/react-roving-focus@1.1.11
2558 silly packumentCache full:https://registry.npmjs.org/@radix-ui%2freact-roving-focus cache-miss
2559 http fetch GET 200 https://registry.npmjs.org/@radix-ui%2freact-dismissable-layer 811ms (cache revalidated)
2560 silly packumentCache full:https://registry.npmjs.org/@radix-ui%2freact-dismissable-layer set size:803119 disposed:false
2561 silly fetch manifest @radix-ui/react-visually-hidden@1.2.3
2562 silly packumentCache full:https://registry.npmjs.org/@radix-ui%2freact-visually-hidden cache-miss
2563 http cache https://registry.npmjs.org/@radix-ui%2freact-dismissable-layer 72ms (cache hit)
2564 silly packumentCache full:https://registry.npmjs.org/@radix-ui%2freact-dismissable-layer set size:803119 disposed:false
2565 silly packumentCache full:https://registry.npmjs.org/@radix-ui%2freact-dismissable-layer dispose
2566 silly fetch manifest @radix-ui/react-focus-guards@1.1.3
2567 silly packumentCache full:https://registry.npmjs.org/@radix-ui%2freact-focus-guards cache-miss
2568 http fetch GET 200 https://registry.npmjs.org/@radix-ui%2freact-focus-guards 942ms (cache revalidated)
2569 silly packumentCache full:https://registry.npmjs.org/@radix-ui%2freact-focus-guards set size:284533 disposed:false
2570 silly fetch manifest @radix-ui/react-roving-focus@1.1.11
2571 silly packumentCache full:https://registry.npmjs.org/@radix-ui%2freact-roving-focus cache-miss
2572 http fetch GET 200 https://registry.npmjs.org/@radix-ui%2freact-focus-guards 71ms (cache revalidated)
2573 silly packumentCache full:https://registry.npmjs.org/@radix-ui%2freact-focus-guards set size:284533 disposed:false
2574 silly packumentCache full:https://registry.npmjs.org/@radix-ui%2freact-focus-guards dispose
2575 silly fetch manifest @radix-ui/number@1.1.1
2576 silly packumentCache full:https://registry.npmjs.org/@radix-ui%2fnumber cache-miss
2577 http fetch GET 200 https://registry.npmjs.org/@radix-ui%2freact-menu 678ms (cache revalidated)
2578 silly packumentCache full:https://registry.npmjs.org/@radix-ui%2freact-menu set size:1168171 disposed:false
2579 silly fetch manifest @radix-ui/number@1.1.1
2580 silly packumentCache full:https://registry.npmjs.org/@radix-ui%2fnumber cache-miss
2581 http fetch GET 200 https://registry.npmjs.org/@radix-ui%2freact-menu 1487ms (cache revalidated)
2582 silly packumentCache full:https://registry.npmjs.org/@radix-ui%2freact-menu set size:1168171 disposed:false
2583 silly fetch manifest @radix-ui/react-visually-hidden@1.2.3
2584 silly packumentCache full:https://registry.npmjs.org/@radix-ui%2freact-visually-hidden cache-miss
2585 http fetch GET 200 https://registry.npmjs.org/@radix-ui%2freact-menu 1578ms (cache revalidated)
2586 silly packumentCache full:https://registry.npmjs.org/@radix-ui%2freact-menu set size:1168171 disposed:false
2587 silly fetch manifest @radix-ui/number@1.1.1
2588 silly packumentCache full:https://registry.npmjs.org/@radix-ui%2fnumber cache-miss
2589 http fetch GET 200 https://registry.npmjs.org/@radix-ui%2freact-roving-focus 751ms (cache revalidated)
2590 silly packumentCache full:https://registry.npmjs.org/@radix-ui%2freact-roving-focus set size:830379 disposed:false
2591 silly fetch manifest @radix-ui/react-visually-hidden@1.2.3
2592 silly packumentCache full:https://registry.npmjs.org/@radix-ui%2freact-visually-hidden cache-miss
2593 http fetch GET 200 https://registry.npmjs.org/@radix-ui%2freact-roving-focus 651ms (cache revalidated)
2594 silly packumentCache full:https://registry.npmjs.org/@radix-ui%2freact-roving-focus set size:830379 disposed:false
2595 silly packumentCache full:https://registry.npmjs.org/@radix-ui%2freact-roving-focus dispose
2596 silly fetch manifest @radix-ui/react-visually-hidden@1.2.3
2597 silly packumentCache full:https://registry.npmjs.org/@radix-ui%2freact-visually-hidden cache-miss
2598 http fetch GET 200 https://registry.npmjs.org/@radix-ui%2freact-visually-hidden 778ms (cache revalidated)
2599 silly packumentCache full:https://registry.npmjs.org/@radix-ui%2freact-visually-hidden set size:593995 disposed:false
2600 silly fetch manifest clsx@^2.1.1
2601 silly packumentCache full:https://registry.npmjs.org/clsx cache-hit
2602 silly fetch manifest @radix-ui/react-dialog@1.0.0
2603 silly packumentCache full:https://registry.npmjs.org/@radix-ui%2freact-dialog cache-miss
2604 http fetch GET 200 https://registry.npmjs.org/@radix-ui%2fnumber 699ms (cache revalidated)
2605 silly packumentCache full:https://registry.npmjs.org/@radix-ui%2fnumber set size:96484 disposed:false
2606 silly fetch manifest embla-carousel@8.0.0-rc15
2607 silly packumentCache full:https://registry.npmjs.org/embla-carousel cache-miss
2608 http fetch GET 200 https://registry.npmjs.org/@radix-ui%2freact-visually-hidden 133ms (cache revalidated)
2609 silly packumentCache full:https://registry.npmjs.org/@radix-ui%2freact-visually-hidden set size:593995 disposed:false
2610 silly packumentCache full:https://registry.npmjs.org/@radix-ui%2freact-visually-hidden dispose
2611 silly fetch manifest embla-carousel-reactive-utils@8.0.0-rc15
2612 silly packumentCache full:https://registry.npmjs.org/embla-carousel-reactive-utils cache-miss
2613 http fetch GET 200 https://registry.npmjs.org/@radix-ui%2fnumber 172ms (cache revalidated)
2614 silly packumentCache full:https://registry.npmjs.org/@radix-ui%2fnumber set size:96484 disposed:false
2615 silly packumentCache full:https://registry.npmjs.org/@radix-ui%2fnumber dispose
2616 http fetch GET 200 https://registry.npmjs.org/@radix-ui%2fnumber 125ms (cache revalidated)
2617 silly packumentCache full:https://registry.npmjs.org/@radix-ui%2fnumber set size:96484 disposed:true
2618 silly packumentCache full:https://registry.npmjs.org/@radix-ui%2fnumber dispose
2619 http cache https://registry.npmjs.org/@radix-ui%2freact-dialog 62ms (cache hit)
2620 silly packumentCache full:https://registry.npmjs.org/@radix-ui%2freact-dialog set size:1036325 disposed:false
2621 http fetch GET 200 https://registry.npmjs.org/@radix-ui%2freact-visually-hidden 145ms (cache revalidated)
2622 silly packumentCache full:https://registry.npmjs.org/@radix-ui%2freact-visually-hidden set size:593995 disposed:true
2623 silly packumentCache full:https://registry.npmjs.org/@radix-ui%2freact-visually-hidden dispose
2624 http fetch GET 200 https://registry.npmjs.org/@radix-ui%2freact-visually-hidden 137ms (cache revalidated)
2625 silly packumentCache full:https://registry.npmjs.org/@radix-ui%2freact-visually-hidden set size:593995 disposed:true
2626 silly packumentCache full:https://registry.npmjs.org/@radix-ui%2freact-visually-hidden dispose
2627 http fetch GET 200 https://registry.npmjs.org/embla-carousel 351ms (cache revalidated)
2628 silly packumentCache full:https://registry.npmjs.org/embla-carousel set size:831713 disposed:false
2629 http fetch GET 200 https://registry.npmjs.org/embla-carousel-reactive-utils 359ms (cache revalidated)
2630 silly packumentCache full:https://registry.npmjs.org/embla-carousel-reactive-utils set size:119115 disposed:false
2631 silly placeDep ROOT @types/pg@8.11.6 OK for: @neondatabase/serverless@0.10.4 want: 8.11.6
2632 silly fetch manifest pg-types@^4.0.1
2633 silly packumentCache full:https://registry.npmjs.org/pg-types cache-miss
2634 silly fetch manifest pg-protocol@*
2635 silly packumentCache full:https://registry.npmjs.org/pg-protocol cache-miss
2636 http fetch GET 200 https://registry.npmjs.org/pg-types 429ms (cache revalidated)
2637 silly packumentCache full:https://registry.npmjs.org/pg-types set size:51397 disposed:false
2638 http fetch GET 200 https://registry.npmjs.org/pg-protocol 442ms (cache revalidated)
2639 silly packumentCache full:https://registry.npmjs.org/pg-protocol set size:53427 disposed:false
2640 silly placeDep ROOT @radix-ui/primitive@1.1.3 OK for: @radix-ui/react-accordion@1.2.12 want: 1.1.3
2641 silly placeDep ROOT @radix-ui/react-collection@1.1.7 OK for: @radix-ui/react-accordion@1.2.12 want: 1.1.7
2642 silly placeDep ROOT @radix-ui/react-compose-refs@1.1.2 OK for: @radix-ui/react-accordion@1.2.12 want: 1.1.2
2643 silly placeDep ROOT @radix-ui/react-context@1.1.2 OK for: @radix-ui/react-accordion@1.2.12 want: 1.1.2
2644 silly placeDep ROOT @radix-ui/react-direction@1.1.1 OK for: @radix-ui/react-accordion@1.2.12 want: 1.1.1
2645 silly placeDep ROOT @radix-ui/react-id@1.1.1 OK for: @radix-ui/react-accordion@1.2.12 want: 1.1.1
2646 silly placeDep ROOT @radix-ui/react-primitive@2.1.3 OK for: @radix-ui/react-accordion@1.2.12 want: 2.1.3
2647 silly placeDep ROOT @radix-ui/react-use-controllable-state@1.2.2 OK for: @radix-ui/react-accordion@1.2.12 want: 1.2.2
2648 silly fetch manifest @radix-ui/react-use-effect-event@0.0.2
2649 silly packumentCache full:https://registry.npmjs.org/@radix-ui%2freact-use-effect-event cache-miss
2650 http fetch GET 200 https://registry.npmjs.org/@radix-ui%2freact-use-effect-event 651ms (cache revalidated)
2651 silly packumentCache full:https://registry.npmjs.org/@radix-ui%2freact-use-effect-event set size:23349 disposed:false
2652 silly placeDep node_modules/@radix-ui/react-alert-dialog @radix-ui/react-slot@1.2.3 OK for: @radix-ui/react-alert-dialog@1.1.15 want: 1.2.3
2653 silly placeDep node_modules/@radix-ui/react-aspect-ratio @radix-ui/react-primitive@2.1.4 OK for: @radix-ui/react-aspect-ratio@1.1.8 want: 2.1.4
2654 silly placeDep node_modules/@radix-ui/react-avatar @radix-ui/react-context@1.1.3 OK for: @radix-ui/react-avatar@1.1.11 want: 1.1.3
2655 silly placeDep node_modules/@radix-ui/react-avatar @radix-ui/react-primitive@2.1.4 OK for: @radix-ui/react-avatar@1.1.11 want: 2.1.4
2656 silly placeDep ROOT @radix-ui/react-use-callback-ref@1.1.1 OK for: @radix-ui/react-avatar@1.1.11 want: 1.1.1
2657 silly placeDep ROOT @radix-ui/react-use-is-hydrated@0.1.0 OK for: @radix-ui/react-avatar@1.1.11 want: 0.1.0
2658 silly placeDep ROOT @radix-ui/react-use-layout-effect@1.1.1 OK for: @radix-ui/react-avatar@1.1.11 want: 1.1.1
2659 silly fetch manifest use-sync-external-store@^1.5.0
2660 silly packumentCache full:https://registry.npmjs.org/use-sync-external-store cache-miss
2661 http fetch GET 200 https://registry.npmjs.org/use-sync-external-store 337ms (cache revalidated)
2662 silly packumentCache full:https://registry.npmjs.org/use-sync-external-store set size:4675268 disposed:false
2663 silly placeDep ROOT @radix-ui/react-presence@1.1.5 OK for: @radix-ui/react-checkbox@1.3.3 want: 1.1.5
2664 silly placeDep ROOT @radix-ui/react-use-previous@1.1.1 OK for: @radix-ui/react-checkbox@1.3.3 want: 1.1.1
2665 silly placeDep ROOT @radix-ui/react-use-size@1.1.1 OK for: @radix-ui/react-checkbox@1.3.3 want: 1.1.1
2666 silly placeDep node_modules/@radix-ui/react-collection @radix-ui/react-slot@1.2.3 OK for: @radix-ui/react-collection@1.1.7 want: 1.2.3
2667 silly placeDep ROOT @radix-ui/react-menu@2.1.16 OK for: @radix-ui/react-context-menu@2.2.16 want: 2.1.16
2668 silly placeDep ROOT @radix-ui/react-dismissable-layer@1.1.11 OK for: @radix-ui/react-dialog@1.1.15 want: 1.1.11
2669 silly placeDep ROOT @radix-ui/react-focus-guards@1.1.3 OK for: @radix-ui/react-dialog@1.1.15 want: 1.1.3
2670 silly placeDep ROOT @radix-ui/react-focus-scope@1.1.7 OK for: @radix-ui/react-dialog@1.1.15 want: 1.1.7
2671 silly placeDep ROOT @radix-ui/react-portal@1.1.9 OK for: @radix-ui/react-dialog@1.1.15 want: 1.1.9
2672 silly placeDep node_modules/@radix-ui/react-dialog @radix-ui/react-slot@1.2.3 OK for: @radix-ui/react-dialog@1.1.15 want: 1.2.3
2673 silly fetch manifest @radix-ui/react-use-escape-keydown@1.1.1
2674 silly packumentCache full:https://registry.npmjs.org/@radix-ui%2freact-use-escape-keydown cache-miss
2675 http fetch GET 200 https://registry.npmjs.org/@radix-ui%2freact-use-escape-keydown 695ms (cache revalidated)
2676 silly packumentCache full:https://registry.npmjs.org/@radix-ui%2freact-use-escape-keydown set size:278235 disposed:false
2677 silly placeDep ROOT @radix-ui/react-use-escape-keydown@1.1.1 OK for: @radix-ui/react-dismissable-layer@1.1.11 want: 1.1.1
2678 silly placeDep ROOT @radix-ui/react-popper@1.2.8 OK for: @radix-ui/react-hover-card@1.1.15 want: 1.2.8
2679 silly fetch manifest @radix-ui/rect@1.1.1
2680 silly packumentCache full:https://registry.npmjs.org/@radix-ui%2frect cache-miss
2681 silly fetch manifest @radix-ui/react-arrow@1.1.7
2682 silly packumentCache full:https://registry.npmjs.org/@radix-ui%2freact-arrow cache-miss
2683 silly fetch manifest @floating-ui/react-dom@^2.0.0
2684 silly packumentCache full:https://registry.npmjs.org/@floating-ui%2freact-dom cache-miss
2685 silly fetch manifest @radix-ui/react-use-rect@1.1.1
2686 silly packumentCache full:https://registry.npmjs.org/@radix-ui%2freact-use-rect cache-miss
2687 http fetch GET 200 https://registry.npmjs.org/@floating-ui%2freact-dom 660ms (cache revalidated)
2688 silly packumentCache full:https://registry.npmjs.org/@floating-ui%2freact-dom set size:165093 disposed:false
2689 http fetch GET 200 https://registry.npmjs.org/@radix-ui%2freact-use-rect 668ms (cache revalidated)
2690 silly packumentCache full:https://registry.npmjs.org/@radix-ui%2freact-use-rect set size:226040 disposed:false
2691 http fetch GET 200 https://registry.npmjs.org/@radix-ui%2freact-arrow 677ms (cache revalidated)
2692 silly packumentCache full:https://registry.npmjs.org/@radix-ui%2freact-arrow set size:584244 disposed:false
2693 http fetch GET 200 https://registry.npmjs.org/@radix-ui%2frect 690ms (cache revalidated)
2694 silly packumentCache full:https://registry.npmjs.org/@radix-ui%2frect set size:101360 disposed:false
2695 silly placeDep node_modules/@radix-ui/react-label @radix-ui/react-primitive@2.1.4 OK for: @radix-ui/react-label@2.1.8 want: 2.1.4
2696 silly placeDep ROOT @radix-ui/react-roving-focus@1.1.11 OK for: @radix-ui/react-menu@2.1.16 want: 1.1.11
2697 silly placeDep node_modules/@radix-ui/react-menu @radix-ui/react-slot@1.2.3 OK for: @radix-ui/react-menu@2.1.16 want: 1.2.3
2698 silly placeDep ROOT @radix-ui/react-visually-hidden@1.2.3 OK for: @radix-ui/react-navigation-menu@1.2.14 want: 1.2.3
2699 silly placeDep node_modules/@radix-ui/react-popover @radix-ui/react-slot@1.2.3 OK for: @radix-ui/react-popover@1.1.15 want: 1.2.3
2700 silly placeDep ROOT @floating-ui/react-dom@2.1.8 OK for: @radix-ui/react-popper@1.2.8 want: ^2.0.0
2701 silly placeDep ROOT @radix-ui/react-arrow@1.1.7 OK for: @radix-ui/react-popper@1.2.8 want: 1.1.7
2702 silly placeDep ROOT @radix-ui/react-use-rect@1.1.1 OK for: @radix-ui/react-popper@1.2.8 want: 1.1.1
2703 silly placeDep ROOT @radix-ui/rect@1.1.1 OK for: @radix-ui/react-popper@1.2.8 want: 1.1.1
2704 silly fetch manifest @floating-ui/dom@^1.7.6
2705 silly packumentCache full:https://registry.npmjs.org/@floating-ui%2fdom cache-miss
2706 http fetch GET 200 https://registry.npmjs.org/@floating-ui%2fdom 783ms (cache revalidated)
2707 silly packumentCache full:https://registry.npmjs.org/@floating-ui%2fdom set size:251540 disposed:false
2708 silly placeDep ROOT @floating-ui/dom@1.7.6 OK for: @floating-ui/react-dom@2.1.8 want: ^1.7.6
2709 silly fetch manifest @floating-ui/core@^1.7.5
2710 silly packumentCache full:https://registry.npmjs.org/@floating-ui%2fcore cache-miss
2711 silly fetch manifest @floating-ui/utils@^0.2.11
2712 silly packumentCache full:https://registry.npmjs.org/@floating-ui%2futils cache-miss
2713 http fetch GET 200 https://registry.npmjs.org/@floating-ui%2fcore 710ms (cache revalidated)
2714 silly packumentCache full:https://registry.npmjs.org/@floating-ui%2fcore set size:179277 disposed:false
2715 http fetch GET 200 https://registry.npmjs.org/@floating-ui%2futils 725ms (cache revalidated)
2716 silly packumentCache full:https://registry.npmjs.org/@floating-ui%2futils set size:51278 disposed:false
2717 silly placeDep ROOT @floating-ui/core@1.7.5 OK for: @floating-ui/dom@1.7.6 want: ^1.7.5
2718 silly placeDep ROOT @floating-ui/utils@0.2.11 OK for: @floating-ui/dom@1.7.6 want: ^0.2.11
2719 silly placeDep node_modules/@radix-ui/react-primitive @radix-ui/react-slot@1.2.3 OK for: @radix-ui/react-primitive@2.1.3 want: 1.2.3
2720 silly placeDep node_modules/@radix-ui/react-progress @radix-ui/react-context@1.1.3 OK for: @radix-ui/react-progress@1.1.8 want: 1.1.3
2721 silly placeDep node_modules/@radix-ui/react-progress @radix-ui/react-primitive@2.1.4 OK for: @radix-ui/react-progress@1.1.8 want: 2.1.4
2722 silly placeDep ROOT @radix-ui/number@1.1.1 OK for: @radix-ui/react-scroll-area@1.2.10 want: 1.1.1
2723 silly placeDep node_modules/@radix-ui/react-select @radix-ui/react-slot@1.2.3 OK for: @radix-ui/react-select@2.2.6 want: 1.2.3
2724 silly placeDep node_modules/@radix-ui/react-separator @radix-ui/react-primitive@2.1.4 OK for: @radix-ui/react-separator@1.1.8 want: 2.1.4
2725 silly placeDep node_modules/@radix-ui/react-tooltip @radix-ui/react-slot@1.2.3 OK for: @radix-ui/react-tooltip@1.2.8 want: 1.2.3
2726 silly placeDep ROOT @radix-ui/react-use-effect-event@0.0.2 OK for: @radix-ui/react-use-controllable-state@1.2.2 want: 0.0.2
2727 silly placeDep ROOT use-sync-external-store@1.6.0 OK for: @radix-ui/react-use-is-hydrated@0.1.0 want: ^1.5.0
2728 silly placeDep ROOT @swc/helpers@0.5.21 OK for: @react-aria/button@3.15.0 want: ^0.5.0
2729 silly placeDep ROOT react-aria@3.48.0 OK for: @react-aria/button@3.15.0 want: 3.48.0
2730 silly fetch manifest react-stately@3.46.0
2731 silly packumentCache full:https://registry.npmjs.org/react-stately cache-miss
2732 silly fetch manifest @react-types/shared@^3.34.0
2733 silly packumentCache full:https://registry.npmjs.org/@react-types%2fshared cache-miss
2734 silly fetch manifest @internationalized/date@^3.12.1
2735 silly packumentCache full:https://registry.npmjs.org/@internationalized%2fdate cache-miss
2736 silly fetch manifest @internationalized/number@^3.6.6
2737 silly packumentCache full:https://registry.npmjs.org/@internationalized%2fnumber cache-miss
2738 silly fetch manifest @internationalized/string@^3.2.8
2739 silly packumentCache full:https://registry.npmjs.org/@internationalized%2fstring cache-miss
2740 http fetch GET 200 https://registry.npmjs.org/react-stately 488ms (cache revalidated)
2741 silly packumentCache full:https://registry.npmjs.org/react-stately set size:4430204 disposed:false
2742 http fetch GET 200 https://registry.npmjs.org/@internationalized%2fdate 738ms (cache revalidated)
2743 silly packumentCache full:https://registry.npmjs.org/@internationalized%2fdate set size:2213492 disposed:false
2744 http fetch GET 200 https://registry.npmjs.org/@react-types%2fshared 783ms (cache revalidated)
2745 silly packumentCache full:https://registry.npmjs.org/@react-types%2fshared set size:2481380 disposed:false
2746 http fetch GET 200 https://registry.npmjs.org/@internationalized%2fnumber 825ms (cache revalidated)
2747 silly packumentCache full:https://registry.npmjs.org/@internationalized%2fnumber set size:2488032 disposed:false
2748 http fetch GET 200 https://registry.npmjs.org/@internationalized%2fstring 868ms (cache revalidated)
2749 silly packumentCache full:https://registry.npmjs.org/@internationalized%2fstring set size:1853764 disposed:false
2750 silly placeDep ROOT @remix-run/node-fetch-server@0.13.3 OK for: @react-router/dev@7.15.1 want: ^0.13.0
2751 silly placeDep ROOT arg@5.0.2 OK for: @react-router/dev@7.15.1 want: ^5.0.1
2752 silly placeDep ROOT babel-dead-code-elimination@1.0.12 OK for: @react-router/dev@7.15.1 want: ^1.0.6
2753 silly placeDep ROOT chokidar@4.0.3 OK for: @react-router/dev@7.15.1 want: ^4.0.0
2754 silly placeDep ROOT dedent@1.7.2 OK for: @react-router/dev@7.15.1 want: ^1.5.3
2755 silly placeDep ROOT es-module-lexer@1.7.0 OK for: @react-router/dev@7.15.1 want: ^1.3.1
2756 silly placeDep ROOT exit-hook@2.2.1 OK for: @react-router/dev@7.15.1 want: 2.2.1
2757 silly placeDep node_modules/@react-router/dev jsesc@3.0.2 OK for: @react-router/dev@7.15.1 want: 3.0.2
2758 silly placeDep ROOT lodash@4.18.1 OK for: @react-router/dev@7.15.1 want: ^4.17.21
2759 silly placeDep ROOT p-map@7.0.4 OK for: @react-router/dev@7.15.1 want: ^7.0.3
2760 silly placeDep ROOT pathe@1.1.2 OK for: @react-router/dev@7.15.1 want: ^1.1.2
2761 silly placeDep ROOT pkg-types@2.3.1 OK for: @react-router/dev@7.15.1 want: ^2.3.0
2762 silly placeDep ROOT prettier@3.8.3 OK for: @react-router/dev@7.15.1 want: ^3.6.2
2763 silly placeDep ROOT react-refresh@0.14.2 OK for: @react-router/dev@7.15.1 want: ^0.14.0
2764 silly placeDep node_modules/@react-router/dev semver@7.8.1 OK for: @react-router/dev@7.15.1 want: ^7.3.7
2765 silly placeDep ROOT tinyglobby@0.2.16 OK for: @react-router/dev@7.15.1 want: ^0.2.14
2766 silly placeDep ROOT valibot@1.4.0 OK for: @react-router/dev@7.15.1 want: ^1.2.0
2767 silly placeDep ROOT vite-node@3.2.4 OK for: @react-router/dev@7.15.1 want: ^3.2.2
2768 silly fetch manifest readdirp@^4.0.1
2769 silly packumentCache full:https://registry.npmjs.org/readdirp cache-miss
2770 silly fetch manifest confbox@^0.2.4
2771 silly packumentCache full:https://registry.npmjs.org/confbox cache-miss
2772 silly fetch manifest exsolve@^1.0.8
2773 silly packumentCache full:https://registry.npmjs.org/exsolve cache-miss
2774 silly fetch manifest fdir@^6.5.0
2775 silly packumentCache full:https://registry.npmjs.org/fdir cache-hit
2776 silly fetch manifest picomatch@^4.0.4
2777 silly packumentCache full:https://registry.npmjs.org/picomatch cache-hit
2778 silly fetch manifest cac@^6.7.14
2779 silly packumentCache full:https://registry.npmjs.org/cac cache-miss
2780 http fetch GET 200 https://registry.npmjs.org/readdirp 100ms (cache revalidated)
2781 silly packumentCache full:https://registry.npmjs.org/readdirp set size:107589 disposed:false
2782 http fetch GET 200 https://registry.npmjs.org/confbox 309ms (cache revalidated)
2783 silly packumentCache full:https://registry.npmjs.org/confbox set size:44789 disposed:false
2784 http fetch GET 200 https://registry.npmjs.org/cac 311ms (cache revalidated)
2785 silly packumentCache full:https://registry.npmjs.org/cac set size:375942 disposed:false
2786 http fetch GET 200 https://registry.npmjs.org/exsolve 348ms (cache revalidated)
2787 silly packumentCache full:https://registry.npmjs.org/exsolve set size:56620 disposed:false
2788 silly placeDep ROOT minimatch@9.0.9 OK for: @react-router/fs-routes@7.15.1 want: ^9.0.0
2789 silly fetch manifest brace-expansion@^2.0.2
2790 silly packumentCache full:https://registry.npmjs.org/brace-expansion cache-miss
2791 http fetch GET 200 https://registry.npmjs.org/brace-expansion 61ms (cache revalidated)
2792 silly packumentCache full:https://registry.npmjs.org/brace-expansion set size:70654 disposed:false
2793 silly placeDep ROOT @mjackson/node-fetch-server@0.2.0 OK for: @react-router/node@7.15.1 want: ^0.2.0
2794 silly placeDep ROOT @react-router/express@7.15.1 OK for: @react-router/serve@7.15.1 want: 7.15.1
2795 silly placeDep ROOT compression@1.8.1 OK for: @react-router/serve@7.15.1 want: ^1.8.1
2796 silly placeDep ROOT express@4.22.2 OK for: @react-router/serve@7.15.1 want: ^4.19.2
2797 silly placeDep ROOT get-port@5.1.1 OK for: @react-router/serve@7.15.1 want: 5.1.1
2798 silly placeDep ROOT morgan@1.10.1 OK for: @react-router/serve@7.15.1 want: ^1.10.1
2799 silly placeDep ROOT source-map-support@0.5.21 OK for: @react-router/serve@7.15.1 want: ^0.5.21
2800 silly fetch manifest vary@~1.1.2
2801 silly packumentCache full:https://registry.npmjs.org/vary cache-miss
2802 silly fetch manifest bytes@3.1.2
2803 silly packumentCache full:https://registry.npmjs.org/bytes cache-miss
2804 silly fetch manifest debug@2.6.9
2805 silly packumentCache full:https://registry.npmjs.org/debug cache-hit
2806 silly fetch manifest negotiator@~0.6.4
2807 silly packumentCache full:https://registry.npmjs.org/negotiator cache-miss
2808 silly fetch manifest on-headers@~1.1.0
2809 silly packumentCache full:https://registry.npmjs.org/on-headers cache-miss
2810 silly fetch manifest safe-buffer@5.2.1
2811 silly packumentCache full:https://registry.npmjs.org/safe-buffer cache-miss
2812 silly fetch manifest compressible@~2.0.18
2813 silly packumentCache full:https://registry.npmjs.org/compressible cache-miss
2814 silly fetch manifest qs@~6.15.1
2815 silly packumentCache full:https://registry.npmjs.org/qs cache-hit
2816 silly fetch manifest depd@2.0.0
2817 silly packumentCache full:https://registry.npmjs.org/depd cache-miss
2818 http fetch GET 200 https://registry.npmjs.org/safe-buffer 61ms (cache revalidated)
2819 silly packumentCache full:https://registry.npmjs.org/safe-buffer set size:41183 disposed:false
2820 silly fetch manifest etag@~1.8.1
2821 silly packumentCache full:https://registry.npmjs.org/etag cache-miss
2822 http fetch GET 200 https://registry.npmjs.org/vary 69ms (cache revalidated)
2823 silly packumentCache full:https://registry.npmjs.org/vary set size:15994 disposed:false
2824 silly fetch manifest send@~0.19.0
2825 silly packumentCache full:https://registry.npmjs.org/send cache-miss
2826 http fetch GET 200 https://registry.npmjs.org/bytes 76ms (cache revalidated)
2827 silly packumentCache full:https://registry.npmjs.org/bytes set size:37018 disposed:false
2828 silly fetch manifest fresh@~0.5.2
2829 silly packumentCache full:https://registry.npmjs.org/fresh cache-miss
2830 http fetch GET 200 https://registry.npmjs.org/etag 54ms (cache revalidated)
2831 silly packumentCache full:https://registry.npmjs.org/etag set size:30032 disposed:false
2832 silly fetch manifest cookie@~0.7.1
2833 silly packumentCache full:https://registry.npmjs.org/cookie cache-hit
2834 silly fetch manifest accepts@~1.3.8
2835 silly packumentCache full:https://registry.npmjs.org/accepts cache-miss
2836 http fetch GET 200 https://registry.npmjs.org/send 59ms (cache revalidated)
2837 silly packumentCache full:https://registry.npmjs.org/send set size:152810 disposed:false
2838 silly fetch manifest methods@~1.1.2
2839 silly packumentCache full:https://registry.npmjs.org/methods cache-miss
2840 http fetch GET 200 https://registry.npmjs.org/depd 306ms (cache revalidated)
2841 silly packumentCache full:https://registry.npmjs.org/depd set size:40182 disposed:false
2842 silly fetch manifest type-is@~1.6.18
2843 silly packumentCache full:https://registry.npmjs.org/type-is cache-miss
2844 http fetch GET 200 https://registry.npmjs.org/negotiator 321ms (cache revalidated)
2845 silly packumentCache full:https://registry.npmjs.org/negotiator set size:48046 disposed:false
2846 silly fetch manifest parseurl@~1.3.3
2847 silly packumentCache full:https://registry.npmjs.org/parseurl cache-miss
2848 http fetch GET 200 https://registry.npmjs.org/on-headers 328ms (cache revalidated)
2849 silly packumentCache full:https://registry.npmjs.org/on-headers set size:13226 disposed:false
2850 silly fetch manifest statuses@~2.0.1
2851 silly packumentCache full:https://registry.npmjs.org/statuses cache-miss
2852 http fetch GET 200 https://registry.npmjs.org/fresh 296ms (cache revalidated)
2853 silly packumentCache full:https://registry.npmjs.org/fresh set size:25427 disposed:false
2854 silly fetch manifest encodeurl@~2.0.0
2855 silly packumentCache full:https://registry.npmjs.org/encodeurl cache-miss
2856 http fetch GET 200 https://registry.npmjs.org/statuses 58ms (cache revalidated)
2857 silly packumentCache full:https://registry.npmjs.org/statuses set size:37117 disposed:false
2858 silly fetch manifest proxy-addr@~2.0.7
2859 silly packumentCache full:https://registry.npmjs.org/proxy-addr cache-miss
2860 http fetch GET 200 https://registry.npmjs.org/type-is 78ms (cache revalidated)
2861 silly packumentCache full:https://registry.npmjs.org/type-is set size:88614 disposed:false
2862 silly fetch manifest body-parser@~1.20.5
2863 silly packumentCache full:https://registry.npmjs.org/body-parser cache-miss
2864 http fetch GET 200 https://registry.npmjs.org/methods 297ms (cache revalidated)
2865 silly packumentCache full:https://registry.npmjs.org/methods set size:12600 disposed:false
2866 silly fetch manifest escape-html@~1.0.3
2867 silly packumentCache full:https://registry.npmjs.org/escape-html cache-miss
2868 http fetch GET 200 https://registry.npmjs.org/accepts 311ms (cache revalidated)
2869 silly packumentCache full:https://registry.npmjs.org/accepts set size:77054 disposed:false
2870 silly fetch manifest http-errors@~2.0.0
2871 silly packumentCache full:https://registry.npmjs.org/http-errors cache-miss
2872 http fetch GET 200 https://registry.npmjs.org/body-parser 73ms (cache revalidated)
2873 silly packumentCache full:https://registry.npmjs.org/body-parser set size:199299 disposed:false
2874 silly fetch manifest on-finished@~2.4.1
2875 silly packumentCache full:https://registry.npmjs.org/on-finished cache-miss
2876 http fetch GET 200 https://registry.npmjs.org/on-finished 62ms (cache revalidated)
2877 silly packumentCache full:https://registry.npmjs.org/on-finished set size:23212 disposed:false
2878 silly fetch manifest utils-merge@1.0.1
2879 silly packumentCache full:https://registry.npmjs.org/utils-merge cache-miss
2880 http fetch GET 200 https://registry.npmjs.org/parseurl 303ms (cache revalidated)
2881 silly packumentCache full:https://registry.npmjs.org/parseurl set size:24148 disposed:false
2882 silly fetch manifest content-type@~1.0.4
2883 silly packumentCache full:https://registry.npmjs.org/content-type cache-miss
2884 http fetch GET 200 https://registry.npmjs.org/proxy-addr 310ms (cache revalidated)
2885 silly packumentCache full:https://registry.npmjs.org/proxy-addr set size:61619 disposed:false
2886 silly fetch manifest finalhandler@~1.3.1
2887 silly packumentCache full:https://registry.npmjs.org/finalhandler cache-miss
2888 http fetch GET 200 https://registry.npmjs.org/encodeurl 339ms (cache revalidated)
2889 silly packumentCache full:https://registry.npmjs.org/encodeurl set size:12296 disposed:false
2890 silly fetch manifest range-parser@~1.2.1
2891 silly packumentCache full:https://registry.npmjs.org/range-parser cache-miss
2892 http fetch GET 200 https://registry.npmjs.org/escape-html 301ms (cache revalidated)
2893 silly packumentCache full:https://registry.npmjs.org/escape-html set size:7345 disposed:false
2894 silly fetch manifest serve-static@~1.16.2
2895 silly packumentCache full:https://registry.npmjs.org/serve-static cache-miss
2896 http fetch GET 200 https://registry.npmjs.org/http-errors 302ms (cache revalidated)
2897 silly packumentCache full:https://registry.npmjs.org/http-errors set size:71987 disposed:false
2898 silly fetch manifest array-flatten@1.1.1
2899 silly packumentCache full:https://registry.npmjs.org/array-flatten cache-miss
2900 http fetch GET 200 https://registry.npmjs.org/compressible 768ms (cache revalidated)
2901 silly packumentCache full:https://registry.npmjs.org/compressible set size:61733 disposed:false
2902 silly fetch manifest path-to-regexp@~0.1.12
2903 silly packumentCache full:https://registry.npmjs.org/path-to-regexp cache-miss
2904 http fetch GET 200 https://registry.npmjs.org/utils-merge 299ms (cache revalidated)
2905 silly packumentCache full:https://registry.npmjs.org/utils-merge set size:5237 disposed:false
2906 silly fetch manifest setprototypeof@1.2.0
2907 silly packumentCache full:https://registry.npmjs.org/setprototypeof cache-miss
2908 http fetch GET 200 https://registry.npmjs.org/range-parser 189ms (cache revalidated)
2909 silly packumentCache full:https://registry.npmjs.org/range-parser set size:22228 disposed:false
2910 silly fetch manifest cookie-signature@~1.0.6
2911 silly packumentCache full:https://registry.npmjs.org/cookie-signature cache-miss
2912 http fetch GET 200 https://registry.npmjs.org/finalhandler 202ms (cache revalidated)
2913 silly packumentCache full:https://registry.npmjs.org/finalhandler set size:79291 disposed:false
2914 silly fetch manifest merge-descriptors@1.0.3
2915 silly packumentCache full:https://registry.npmjs.org/merge-descriptors cache-miss
2916 http fetch GET 200 https://registry.npmjs.org/serve-static 184ms (cache revalidated)
2917 silly packumentCache full:https://registry.npmjs.org/serve-static set size:150391 disposed:false
2918 silly fetch manifest content-disposition@~0.5.4
2919 silly packumentCache full:https://registry.npmjs.org/content-disposition cache-miss
2920 http fetch GET 200 https://registry.npmjs.org/path-to-regexp 163ms (cache revalidated)
2921 silly packumentCache full:https://registry.npmjs.org/path-to-regexp set size:216334 disposed:false
2922 silly fetch manifest basic-auth@~2.0.1
2923 silly packumentCache full:https://registry.npmjs.org/basic-auth cache-miss
2924 http fetch GET 200 https://registry.npmjs.org/setprototypeof 103ms (cache revalidated)
2925 silly packumentCache full:https://registry.npmjs.org/setprototypeof set size:14532 disposed:false
2926 silly fetch manifest depd@~2.0.0
2927 silly packumentCache full:https://registry.npmjs.org/depd cache-hit
2928 silly fetch manifest on-finished@~2.3.0
2929 silly packumentCache full:https://registry.npmjs.org/on-finished cache-hit
2930 silly fetch manifest buffer-from@^1.0.0
2931 silly packumentCache full:https://registry.npmjs.org/buffer-from cache-miss
2932 http fetch GET 200 https://registry.npmjs.org/content-type 339ms (cache revalidated)
2933 silly packumentCache full:https://registry.npmjs.org/content-type set size:18994 disposed:false
2934 silly fetch manifest source-map@^0.6.0
2935 silly packumentCache full:https://registry.npmjs.org/source-map cache-hit
2936 http fetch GET 200 https://registry.npmjs.org/content-disposition 86ms (cache revalidated)
2937 silly packumentCache full:https://registry.npmjs.org/content-disposition set size:40258 disposed:false
2938 http fetch GET 200 https://registry.npmjs.org/merge-descriptors 98ms (cache revalidated)
2939 silly packumentCache full:https://registry.npmjs.org/merge-descriptors set size:16527 disposed:false
2940 http fetch GET 200 https://registry.npmjs.org/array-flatten 389ms (cache revalidated)
2941 silly packumentCache full:https://registry.npmjs.org/array-flatten set size:24005 disposed:false
2942 http fetch GET 200 https://registry.npmjs.org/cookie-signature 338ms (cache revalidated)
2943 silly packumentCache full:https://registry.npmjs.org/cookie-signature set size:21777 disposed:false
2944 http fetch GET 200 https://registry.npmjs.org/buffer-from 298ms (cache revalidated)
2945 silly packumentCache full:https://registry.npmjs.org/buffer-from set size:15463 disposed:false
2946 http fetch GET 200 https://registry.npmjs.org/basic-auth 325ms (cache revalidated)
2947 silly packumentCache full:https://registry.npmjs.org/basic-auth set size:21757 disposed:false
2948 silly placeDep ROOT @tailwindcss/node@4.3.0 OK for: @tailwindcss/vite@4.3.0 want: 4.3.0
2949 silly placeDep ROOT @tailwindcss/oxide@4.3.0 OK for: @tailwindcss/vite@4.3.0 want: 4.3.0
2950 silly placeDep node_modules/@tailwindcss/vite tailwindcss@4.3.0 OK for: @tailwindcss/vite@4.3.0 want: 4.3.0
2951 silly fetch manifest jiti@^2.6.1
2952 silly packumentCache full:https://registry.npmjs.org/jiti cache-hit
2953 silly fetch manifest lightningcss@1.32.0
2954 silly packumentCache full:https://registry.npmjs.org/lightningcss cache-miss
2955 silly fetch manifest magic-string@^0.30.21
2956 silly packumentCache full:https://registry.npmjs.org/magic-string cache-hit
2957 silly fetch manifest enhanced-resolve@^5.21.0
2958 silly packumentCache full:https://registry.npmjs.org/enhanced-resolve cache-miss
2959 silly fetch manifest @tailwindcss/oxide-darwin-x64@4.3.0
2960 silly packumentCache full:https://registry.npmjs.org/@tailwindcss%2foxide-darwin-x64 cache-miss
2961 silly fetch manifest @tailwindcss/oxide-freebsd-x64@4.3.0
2962 silly packumentCache full:https://registry.npmjs.org/@tailwindcss%2foxide-freebsd-x64 cache-miss
2963 silly fetch manifest @tailwindcss/oxide-wasm32-wasi@4.3.0
2964 silly packumentCache full:https://registry.npmjs.org/@tailwindcss%2foxide-wasm32-wasi cache-miss
2965 silly fetch manifest @tailwindcss/oxide-darwin-arm64@4.3.0
2966 silly packumentCache full:https://registry.npmjs.org/@tailwindcss%2foxide-darwin-arm64 cache-miss
2967 silly fetch manifest @tailwindcss/oxide-android-arm64@4.3.0
2968 silly packumentCache full:https://registry.npmjs.org/@tailwindcss%2foxide-android-arm64 cache-miss
2969 http cache https://registry.npmjs.org/lightningcss 42ms (cache hit)
2970 silly packumentCache full:https://registry.npmjs.org/lightningcss set size:186753 disposed:false
2971 silly fetch manifest @tailwindcss/oxide-linux-x64-gnu@4.3.0
2972 silly packumentCache full:https://registry.npmjs.org/@tailwindcss%2foxide-linux-x64-gnu cache-miss
2973 http fetch GET 200 https://registry.npmjs.org/enhanced-resolve 318ms (cache revalidated)
2974 silly packumentCache full:https://registry.npmjs.org/enhanced-resolve set size:431957 disposed:false
2975 silly fetch manifest @tailwindcss/oxide-linux-x64-musl@4.3.0
2976 silly packumentCache full:https://registry.npmjs.org/@tailwindcss%2foxide-linux-x64-musl cache-miss
2977 http fetch GET 200 https://registry.npmjs.org/@tailwindcss%2foxide-darwin-x64 1205ms (cache updated)
2978 silly packumentCache full:https://registry.npmjs.org/@tailwindcss%2foxide-darwin-x64 set size:undefined disposed:false
2979 silly fetch manifest @tailwindcss/oxide-win32-x64-msvc@4.3.0
2980 silly packumentCache full:https://registry.npmjs.org/@tailwindcss%2foxide-win32-x64-msvc cache-miss
2981 http fetch GET 200 https://registry.npmjs.org/@tailwindcss%2foxide-linux-x64-musl 1379ms (cache updated)
2982 silly packumentCache full:https://registry.npmjs.org/@tailwindcss%2foxide-linux-x64-musl set size:undefined disposed:false
2983 silly fetch manifest @tailwindcss/oxide-linux-arm64-gnu@4.3.0
2984 silly packumentCache full:https://registry.npmjs.org/@tailwindcss%2foxide-linux-arm64-gnu cache-miss
2985 http fetch GET 200 https://registry.npmjs.org/@tailwindcss%2foxide-android-arm64 1837ms (cache updated)
2986 silly packumentCache full:https://registry.npmjs.org/@tailwindcss%2foxide-android-arm64 set size:undefined disposed:false
2987 silly fetch manifest @tailwindcss/oxide-linux-arm64-musl@4.3.0
2988 silly packumentCache full:https://registry.npmjs.org/@tailwindcss%2foxide-linux-arm64-musl cache-miss
2989 http fetch GET 200 https://registry.npmjs.org/@tailwindcss%2foxide-wasm32-wasi 1886ms (cache updated)
2990 silly packumentCache full:https://registry.npmjs.org/@tailwindcss%2foxide-wasm32-wasi set size:undefined disposed:false
2991 silly fetch manifest @tailwindcss/oxide-win32-arm64-msvc@4.3.0
2992 silly packumentCache full:https://registry.npmjs.org/@tailwindcss%2foxide-win32-arm64-msvc cache-miss
2993 http fetch GET 200 https://registry.npmjs.org/@tailwindcss%2foxide-darwin-arm64 2123ms (cache updated)
2994 silly packumentCache full:https://registry.npmjs.org/@tailwindcss%2foxide-darwin-arm64 set size:undefined disposed:false
2995 silly fetch manifest @tailwindcss/oxide-linux-arm-gnueabihf@4.3.0
2996 silly packumentCache full:https://registry.npmjs.org/@tailwindcss%2foxide-linux-arm-gnueabihf cache-miss
2997 http fetch GET 200 https://registry.npmjs.org/@tailwindcss%2foxide-win32-x64-msvc 998ms (cache updated)
2998 silly packumentCache full:https://registry.npmjs.org/@tailwindcss%2foxide-win32-x64-msvc set size:undefined disposed:false
2999 http fetch GET 200 https://registry.npmjs.org/@tailwindcss%2foxide-linux-x64-gnu 2547ms (cache updated)
3000 silly packumentCache full:https://registry.npmjs.org/@tailwindcss%2foxide-linux-x64-gnu set size:undefined disposed:false
3001 http fetch GET 200 https://registry.npmjs.org/@tailwindcss%2foxide-linux-arm64-gnu 1827ms (cache updated)
3002 silly packumentCache full:https://registry.npmjs.org/@tailwindcss%2foxide-linux-arm64-gnu set size:undefined disposed:false
3003 http fetch GET 200 https://registry.npmjs.org/@tailwindcss%2foxide-win32-arm64-msvc 1898ms (cache updated)
3004 silly packumentCache full:https://registry.npmjs.org/@tailwindcss%2foxide-win32-arm64-msvc set size:undefined disposed:false
3005 http fetch GET 200 https://registry.npmjs.org/@tailwindcss%2foxide-linux-arm64-musl 1999ms (cache updated)
3006 silly packumentCache full:https://registry.npmjs.org/@tailwindcss%2foxide-linux-arm64-musl set size:undefined disposed:false
3007 http fetch GET 200 https://registry.npmjs.org/@tailwindcss%2foxide-linux-arm-gnueabihf 1787ms (cache updated)
3008 silly packumentCache full:https://registry.npmjs.org/@tailwindcss%2foxide-linux-arm-gnueabihf set size:undefined disposed:false
3009 http fetch GET 200 https://registry.npmjs.org/@tailwindcss%2foxide-freebsd-x64 5507ms (cache updated)
3010 silly packumentCache full:https://registry.npmjs.org/@tailwindcss%2foxide-freebsd-x64 set size:undefined disposed:false
3011 silly placeDep ROOT enhanced-resolve@5.21.6 OK for: @tailwindcss/node@4.3.0 want: ^5.21.0
3012 silly placeDep ROOT jiti@2.7.0 OK for: @tailwindcss/node@4.3.0 want: ^2.6.1
3013 silly placeDep ROOT lightningcss@1.32.0 OK for: @tailwindcss/node@4.3.0 want: 1.32.0
3014 silly placeDep ROOT magic-string@0.30.21 OK for: @tailwindcss/node@4.3.0 want: ^0.30.21
3015 silly placeDep ROOT source-map-js@1.2.1 OK for: @tailwindcss/node@4.3.0 want: ^1.2.1
3016 silly placeDep node_modules/@tailwindcss/node tailwindcss@4.3.0 OK for: @tailwindcss/node@4.3.0 want: 4.3.0
3017 silly fetch manifest graceful-fs@^4.2.4
3018 silly packumentCache full:https://registry.npmjs.org/graceful-fs cache-miss
3019 silly fetch manifest tapable@^2.3.3
3020 silly packumentCache full:https://registry.npmjs.org/tapable cache-miss
3021 silly fetch manifest detect-libc@^2.0.3
3022 silly packumentCache full:https://registry.npmjs.org/detect-libc cache-miss
3023 silly fetch manifest lightningcss-darwin-x64@1.32.0
3024 silly packumentCache full:https://registry.npmjs.org/lightningcss-darwin-x64 cache-miss
3025 silly fetch manifest lightningcss-linux-x64-gnu@1.32.0
3026 silly packumentCache full:https://registry.npmjs.org/lightningcss-linux-x64-gnu cache-miss
3027 silly fetch manifest lightningcss-win32-x64-msvc@1.32.0
3028 silly packumentCache full:https://registry.npmjs.org/lightningcss-win32-x64-msvc cache-miss
3029 silly fetch manifest lightningcss-win32-arm64-msvc@1.32.0
3030 silly packumentCache full:https://registry.npmjs.org/lightningcss-win32-arm64-msvc cache-miss
3031 http fetch GET 200 https://registry.npmjs.org/detect-libc 336ms (cache revalidated)
3032 silly packumentCache full:https://registry.npmjs.org/detect-libc set size:47861 disposed:false
3033 silly fetch manifest lightningcss-darwin-arm64@1.32.0
3034 silly packumentCache full:https://registry.npmjs.org/lightningcss-darwin-arm64 cache-miss
3035 http fetch GET 200 https://registry.npmjs.org/lightningcss-darwin-x64 344ms (cache revalidated)
3036 silly packumentCache full:https://registry.npmjs.org/lightningcss-darwin-x64 set size:78694 disposed:false
3037 silly fetch manifest lightningcss-linux-arm64-gnu@1.32.0
3038 silly packumentCache full:https://registry.npmjs.org/lightningcss-linux-arm64-gnu cache-miss
3039 http fetch GET 200 https://registry.npmjs.org/graceful-fs 352ms (cache revalidated)
3040 silly packumentCache full:https://registry.npmjs.org/graceful-fs set size:124285 disposed:false
3041 silly fetch manifest lightningcss-linux-arm-gnueabihf@1.32.0
3042 silly packumentCache full:https://registry.npmjs.org/lightningcss-linux-arm-gnueabihf cache-miss
3043 http fetch GET 200 https://registry.npmjs.org/lightningcss-linux-x64-gnu 356ms (cache revalidated)
3044 silly packumentCache full:https://registry.npmjs.org/lightningcss-linux-x64-gnu set size:80105 disposed:false
3045 silly fetch manifest lightningcss-linux-arm64-musl@1.32.0
3046 silly packumentCache full:https://registry.npmjs.org/lightningcss-linux-arm64-musl cache-miss
3047 http fetch GET 200 https://registry.npmjs.org/lightningcss-win32-arm64-msvc 359ms (cache revalidated)
3048 silly packumentCache full:https://registry.npmjs.org/lightningcss-win32-arm64-msvc set size:26629 disposed:false
3049 silly fetch manifest lightningcss-linux-x64-musl@1.32.0
3050 silly packumentCache full:https://registry.npmjs.org/lightningcss-linux-x64-musl cache-miss
3051 http fetch GET 200 https://registry.npmjs.org/lightningcss-win32-x64-msvc 364ms (cache revalidated)
3052 silly packumentCache full:https://registry.npmjs.org/lightningcss-win32-x64-msvc set size:79645 disposed:false
3053 silly fetch manifest lightningcss-freebsd-x64@1.32.0
3054 silly packumentCache full:https://registry.npmjs.org/lightningcss-freebsd-x64 cache-miss
3055 http fetch GET 200 https://registry.npmjs.org/tapable 371ms (cache revalidated)
3056 silly packumentCache full:https://registry.npmjs.org/tapable set size:141233 disposed:false
3057 silly fetch manifest lightningcss-android-arm64@1.32.0
3058 silly packumentCache full:https://registry.npmjs.org/lightningcss-android-arm64 cache-miss
3059 http fetch GET 200 https://registry.npmjs.org/lightningcss-linux-arm64-musl 352ms (cache revalidated)
3060 silly packumentCache full:https://registry.npmjs.org/lightningcss-linux-arm64-musl set size:80887 disposed:false
3061 http fetch GET 200 https://registry.npmjs.org/lightningcss-linux-arm-gnueabihf 360ms (cache revalidated)
3062 silly packumentCache full:https://registry.npmjs.org/lightningcss-linux-arm-gnueabihf set size:80903 disposed:false
3063 http fetch GET 200 https://registry.npmjs.org/lightningcss-linux-x64-musl 355ms (cache revalidated)
3064 silly packumentCache full:https://registry.npmjs.org/lightningcss-linux-x64-musl set size:80313 disposed:false
3065 http fetch GET 200 https://registry.npmjs.org/lightningcss-linux-arm64-gnu 374ms (cache revalidated)
3066 silly packumentCache full:https://registry.npmjs.org/lightningcss-linux-arm64-gnu set size:80669 disposed:false
3067 http fetch GET 200 https://registry.npmjs.org/lightningcss-android-arm64 349ms (cache revalidated)
3068 silly packumentCache full:https://registry.npmjs.org/lightningcss-android-arm64 set size:7671 disposed:false
3069 http fetch GET 200 https://registry.npmjs.org/lightningcss-freebsd-x64 359ms (cache revalidated)
3070 silly packumentCache full:https://registry.npmjs.org/lightningcss-freebsd-x64 set size:42877 disposed:false
3071 http fetch GET 200 https://registry.npmjs.org/lightningcss-darwin-arm64 388ms (cache revalidated)
3072 silly packumentCache full:https://registry.npmjs.org/lightningcss-darwin-arm64 set size:79276 disposed:false
3073 silly placeDep ROOT @tailwindcss/oxide-android-arm64@4.3.0 OK for: @tailwindcss/oxide@4.3.0 want: 4.3.0
3074 silly placeDep ROOT @tailwindcss/oxide-darwin-arm64@4.3.0 OK for: @tailwindcss/oxide@4.3.0 want: 4.3.0
3075 silly placeDep ROOT @tailwindcss/oxide-darwin-x64@4.3.0 OK for: @tailwindcss/oxide@4.3.0 want: 4.3.0
3076 silly placeDep ROOT @tailwindcss/oxide-freebsd-x64@4.3.0 OK for: @tailwindcss/oxide@4.3.0 want: 4.3.0
3077 silly placeDep ROOT @tailwindcss/oxide-linux-arm-gnueabihf@4.3.0 OK for: @tailwindcss/oxide@4.3.0 want: 4.3.0
3078 silly placeDep ROOT @tailwindcss/oxide-linux-arm64-gnu@4.3.0 OK for: @tailwindcss/oxide@4.3.0 want: 4.3.0
3079 silly placeDep ROOT @tailwindcss/oxide-linux-arm64-musl@4.3.0 OK for: @tailwindcss/oxide@4.3.0 want: 4.3.0
3080 silly placeDep ROOT @tailwindcss/oxide-linux-x64-gnu@4.3.0 OK for: @tailwindcss/oxide@4.3.0 want: 4.3.0
3081 silly placeDep ROOT @tailwindcss/oxide-linux-x64-musl@4.3.0 OK for: @tailwindcss/oxide@4.3.0 want: 4.3.0
3082 silly placeDep ROOT @tailwindcss/oxide-wasm32-wasi@4.3.0 OK for: @tailwindcss/oxide@4.3.0 want: 4.3.0
3083 silly placeDep ROOT @tailwindcss/oxide-win32-arm64-msvc@4.3.0 OK for: @tailwindcss/oxide@4.3.0 want: 4.3.0
3084 silly placeDep ROOT @tailwindcss/oxide-win32-x64-msvc@4.3.0 OK for: @tailwindcss/oxide@4.3.0 want: 4.3.0
3085 silly placeDep ROOT @tanstack/query-core@5.100.11 OK for: @tanstack/react-query@5.100.11 want: 5.100.11
3086 silly placeDep ROOT @tanstack/table-core@8.21.3 OK for: @tanstack/react-table@8.21.3 want: 8.21.3
3087 silly placeDep ROOT @adobe/css-tools@4.4.4 OK for: @testing-library/jest-dom@6.9.1 want: ^4.4.0
3088 silly placeDep ROOT aria-query@5.3.2 OK for: @testing-library/jest-dom@6.9.1 want: ^5.0.0
3089 silly placeDep ROOT css.escape@1.5.1 OK for: @testing-library/jest-dom@6.9.1 want: ^1.5.1
3090 silly placeDep ROOT dom-accessibility-api@0.6.3 OK for: @testing-library/jest-dom@6.9.1 want: ^0.6.3
3091 silly placeDep ROOT redent@3.0.0 OK for: @testing-library/jest-dom@6.9.1 want: ^3.0.0
3092 silly fetch manifest indent-string@^4.0.0
3093 silly packumentCache full:https://registry.npmjs.org/indent-string cache-miss
3094 silly fetch manifest strip-indent@^3.0.0
3095 silly packumentCache full:https://registry.npmjs.org/strip-indent cache-miss
3096 http fetch GET 200 https://registry.npmjs.org/indent-string 296ms (cache revalidated)
3097 silly packumentCache full:https://registry.npmjs.org/indent-string set size:28547 disposed:false
3098 http fetch GET 200 https://registry.npmjs.org/strip-indent 317ms (cache revalidated)
3099 silly packumentCache full:https://registry.npmjs.org/strip-indent set size:21841 disposed:false
3100 silly placeDep ROOT @types/babel__generator@7.27.0 OK for: @types/babel__core@7.20.5 want: *
3101 silly placeDep ROOT @types/babel__template@7.4.4 OK for: @types/babel__core@7.20.5 want: *
3102 silly placeDep ROOT @types/babel__traverse@7.28.0 OK for: @types/babel__core@7.20.5 want: *
3103 silly placeDep ROOT @types/lodash@4.17.24 OK for: @types/lodash.mergewith@4.6.7 want: *
3104 silly placeDep ROOT @types/braces@3.0.5 OK for: @types/micromatch@4.0.10 want: *
3105 silly placeDep ROOT undici-types@6.21.0 OK for: @types/node@20.19.41 want: ~6.21.0
3106 silly placeDep ROOT pg-protocol@1.14.0 OK for: @types/pg@8.11.6 want: *
3107 silly placeDep ROOT pg-types@4.1.0 OK for: @types/pg@8.11.6 want: ^4.0.1
3108 silly fetch manifest pg-int8@1.0.1
3109 silly packumentCache full:https://registry.npmjs.org/pg-int8 cache-miss
3110 silly fetch manifest pg-numeric@1.0.2
3111 silly packumentCache full:https://registry.npmjs.org/pg-numeric cache-miss
3112 silly fetch manifest postgres-array@~3.0.1
3113 silly packumentCache full:https://registry.npmjs.org/postgres-array cache-miss
3114 silly fetch manifest postgres-bytea@~3.0.0
3115 silly packumentCache full:https://registry.npmjs.org/postgres-bytea cache-miss
3116 silly fetch manifest postgres-date@~2.1.0
3117 silly packumentCache full:https://registry.npmjs.org/postgres-date cache-miss
3118 silly fetch manifest postgres-interval@^3.0.0
3119 silly packumentCache full:https://registry.npmjs.org/postgres-interval cache-miss
3120 silly fetch manifest postgres-range@^1.1.1
3121 silly packumentCache full:https://registry.npmjs.org/postgres-range cache-miss
3122 http fetch GET 200 https://registry.npmjs.org/postgres-date 379ms (cache revalidated)
3123 silly packumentCache full:https://registry.npmjs.org/postgres-date set size:27126 disposed:false
3124 http fetch GET 200 https://registry.npmjs.org/pg-numeric 386ms (cache revalidated)
3125 silly packumentCache full:https://registry.npmjs.org/pg-numeric set size:7951 disposed:false
3126 http fetch GET 200 https://registry.npmjs.org/pg-int8 389ms (cache revalidated)
3127 silly packumentCache full:https://registry.npmjs.org/pg-int8 set size:3652 disposed:false
3128 http fetch GET 200 https://registry.npmjs.org/postgres-range 388ms (cache revalidated)
3129 silly packumentCache full:https://registry.npmjs.org/postgres-range set size:23714 disposed:false
3130 http fetch GET 200 https://registry.npmjs.org/postgres-interval 393ms (cache revalidated)
3131 silly packumentCache full:https://registry.npmjs.org/postgres-interval set size:30514 disposed:false
3132 http fetch GET 200 https://registry.npmjs.org/postgres-bytea 397ms (cache revalidated)
3133 silly packumentCache full:https://registry.npmjs.org/postgres-bytea set size:8854 disposed:false
3134 http fetch GET 200 https://registry.npmjs.org/postgres-array 400ms (cache revalidated)
3135 silly packumentCache full:https://registry.npmjs.org/postgres-array set size:21967 disposed:false
3136 silly placeDep ROOT @types/prop-types@15.7.15 OK for: @types/react@18.3.29 want: *
3137 silly placeDep ROOT @types/google.maps@3.64.1 OK for: @vis.gl/react-google-maps@0.8.3 want: ^3.54.10
3138 silly placeDep ROOT fast-deep-equal@3.1.3 OK for: @vis.gl/react-google-maps@0.8.3 want: ^3.1.3
3139 silly placeDep ROOT @zag-js/dom-query@0.16.0 OK for: @zag-js/focus-visible@0.16.0 want: 0.16.0
3140 silly placeDep ROOT @phc/format@1.0.0 OK for: argon2@0.43.1 want: ^1.0.0
3141 silly placeDep ROOT node-addon-api@8.7.0 OK for: argon2@0.43.1 want: ^8.4.0
3142 silly placeDep ROOT node-gyp-build@4.8.4 OK for: argon2@0.43.1 want: ^4.8.4
3143 silly placeDep ROOT caniuse-lite@1.0.30001793 OK for: autoprefixer@10.5.0 want: ^1.0.30001787
3144 silly placeDep ROOT fraction.js@5.3.4 OK for: autoprefixer@10.5.0 want: ^5.3.4
3145 silly placeDep ROOT postcss-value-parser@4.2.0 OK for: autoprefixer@10.5.0 want: ^4.2.0
3146 silly placeDep ROOT cosmiconfig@7.1.0 OK for: babel-plugin-macros@3.1.0 want: ^7.0.0
3147 silly placeDep ROOT resolve@1.22.12 OK for: babel-plugin-macros@3.1.0 want: ^1.19.0
3148 silly fetch manifest yaml@^1.10.0
3149 silly packumentCache full:https://registry.npmjs.org/yaml cache-miss
3150 silly fetch manifest path-type@^4.0.0
3151 silly packumentCache full:https://registry.npmjs.org/path-type cache-miss
3152 silly fetch manifest parse-json@^5.0.0
3153 silly packumentCache full:https://registry.npmjs.org/parse-json cache-miss
3154 silly fetch manifest import-fresh@^3.2.1
3155 silly packumentCache full:https://registry.npmjs.org/import-fresh cache-miss
3156 silly fetch manifest @types/parse-json@^4.0.0
3157 silly packumentCache full:https://registry.npmjs.org/@types%2fparse-json cache-miss
3158 silly fetch manifest es-errors@^1.3.0
3159 silly packumentCache full:https://registry.npmjs.org/es-errors cache-miss
3160 silly fetch manifest path-parse@^1.0.7
3161 silly packumentCache full:https://registry.npmjs.org/path-parse cache-miss
3162 http cache https://registry.npmjs.org/yaml 36ms (cache hit)
3163 silly packumentCache full:https://registry.npmjs.org/yaml set size:385754 disposed:false
3164 silly fetch manifest is-core-module@^2.16.1
3165 silly packumentCache full:https://registry.npmjs.org/is-core-module cache-miss
3166 http fetch GET 200 https://registry.npmjs.org/path-type 309ms (cache revalidated)
3167 silly packumentCache full:https://registry.npmjs.org/path-type set size:15341 disposed:false
3168 silly fetch manifest supports-preserve-symlinks-flag@^1.0.0
3169 silly packumentCache full:https://registry.npmjs.org/supports-preserve-symlinks-flag cache-miss
3170 http fetch GET 200 https://registry.npmjs.org/es-errors 319ms (cache revalidated)
3171 silly packumentCache full:https://registry.npmjs.org/es-errors set size:16918 disposed:false
3172 http fetch GET 200 https://registry.npmjs.org/path-parse 323ms (cache revalidated)
3173 silly packumentCache full:https://registry.npmjs.org/path-parse set size:14523 disposed:false
3174 http fetch GET 200 https://registry.npmjs.org/import-fresh 327ms (cache revalidated)
3175 silly packumentCache full:https://registry.npmjs.org/import-fresh set size:24604 disposed:false
3176 http fetch GET 200 https://registry.npmjs.org/parse-json 331ms (cache revalidated)
3177 silly packumentCache full:https://registry.npmjs.org/parse-json set size:48198 disposed:false
3178 http fetch GET 200 https://registry.npmjs.org/@types%2fparse-json 546ms (cache revalidated)
3179 silly packumentCache full:https://registry.npmjs.org/@types%2fparse-json set size:6477 disposed:false
3180 http fetch GET 200 https://registry.npmjs.org/supports-preserve-symlinks-flag 311ms (cache revalidated)
3181 silly packumentCache full:https://registry.npmjs.org/supports-preserve-symlinks-flag set size:6802 disposed:false
3182 http fetch GET 200 https://registry.npmjs.org/is-core-module 1097ms (cache revalidated)
3183 silly packumentCache full:https://registry.npmjs.org/is-core-module set size:74378 disposed:false
3184 silly placeDep ROOT baseline-browser-mapping@2.10.31 OK for: browserslist@4.28.2 want: ^2.10.12
3185 silly placeDep ROOT electron-to-chromium@1.5.360 OK for: browserslist@4.28.2 want: ^1.5.328
3186 silly placeDep ROOT node-releases@2.0.45 OK for: browserslist@4.28.2 want: ^2.0.36
3187 silly placeDep ROOT update-browserslist-db@1.2.3 OK for: browserslist@4.28.2 want: ^1.2.3
3188 silly fetch manifest escalade@^3.2.0
3189 silly packumentCache full:https://registry.npmjs.org/escalade cache-miss
3190 http fetch GET 200 https://registry.npmjs.org/escalade 65ms (cache revalidated)
3191 silly packumentCache full:https://registry.npmjs.org/escalade set size:33724 disposed:false
3192 silly placeDep ROOT readdirp@4.1.2 OK for: chokidar@4.0.3 want: ^4.0.1
3193 silly placeDep node_modules/clean-stack escape-string-regexp@5.0.0 OK for: clean-stack@5.3.0 want: 5.0.0
3194 silly placeDep ROOT bytes@3.1.2 OK for: compression@1.8.1 want: 3.1.2
3195 silly placeDep ROOT compressible@2.0.18 OK for: compression@1.8.1 want: ~2.0.18
3196 silly placeDep node_modules/compression debug@2.6.9 OK for: compression@1.8.1 want: 2.6.9
3197 silly placeDep ROOT negotiator@0.6.4 OK for: compression@1.8.1 want: ~0.6.4
3198 silly placeDep ROOT on-headers@1.1.0 OK for: compression@1.8.1 want: ~1.1.0
3199 silly placeDep ROOT safe-buffer@5.2.1 OK for: compression@1.8.1 want: 5.2.1
3200 silly placeDep ROOT vary@1.1.2 OK for: compression@1.8.1 want: ~1.1.2
3201 silly fetch manifest mime-db@>= 1.43.0 < 2
3202 silly packumentCache full:https://registry.npmjs.org/mime-db cache-miss
3203 silly fetch manifest ms@2.0.0
3204 silly packumentCache full:https://registry.npmjs.org/ms cache-hit
3205 http fetch GET 200 https://registry.npmjs.org/mime-db 305ms (cache revalidated)
3206 silly packumentCache full:https://registry.npmjs.org/mime-db set size:164953 disposed:false
3207 silly placeDep ROOT mime-db@1.54.0 OK for: compressible@2.0.18 want: >= 1.43.0 < 2
3208 silly placeDep ROOT toggle-selection@1.0.6 OK for: copy-to-clipboard@3.3.3 want: ^1.0.6
3209 silly placeDep ROOT @types/parse-json@4.0.2 OK for: cosmiconfig@7.1.0 want: ^4.0.0
3210 silly placeDep ROOT import-fresh@3.3.1 OK for: cosmiconfig@7.1.0 want: ^3.2.1
3211 silly placeDep ROOT parse-json@5.2.0 OK for: cosmiconfig@7.1.0 want: ^5.0.0
3212 silly placeDep ROOT path-type@4.0.0 OK for: cosmiconfig@7.1.0 want: ^4.0.0
3213 silly placeDep ROOT yaml@1.10.3 OK for: cosmiconfig@7.1.0 want: ^1.10.0
3214 silly fetch manifest resolve-from@^4.0.0
3215 silly packumentCache full:https://registry.npmjs.org/resolve-from cache-miss
3216 silly fetch manifest parent-module@^1.0.0
3217 silly packumentCache full:https://registry.npmjs.org/parent-module cache-miss
3218 silly fetch manifest error-ex@^1.3.1
3219 silly packumentCache full:https://registry.npmjs.org/error-ex cache-miss
3220 silly fetch manifest lines-and-columns@^1.1.6
3221 silly packumentCache full:https://registry.npmjs.org/lines-and-columns cache-miss
3222 silly fetch manifest json-parse-even-better-errors@^2.3.0
3223 silly packumentCache full:https://registry.npmjs.org/json-parse-even-better-errors cache-miss
3224 http fetch GET 200 https://registry.npmjs.org/json-parse-even-better-errors 309ms (cache revalidated)
3225 silly packumentCache full:https://registry.npmjs.org/json-parse-even-better-errors set size:37274 disposed:false
3226 http fetch GET 200 https://registry.npmjs.org/parent-module 314ms (cache revalidated)
3227 silly packumentCache full:https://registry.npmjs.org/parent-module set size:18255 disposed:false
3228 http fetch GET 200 https://registry.npmjs.org/lines-and-columns 316ms (cache revalidated)
3229 silly packumentCache full:https://registry.npmjs.org/lines-and-columns set size:73796 disposed:false
3230 http fetch GET 200 https://registry.npmjs.org/resolve-from 325ms (cache revalidated)
3231 silly packumentCache full:https://registry.npmjs.org/resolve-from set size:12911 disposed:false
3232 http fetch GET 200 https://registry.npmjs.org/error-ex 325ms (cache revalidated)
3233 silly packumentCache full:https://registry.npmjs.org/error-ex set size:31684 disposed:false
3234 silly placeDep ROOT tiny-invariant@1.3.3 OK for: css-box-model@1.2.1 want: ^1.0.6
3235 silly placeDep ROOT ms@2.1.3 OK for: debug@4.4.3 want: ^2.1.3
3236 silly placeDep node_modules/downshift compute-scroll-into-view@3.1.1 OK for: downshift@9.3.3 want: ^3.1.1
3237 silly placeDep ROOT prop-types@15.8.1 OK for: downshift@9.3.3 want: ^15.8.1
3238 silly placeDep ROOT react-is@18.3.1 OK for: downshift@9.3.3 want: ^18.2.0
3239 silly fetch manifest loose-envify@^1.4.0
3240 silly packumentCache full:https://registry.npmjs.org/loose-envify cache-hit
3241 silly fetch manifest object-assign@^4.1.1
3242 silly packumentCache full:https://registry.npmjs.org/object-assign cache-miss
3243 silly fetch manifest react-is@^16.13.1
3244 silly packumentCache full:https://registry.npmjs.org/react-is cache-miss
3245 http cache https://registry.npmjs.org/react-is 39ms (cache hit)
3246 silly packumentCache full:https://registry.npmjs.org/react-is set size:5380884 disposed:false
3247 http fetch GET 200 https://registry.npmjs.org/object-assign 172ms (cache revalidated)
3248 silly packumentCache full:https://registry.npmjs.org/object-assign set size:28988 disposed:false
3249 silly placeDep ROOT embla-carousel@8.0.0-rc15 OK for: embla-carousel-react@8.0.0-rc15 want: 8.0.0-rc15
3250 silly placeDep ROOT embla-carousel-reactive-utils@8.0.0-rc15 OK for: embla-carousel-react@8.0.0-rc15 want: 8.0.0-rc15
3251 silly placeDep ROOT graceful-fs@4.2.11 OK for: enhanced-resolve@5.21.6 want: ^4.2.4
3252 silly placeDep ROOT tapable@2.3.3 OK for: enhanced-resolve@5.21.6 want: ^2.3.3
3253 silly placeDep ROOT accepts@1.3.8 OK for: express@4.22.2 want: ~1.3.8
3254 silly placeDep ROOT array-flatten@1.1.1 OK for: express@4.22.2 want: 1.1.1
3255 silly placeDep ROOT body-parser@1.20.5 OK for: express@4.22.2 want: ~1.20.5
3256 silly placeDep ROOT content-disposition@0.5.4 OK for: express@4.22.2 want: ~0.5.4
3257 silly placeDep ROOT content-type@1.0.5 OK for: express@4.22.2 want: ~1.0.4
3258 silly placeDep ROOT cookie@0.7.2 OK for: express@4.22.2 want: ~0.7.1
3259 silly placeDep ROOT cookie-signature@1.0.7 OK for: express@4.22.2 want: ~1.0.6
3260 silly placeDep node_modules/express debug@2.6.9 OK for: express@4.22.2 want: 2.6.9
3261 silly placeDep ROOT depd@2.0.0 OK for: express@4.22.2 want: 2.0.0
3262 silly placeDep ROOT encodeurl@2.0.0 OK for: express@4.22.2 want: ~2.0.0
3263 silly placeDep ROOT escape-html@1.0.3 OK for: express@4.22.2 want: ~1.0.3
3264 silly placeDep ROOT etag@1.8.1 OK for: express@4.22.2 want: ~1.8.1
3265 silly placeDep ROOT finalhandler@1.3.2 OK for: express@4.22.2 want: ~1.3.1
3266 silly placeDep ROOT fresh@0.5.2 OK for: express@4.22.2 want: ~0.5.2
3267 silly placeDep ROOT http-errors@2.0.1 OK for: express@4.22.2 want: ~2.0.0
3268 silly placeDep ROOT merge-descriptors@1.0.3 OK for: express@4.22.2 want: 1.0.3
3269 silly placeDep ROOT methods@1.1.2 OK for: express@4.22.2 want: ~1.1.2
3270 silly placeDep ROOT on-finished@2.4.1 OK for: express@4.22.2 want: ~2.4.1
3271 silly placeDep ROOT parseurl@1.3.3 OK for: express@4.22.2 want: ~1.3.3
3272 silly placeDep ROOT path-to-regexp@0.1.13 OK for: express@4.22.2 want: ~0.1.12
3273 silly placeDep ROOT proxy-addr@2.0.7 OK for: express@4.22.2 want: ~2.0.7
3274 silly placeDep ROOT qs@6.15.2 OK for: express@4.22.2 want: ~6.15.1
3275 silly placeDep ROOT range-parser@1.2.1 OK for: express@4.22.2 want: ~1.2.1
3276 silly placeDep ROOT send@0.19.2 OK for: express@4.22.2 want: ~0.19.0
3277 silly placeDep ROOT serve-static@1.16.3 OK for: express@4.22.2 want: ~1.16.2
3278 silly placeDep ROOT setprototypeof@1.2.0 OK for: express@4.22.2 want: 1.2.0
3279 silly placeDep ROOT statuses@2.0.2 OK for: express@4.22.2 want: ~2.0.1
3280 silly placeDep ROOT type-is@1.6.18 OK for: express@4.22.2 want: ~1.6.18
3281 silly placeDep ROOT utils-merge@1.0.1 OK for: express@4.22.2 want: 1.0.1
3282 silly fetch manifest mime-types@~2.1.34
3283 silly packumentCache full:https://registry.npmjs.org/mime-types cache-miss
3284 silly fetch manifest negotiator@0.6.3
3285 silly packumentCache full:https://registry.npmjs.org/negotiator cache-hit
3286 silly fetch manifest content-type@~1.0.5
3287 silly packumentCache full:https://registry.npmjs.org/content-type cache-hit
3288 silly fetch manifest destroy@~1.2.0
3289 silly packumentCache full:https://registry.npmjs.org/destroy cache-miss
3290 silly fetch manifest http-errors@~2.0.1
3291 silly packumentCache full:https://registry.npmjs.org/http-errors cache-hit
3292 silly fetch manifest iconv-lite@~0.4.24
3293 silly packumentCache full:https://registry.npmjs.org/iconv-lite cache-miss
3294 silly fetch manifest raw-body@~2.5.3
3295 silly packumentCache full:https://registry.npmjs.org/raw-body cache-miss
3296 silly fetch manifest unpipe@~1.0.0
3297 silly packumentCache full:https://registry.npmjs.org/unpipe cache-miss
3298 silly fetch manifest unpipe@~1.0.0
3299 silly packumentCache full:https://registry.npmjs.org/unpipe cache-miss
3300 silly fetch manifest statuses@~2.0.2
3301 silly packumentCache full:https://registry.npmjs.org/statuses cache-hit
3302 silly fetch manifest inherits@~2.0.4
3303 silly packumentCache full:https://registry.npmjs.org/inherits cache-miss
3304 http fetch GET 200 https://registry.npmjs.org/unpipe 67ms (cache revalidated)
3305 silly packumentCache full:https://registry.npmjs.org/unpipe set size:3609 disposed:false
3306 silly fetch manifest setprototypeof@~1.2.0
3307 silly packumentCache full:https://registry.npmjs.org/setprototypeof cache-hit
3308 silly fetch manifest toidentifier@~1.0.1
3309 silly packumentCache full:https://registry.npmjs.org/toidentifier cache-miss
3310 http fetch GET 200 https://registry.npmjs.org/unpipe 72ms (cache revalidated)
3311 silly packumentCache full:https://registry.npmjs.org/unpipe set size:3609 disposed:false
3312 silly packumentCache full:https://registry.npmjs.org/unpipe dispose
3313 silly fetch manifest ee-first@1.1.1
3314 silly packumentCache full:https://registry.npmjs.org/ee-first cache-miss
3315 http fetch GET 200 https://registry.npmjs.org/raw-body 78ms (cache revalidated)
3316 silly packumentCache full:https://registry.npmjs.org/raw-body set size:117822 disposed:false
3317 silly fetch manifest forwarded@0.2.0
3318 silly packumentCache full:https://registry.npmjs.org/forwarded cache-miss
3319 http fetch GET 200 https://registry.npmjs.org/inherits 79ms (cache revalidated)
3320 silly packumentCache full:https://registry.npmjs.org/inherits set size:12925 disposed:false
3321 silly fetch manifest ipaddr.js@1.9.1
3322 silly packumentCache full:https://registry.npmjs.org/ipaddr.js cache-miss
3323 http fetch GET 200 https://registry.npmjs.org/iconv-lite 91ms (cache revalidated)
3324 silly packumentCache full:https://registry.npmjs.org/iconv-lite set size:120557 disposed:false
3325 silly fetch manifest side-channel@^1.1.0
3326 silly packumentCache full:https://registry.npmjs.org/side-channel cache-miss
3327 http fetch GET 200 https://registry.npmjs.org/mime-types 105ms (cache revalidated)
3328 silly packumentCache full:https://registry.npmjs.org/mime-types set size:139110 disposed:false
3329 silly fetch manifest mime@1.6.0
3330 silly packumentCache full:https://registry.npmjs.org/mime cache-miss
3331 http fetch GET 200 https://registry.npmjs.org/toidentifier 73ms (cache revalidated)
3332 silly packumentCache full:https://registry.npmjs.org/toidentifier set size:12006 disposed:false
3333 silly fetch manifest destroy@1.2.0
3334 silly packumentCache full:https://registry.npmjs.org/destroy cache-miss
3335 http fetch GET 200 https://registry.npmjs.org/side-channel 97ms (cache revalidated)
3336 silly packumentCache full:https://registry.npmjs.org/side-channel set size:24660 disposed:false
3337 silly fetch manifest mime-types@~2.1.24
3338 silly packumentCache full:https://registry.npmjs.org/mime-types cache-hit
3339 silly fetch manifest media-typer@0.3.0
3340 silly packumentCache full:https://registry.npmjs.org/media-typer cache-miss
3341 http fetch GET 200 https://registry.npmjs.org/destroy 194ms (cache revalidated)
3342 silly packumentCache full:https://registry.npmjs.org/destroy set size:15738 disposed:false
3343 http fetch GET 200 https://registry.npmjs.org/destroy 354ms (cache revalidated)
3344 silly packumentCache full:https://registry.npmjs.org/destroy set size:15738 disposed:false
3345 silly packumentCache full:https://registry.npmjs.org/destroy dispose
3346 http fetch GET 200 https://registry.npmjs.org/forwarded 301ms (cache revalidated)
3347 silly packumentCache full:https://registry.npmjs.org/forwarded set size:11229 disposed:false
3348 http fetch GET 200 https://registry.npmjs.org/mime 332ms (cache revalidated)
3349 silly packumentCache full:https://registry.npmjs.org/mime set size:119236 disposed:false
3350 http fetch GET 200 https://registry.npmjs.org/media-typer 296ms (cache revalidated)
3351 silly packumentCache full:https://registry.npmjs.org/media-typer set size:20873 disposed:false
3352 http fetch GET 200 https://registry.npmjs.org/ipaddr.js 556ms (cache revalidated)
3353 silly packumentCache full:https://registry.npmjs.org/ipaddr.js set size:69563 disposed:false
3354 http fetch GET 200 https://registry.npmjs.org/ee-first 623ms (cache revalidated)
3355 silly packumentCache full:https://registry.npmjs.org/ee-first set size:15327 disposed:false
3356 silly placeDep ROOT mime-types@2.1.35 OK for: accepts@1.3.8 want: ~2.1.34
3357 silly placeDep node_modules/accepts negotiator@0.6.3 OK for: accepts@1.3.8 want: 0.6.3
3358 silly fetch manifest mime-db@1.52.0
3359 silly packumentCache full:https://registry.npmjs.org/mime-db cache-hit
3360 silly placeDep node_modules/body-parser debug@2.6.9 OK for: body-parser@1.20.5 want: 2.6.9
3361 silly placeDep ROOT destroy@1.2.0 OK for: body-parser@1.20.5 want: ~1.2.0
3362 silly placeDep ROOT iconv-lite@0.4.24 OK for: body-parser@1.20.5 want: ~0.4.24
3363 silly placeDep ROOT raw-body@2.5.3 OK for: body-parser@1.20.5 want: ~2.5.3
3364 silly placeDep ROOT unpipe@1.0.0 OK for: body-parser@1.20.5 want: ~1.0.0
3365 silly fetch manifest safer-buffer@>= 2.1.2 < 3
3366 silly packumentCache full:https://registry.npmjs.org/safer-buffer cache-miss
3367 http fetch GET 200 https://registry.npmjs.org/safer-buffer 400ms (cache revalidated)
3368 silly packumentCache full:https://registry.npmjs.org/safer-buffer set size:18521 disposed:false
3369 silly placeDep ROOT @nodelib/fs.stat@2.0.5 OK for: fast-glob@3.3.3 want: ^2.0.2
3370 silly placeDep ROOT @nodelib/fs.walk@1.2.8 OK for: fast-glob@3.3.3 want: ^1.2.3
3371 silly placeDep ROOT glob-parent@5.1.2 OK for: fast-glob@3.3.3 want: ^5.1.2
3372 silly placeDep ROOT merge2@1.4.1 OK for: fast-glob@3.3.3 want: ^1.3.0
3373 silly fetch manifest fastq@^1.6.0
3374 silly packumentCache full:https://registry.npmjs.org/fastq cache-miss
3375 silly fetch manifest @nodelib/fs.scandir@2.1.5
3376 silly packumentCache full:https://registry.npmjs.org/@nodelib%2ffs.scandir cache-miss
3377 silly fetch manifest is-glob@^4.0.1
3378 silly packumentCache full:https://registry.npmjs.org/is-glob cache-hit
3379 http fetch GET 200 https://registry.npmjs.org/fastq 316ms (cache revalidated)
3380 silly packumentCache full:https://registry.npmjs.org/fastq set size:78301 disposed:false
3381 http fetch GET 200 https://registry.npmjs.org/@nodelib%2ffs.scandir 646ms (cache revalidated)
3382 silly packumentCache full:https://registry.npmjs.org/@nodelib%2ffs.scandir set size:49256 disposed:false
3383 silly placeDep ROOT @nodelib/fs.scandir@2.1.5 OK for: @nodelib/fs.walk@1.2.8 want: 2.1.5
3384 silly placeDep ROOT fastq@1.20.1 OK for: @nodelib/fs.walk@1.2.8 want: ^1.6.0
3385 silly fetch manifest run-parallel@^1.1.9
3386 silly packumentCache full:https://registry.npmjs.org/run-parallel cache-miss
3387 silly fetch manifest reusify@^1.0.4
3388 silly packumentCache full:https://registry.npmjs.org/reusify cache-miss
3389 http fetch GET 200 https://registry.npmjs.org/run-parallel 326ms (cache revalidated)
3390 silly packumentCache full:https://registry.npmjs.org/run-parallel set size:35172 disposed:false
3391 http fetch GET 200 https://registry.npmjs.org/reusify 330ms (cache revalidated)
3392 silly packumentCache full:https://registry.npmjs.org/reusify set size:14249 disposed:false
3393 silly placeDep ROOT run-parallel@1.2.0 OK for: @nodelib/fs.scandir@2.1.5 want: ^1.1.9
3394 silly fetch manifest queue-microtask@^1.2.2
3395 silly packumentCache full:https://registry.npmjs.org/queue-microtask cache-miss
3396 http fetch GET 200 https://registry.npmjs.org/queue-microtask 328ms (cache revalidated)
3397 silly packumentCache full:https://registry.npmjs.org/queue-microtask set size:36088 disposed:false
3398 silly placeDep ROOT reusify@1.1.0 OK for: fastq@1.20.1 want: ^1.0.4
3399 silly placeDep node_modules/finalhandler debug@2.6.9 OK for: finalhandler@1.3.2 want: 2.6.9
3400 silly placeDep node_modules/framesync tslib@2.4.0 OK for: framesync@6.1.2 want: 2.4.0
3401 silly placeDep ROOT is-glob@4.0.3 OK for: glob-parent@5.1.2 want: ^4.0.1
3402 silly fetch manifest is-extglob@^2.1.1
3403 silly packumentCache full:https://registry.npmjs.org/is-extglob cache-miss
3404 http fetch GET 200 https://registry.npmjs.org/is-extglob 336ms (cache revalidated)
3405 silly packumentCache full:https://registry.npmjs.org/is-extglob set size:11766 disposed:false
3406 silly placeDep node_modules/hoist-non-react-statics react-is@16.13.1 OK for: hoist-non-react-statics@3.3.2 want: ^16.7.0
3407 silly placeDep ROOT inherits@2.0.4 OK for: http-errors@2.0.1 want: ~2.0.4
3408 silly placeDep ROOT toidentifier@1.0.1 OK for: http-errors@2.0.1 want: ~1.0.1
3409 silly placeDep ROOT safer-buffer@2.1.2 OK for: iconv-lite@0.4.24 want: >= 2.1.2 < 3
3410 silly placeDep ROOT parent-module@1.0.1 OK for: import-fresh@3.3.1 want: ^1.0.0
3411 silly placeDep ROOT resolve-from@4.0.0 OK for: import-fresh@3.3.1 want: ^4.0.0
3412 silly fetch manifest callsites@^3.0.0
3413 silly packumentCache full:https://registry.npmjs.org/callsites cache-miss
3414 http fetch GET 200 https://registry.npmjs.org/callsites 328ms (cache revalidated)
3415 silly packumentCache full:https://registry.npmjs.org/callsites set size:21349 disposed:false
3416 silly placeDep ROOT is-extglob@2.1.1 OK for: is-glob@4.0.3 want: ^2.1.1
3417 silly placeDep ROOT cssstyle@4.6.0 OK for: jsdom@26.1.0 want: ^4.2.1
3418 silly placeDep ROOT data-urls@5.0.0 OK for: jsdom@26.1.0 want: ^5.0.0
3419 silly placeDep ROOT decimal.js@10.6.0 OK for: jsdom@26.1.0 want: ^10.5.0
3420 silly placeDep ROOT html-encoding-sniffer@4.0.0 OK for: jsdom@26.1.0 want: ^4.0.0
3421 silly placeDep ROOT http-proxy-agent@7.0.2 OK for: jsdom@26.1.0 want: ^7.0.2
3422 silly placeDep ROOT https-proxy-agent@7.0.6 OK for: jsdom@26.1.0 want: ^7.0.6
3423 silly placeDep ROOT is-potential-custom-element-name@1.0.1 OK for: jsdom@26.1.0 want: ^1.0.1
3424 silly placeDep ROOT nwsapi@2.2.23 OK for: jsdom@26.1.0 want: ^2.2.16
3425 silly placeDep ROOT parse5@7.3.0 OK for: jsdom@26.1.0 want: ^7.2.1
3426 silly placeDep ROOT rrweb-cssom@0.8.0 OK for: jsdom@26.1.0 want: ^0.8.0
3427 silly placeDep ROOT saxes@6.0.0 OK for: jsdom@26.1.0 want: ^6.0.0
3428 silly placeDep ROOT symbol-tree@3.2.4 OK for: jsdom@26.1.0 want: ^3.2.4
3429 silly placeDep ROOT tough-cookie@5.1.2 OK for: jsdom@26.1.0 want: ^5.1.1
3430 silly placeDep ROOT w3c-xmlserializer@5.0.0 OK for: jsdom@26.1.0 want: ^5.0.0
3431 silly placeDep ROOT webidl-conversions@7.0.0 OK for: jsdom@26.1.0 want: ^7.0.0
3432 silly placeDep ROOT whatwg-encoding@3.1.1 OK for: jsdom@26.1.0 want: ^3.1.1
3433 silly placeDep ROOT whatwg-mimetype@4.0.0 OK for: jsdom@26.1.0 want: ^4.0.0
3434 silly placeDep ROOT whatwg-url@14.2.0 OK for: jsdom@26.1.0 want: ^14.1.1
3435 silly placeDep ROOT xml-name-validator@5.0.0 OK for: jsdom@26.1.0 want: ^5.0.0
3436 silly fetch manifest @asamuzakjp/css-color@^3.2.0
3437 silly packumentCache full:https://registry.npmjs.org/@asamuzakjp%2fcss-color cache-miss
3438 silly fetch manifest whatwg-url@^14.0.0
3439 silly packumentCache full:https://registry.npmjs.org/whatwg-url cache-hit
3440 silly fetch manifest agent-base@^7.1.0
3441 silly packumentCache full:https://registry.npmjs.org/agent-base cache-miss
3442 silly fetch manifest agent-base@^7.1.2
3443 silly packumentCache full:https://registry.npmjs.org/agent-base cache-miss
3444 silly fetch manifest entities@^6.0.0
3445 silly packumentCache full:https://registry.npmjs.org/entities cache-miss
3446 silly fetch manifest xmlchars@^2.2.0
3447 silly packumentCache full:https://registry.npmjs.org/xmlchars cache-miss
3448 silly fetch manifest tldts@^6.1.32
3449 silly packumentCache full:https://registry.npmjs.org/tldts cache-miss
3450 silly fetch manifest iconv-lite@0.6.3
3451 silly packumentCache full:https://registry.npmjs.org/iconv-lite cache-hit
3452 silly fetch manifest tr46@^5.1.0
3453 silly packumentCache full:https://registry.npmjs.org/tr46 cache-miss
3454 http fetch GET 200 https://registry.npmjs.org/agent-base 329ms (cache revalidated)
3455 silly packumentCache full:https://registry.npmjs.org/agent-base set size:72085 disposed:false
3456 http fetch GET 200 https://registry.npmjs.org/xmlchars 335ms (cache revalidated)
3457 silly packumentCache full:https://registry.npmjs.org/xmlchars set size:33578 disposed:false
3458 http fetch GET 200 https://registry.npmjs.org/agent-base 344ms (cache revalidated)
3459 silly packumentCache full:https://registry.npmjs.org/agent-base set size:72085 disposed:false
3460 silly packumentCache full:https://registry.npmjs.org/agent-base dispose
3461 http fetch GET 200 https://registry.npmjs.org/tr46 339ms (cache revalidated)
3462 silly packumentCache full:https://registry.npmjs.org/tr46 set size:47377 disposed:false
3463 http fetch GET 200 https://registry.npmjs.org/tldts 363ms (cache revalidated)
3464 silly packumentCache full:https://registry.npmjs.org/tldts set size:3401976 disposed:false
3465 http fetch GET 200 https://registry.npmjs.org/entities 444ms (cache revalidated)
3466 silly packumentCache full:https://registry.npmjs.org/entities set size:101550 disposed:false
3467 http fetch GET 200 https://registry.npmjs.org/@asamuzakjp%2fcss-color 776ms (cache revalidated)
3468 silly packumentCache full:https://registry.npmjs.org/@asamuzakjp%2fcss-color set size:203153 disposed:false
3469 silly placeDep ROOT @asamuzakjp/css-color@3.2.0 OK for: cssstyle@4.6.0 want: ^3.2.0
3470 silly fetch manifest lru-cache@^10.4.3
3471 silly packumentCache full:https://registry.npmjs.org/lru-cache cache-hit
3472 silly fetch manifest @csstools/css-calc@^2.1.3
3473 silly packumentCache full:https://registry.npmjs.org/@csstools%2fcss-calc cache-miss
3474 silly fetch manifest @csstools/css-tokenizer@^3.0.3
3475 silly packumentCache full:https://registry.npmjs.org/@csstools%2fcss-tokenizer cache-miss
3476 silly fetch manifest @csstools/css-color-parser@^3.0.9
3477 silly packumentCache full:https://registry.npmjs.org/@csstools%2fcss-color-parser cache-miss
3478 silly fetch manifest @csstools/css-parser-algorithms@^3.0.4
3479 silly packumentCache full:https://registry.npmjs.org/@csstools%2fcss-parser-algorithms cache-miss
3480 http fetch GET 200 https://registry.npmjs.org/@csstools%2fcss-tokenizer 645ms (cache revalidated)
3481 silly packumentCache full:https://registry.npmjs.org/@csstools%2fcss-tokenizer set size:61164 disposed:false
3482 http fetch GET 200 https://registry.npmjs.org/@csstools%2fcss-color-parser 656ms (cache revalidated)
3483 silly packumentCache full:https://registry.npmjs.org/@csstools%2fcss-color-parser set size:107633 disposed:false
3484 http fetch GET 200 https://registry.npmjs.org/@csstools%2fcss-parser-algorithms 672ms (cache revalidated)
3485 silly packumentCache full:https://registry.npmjs.org/@csstools%2fcss-parser-algorithms set size:66140 disposed:false
3486 http fetch GET 200 https://registry.npmjs.org/@csstools%2fcss-calc 679ms (cache revalidated)
3487 silly packumentCache full:https://registry.npmjs.org/@csstools%2fcss-calc set size:76338 disposed:false
3488 silly placeDep ROOT @csstools/css-calc@2.1.4 OK for: @asamuzakjp/css-color@3.2.0 want: ^2.1.3
3489 silly placeDep ROOT @csstools/css-color-parser@3.1.0 OK for: @asamuzakjp/css-color@3.2.0 want: ^3.0.9
3490 silly placeDep ROOT @csstools/css-parser-algorithms@3.0.5 OK for: @asamuzakjp/css-color@3.2.0 want: ^3.0.4
3491 silly placeDep ROOT @csstools/css-tokenizer@3.0.4 OK for: @asamuzakjp/css-color@3.2.0 want: ^3.0.3
3492 silly placeDep node_modules/@asamuzakjp/css-color lru-cache@10.4.3 OK for: @asamuzakjp/css-color@3.2.0 want: ^10.4.3
3493 silly fetch manifest @csstools/color-helpers@^5.1.0
3494 silly packumentCache full:https://registry.npmjs.org/@csstools%2fcolor-helpers cache-miss
3495 http fetch GET 200 https://registry.npmjs.org/@csstools%2fcolor-helpers 703ms (cache revalidated)
3496 silly packumentCache full:https://registry.npmjs.org/@csstools%2fcolor-helpers set size:42946 disposed:false
3497 silly placeDep ROOT @csstools/color-helpers@5.1.0 OK for: @csstools/css-color-parser@3.1.0 want: ^5.1.0
3498 silly placeDep ROOT agent-base@7.1.4 OK for: http-proxy-agent@7.0.2 want: ^7.1.0
3499 silly placeDep ROOT detect-libc@2.1.2 OK for: lightningcss@1.32.0 want: ^2.0.3
3500 silly placeDep ROOT lightningcss-android-arm64@1.32.0 OK for: lightningcss@1.32.0 want: 1.32.0
3501 silly placeDep ROOT lightningcss-darwin-arm64@1.32.0 OK for: lightningcss@1.32.0 want: 1.32.0
3502 silly placeDep ROOT lightningcss-darwin-x64@1.32.0 OK for: lightningcss@1.32.0 want: 1.32.0
3503 silly placeDep ROOT lightningcss-freebsd-x64@1.32.0 OK for: lightningcss@1.32.0 want: 1.32.0
3504 silly placeDep ROOT lightningcss-linux-arm-gnueabihf@1.32.0 OK for: lightningcss@1.32.0 want: 1.32.0
3505 silly placeDep ROOT lightningcss-linux-arm64-gnu@1.32.0 OK for: lightningcss@1.32.0 want: 1.32.0
3506 silly placeDep ROOT lightningcss-linux-arm64-musl@1.32.0 OK for: lightningcss@1.32.0 want: 1.32.0
3507 silly placeDep ROOT lightningcss-linux-x64-gnu@1.32.0 OK for: lightningcss@1.32.0 want: 1.32.0
3508 silly placeDep ROOT lightningcss-linux-x64-musl@1.32.0 OK for: lightningcss@1.32.0 want: 1.32.0
3509 silly placeDep ROOT lightningcss-win32-arm64-msvc@1.32.0 OK for: lightningcss@1.32.0 want: 1.32.0
3510 silly placeDep ROOT lightningcss-win32-x64-msvc@1.32.0 OK for: lightningcss@1.32.0 want: 1.32.0
3511 silly placeDep ROOT yallist@3.1.1 OK for: lru-cache@5.1.1 want: ^3.0.2
3512 silly placeDep ROOT braces@3.0.3 OK for: micromatch@4.0.8 want: ^3.0.3
3513 silly placeDep ROOT picomatch@2.3.2 OK for: micromatch@4.0.8 want: ^2.3.1
3514 silly fetch manifest fill-range@^7.1.1
3515 silly packumentCache full:https://registry.npmjs.org/fill-range cache-miss
3516 http fetch GET 200 https://registry.npmjs.org/fill-range 314ms (cache revalidated)
3517 silly packumentCache full:https://registry.npmjs.org/fill-range set size:90212 disposed:false
3518 silly placeDep ROOT fill-range@7.1.1 OK for: braces@3.0.3 want: ^7.1.1
3519 silly fetch manifest to-regex-range@^5.0.1
3520 silly packumentCache full:https://registry.npmjs.org/to-regex-range cache-miss
3521 http fetch GET 200 https://registry.npmjs.org/to-regex-range 339ms (cache revalidated)
3522 silly packumentCache full:https://registry.npmjs.org/to-regex-range set size:61569 disposed:false
3523 silly placeDep ROOT to-regex-range@5.0.1 OK for: fill-range@7.1.1 want: ^5.0.1
3524 silly fetch manifest is-number@^7.0.0
3525 silly packumentCache full:https://registry.npmjs.org/is-number cache-miss
3526 http fetch GET 200 https://registry.npmjs.org/is-number 311ms (cache revalidated)
3527 silly packumentCache full:https://registry.npmjs.org/is-number set size:36183 disposed:false
3528 silly placeDep node_modules/mime-types mime-db@1.52.0 OK for: mime-types@2.1.35 want: 1.52.0
3529 silly placeDep ROOT brace-expansion@2.1.0 OK for: minimatch@9.0.9 want: ^2.0.2
3530 silly fetch manifest balanced-match@^1.0.0
3531 silly packumentCache full:https://registry.npmjs.org/balanced-match cache-miss
3532 http fetch GET 200 https://registry.npmjs.org/balanced-match 67ms (cache revalidated)
3533 silly packumentCache full:https://registry.npmjs.org/balanced-match set size:39082 disposed:false
3534 silly placeDep ROOT balanced-match@1.0.2 OK for: brace-expansion@2.1.0 want: ^1.0.0
3535 silly placeDep ROOT basic-auth@2.0.1 OK for: morgan@1.10.1 want: ~2.0.1
3536 silly placeDep node_modules/morgan debug@2.6.9 OK for: morgan@1.10.1 want: 2.6.9
3537 silly placeDep node_modules/morgan on-finished@2.3.0 OK for: morgan@1.10.1 want: ~2.3.0
3538 silly fetch manifest safe-buffer@5.1.2
3539 silly packumentCache full:https://registry.npmjs.org/safe-buffer cache-hit
3540 silly placeDep node_modules/basic-auth safe-buffer@5.1.2 OK for: basic-auth@2.0.1 want: 5.1.2
3541 silly placeDep ROOT framer-motion@12.40.0 OK for: motion@12.40.0 want: ^12.40.0
3542 silly fetch manifest motion-dom@^12.40.0
3543 silly packumentCache full:https://registry.npmjs.org/motion-dom cache-miss
3544 silly fetch manifest motion-utils@^12.39.0
3545 silly packumentCache full:https://registry.npmjs.org/motion-utils cache-miss
3546 http fetch GET 200 https://registry.npmjs.org/motion-utils 289ms (cache revalidated)
3547 silly packumentCache full:https://registry.npmjs.org/motion-utils set size:66443 disposed:false
3548 http fetch GET 200 https://registry.npmjs.org/motion-dom 330ms (cache updated)
3549 silly packumentCache full:https://registry.npmjs.org/motion-dom set size:undefined disposed:false
3550 silly placeDep ROOT motion-dom@12.40.0 OK for: framer-motion@12.40.0 want: ^12.40.0
3551 silly placeDep ROOT motion-utils@12.39.0 OK for: framer-motion@12.40.0 want: ^12.39.0
3552 silly placeDep ROOT ee-first@1.1.1 OK for: on-finished@2.4.1 want: 1.1.1
3553 silly placeDep ROOT callsites@3.1.0 OK for: parent-module@1.0.1 want: ^3.0.0
3554 silly placeDep ROOT error-ex@1.3.4 OK for: parse-json@5.2.0 want: ^1.3.1
3555 silly placeDep ROOT json-parse-even-better-errors@2.3.1 OK for: parse-json@5.2.0 want: ^2.3.0
3556 silly placeDep ROOT lines-and-columns@1.2.4 OK for: parse-json@5.2.0 want: ^1.1.6
3557 silly fetch manifest is-arrayish@^0.2.1
3558 silly packumentCache full:https://registry.npmjs.org/is-arrayish cache-miss
3559 http fetch GET 200 https://registry.npmjs.org/is-arrayish 322ms (cache revalidated)
3560 silly packumentCache full:https://registry.npmjs.org/is-arrayish set size:15371 disposed:false
3561 silly placeDep ROOT is-arrayish@0.2.1 OK for: error-ex@1.3.4 want: ^0.2.1
3562 silly placeDep ROOT entities@6.0.1 OK for: parse5@7.3.0 want: ^6.0.0
3563 silly placeDep ROOT canvas@2.11.2 OK for: pdfjs-dist@3.11.174 want: ^2.11.2
3564 silly placeDep ROOT path2d-polyfill@2.0.1 OK for: pdfjs-dist@3.11.174 want: ^2.0.1
3565 silly fetch manifest nan@^2.17.0
3566 silly packumentCache full:https://registry.npmjs.org/nan cache-miss
3567 silly fetch manifest simple-get@^3.0.3
3568 silly packumentCache full:https://registry.npmjs.org/simple-get cache-miss
3569 silly fetch manifest @mapbox/node-pre-gyp@^1.0.0
3570 silly packumentCache full:https://registry.npmjs.org/@mapbox%2fnode-pre-gyp cache-miss
3571 http fetch GET 200 https://registry.npmjs.org/simple-get 79ms (cache revalidated)
3572 silly packumentCache full:https://registry.npmjs.org/simple-get set size:90014 disposed:false
3573 http fetch GET 200 https://registry.npmjs.org/nan 344ms (cache revalidated)
3574 silly packumentCache full:https://registry.npmjs.org/nan set size:243188 disposed:false
3575 http fetch GET 200 https://registry.npmjs.org/@mapbox%2fnode-pre-gyp 432ms (cache revalidated)
3576 silly packumentCache full:https://registry.npmjs.org/@mapbox%2fnode-pre-gyp set size:134009 disposed:false
3577 silly placeDep ROOT @mapbox/node-pre-gyp@1.0.11 OK for: canvas@2.11.2 want: ^1.0.0
3578 silly placeDep ROOT nan@2.27.0 OK for: canvas@2.11.2 want: ^2.17.0
3579 silly placeDep ROOT simple-get@3.1.1 OK for: canvas@2.11.2 want: ^3.0.3
3580 silly fetch manifest tar@^6.1.11
3581 silly packumentCache full:https://registry.npmjs.org/tar cache-miss
3582 silly fetch manifest nopt@^5.0.0
3583 silly packumentCache full:https://registry.npmjs.org/nopt cache-miss
3584 silly fetch manifest npmlog@^5.0.1
3585 silly packumentCache full:https://registry.npmjs.org/npmlog cache-miss
3586 silly fetch manifest rimraf@^3.0.2
3587 silly packumentCache full:https://registry.npmjs.org/rimraf cache-miss
3588 silly fetch manifest semver@^7.3.5
3589 silly packumentCache full:https://registry.npmjs.org/semver cache-hit
3590 silly fetch manifest make-dir@^3.1.0
3591 silly packumentCache full:https://registry.npmjs.org/make-dir cache-miss
3592 silly fetch manifest node-fetch@^2.6.7
3593 silly packumentCache full:https://registry.npmjs.org/node-fetch cache-miss
3594 silly fetch manifest https-proxy-agent@^5.0.0
3595 silly packumentCache full:https://registry.npmjs.org/https-proxy-agent cache-hit
3596 silly fetch manifest decompress-response@^4.2.0
3597 silly packumentCache full:https://registry.npmjs.org/decompress-response cache-miss
3598 http fetch GET 200 https://registry.npmjs.org/make-dir 89ms (cache revalidated)
3599 silly packumentCache full:https://registry.npmjs.org/make-dir set size:34889 disposed:false
3600 silly fetch manifest once@^1.3.1
3601 silly packumentCache full:https://registry.npmjs.org/once cache-miss
3602 http fetch GET 200 https://registry.npmjs.org/node-fetch 113ms (cache revalidated)
3603 silly packumentCache full:https://registry.npmjs.org/node-fetch set size:896010 disposed:false
3604 silly fetch manifest simple-concat@^1.0.0
3605 silly packumentCache full:https://registry.npmjs.org/simple-concat cache-miss
3606 http fetch GET 200 https://registry.npmjs.org/tar 140ms (cache revalidated)
3607 silly packumentCache full:https://registry.npmjs.org/tar set size:544656 disposed:false
3608 http fetch GET 200 https://registry.npmjs.org/simple-concat 69ms (cache revalidated)
3609 silly packumentCache full:https://registry.npmjs.org/simple-concat set size:6304 disposed:false
3610 http fetch GET 200 https://registry.npmjs.org/npmlog 335ms (cache revalidated)
3611 silly packumentCache full:https://registry.npmjs.org/npmlog set size:68012 disposed:false
3612 http fetch GET 200 https://registry.npmjs.org/rimraf 342ms (cache revalidated)
3613 silly packumentCache full:https://registry.npmjs.org/rimraf set size:212626 disposed:false
3614 http fetch GET 200 https://registry.npmjs.org/decompress-response 350ms (cache revalidated)
3615 silly packumentCache full:https://registry.npmjs.org/decompress-response set size:36213 disposed:false
3616 http fetch GET 200 https://registry.npmjs.org/once 301ms (cache revalidated)
3617 silly packumentCache full:https://registry.npmjs.org/once set size:11752 disposed:false
3618 http fetch GET 200 https://registry.npmjs.org/nopt 599ms (cache revalidated)
3619 silly packumentCache full:https://registry.npmjs.org/nopt set size:74173 disposed:false
3620 silly placeDep node_modules/@mapbox/node-pre-gyp https-proxy-agent@5.0.1 OK for: @mapbox/node-pre-gyp@1.0.11 want: ^5.0.0
3621 silly placeDep ROOT make-dir@3.1.0 OK for: @mapbox/node-pre-gyp@1.0.11 want: ^3.1.0
3622 silly placeDep ROOT node-fetch@2.7.0 OK for: @mapbox/node-pre-gyp@1.0.11 want: ^2.6.7
3623 silly placeDep ROOT nopt@5.0.0 OK for: @mapbox/node-pre-gyp@1.0.11 want: ^5.0.0
3624 silly placeDep ROOT npmlog@5.0.1 OK for: @mapbox/node-pre-gyp@1.0.11 want: ^5.0.1
3625 silly placeDep ROOT rimraf@3.0.2 OK for: @mapbox/node-pre-gyp@1.0.11 want: ^3.0.2
3626 silly placeDep node_modules/@mapbox/node-pre-gyp semver@7.8.1 OK for: @mapbox/node-pre-gyp@1.0.11 want: ^7.3.5
3627 silly placeDep ROOT tar@6.2.1 OK for: @mapbox/node-pre-gyp@1.0.11 want: ^6.1.11
3628 silly fetch manifest agent-base@6
3629 silly packumentCache full:https://registry.npmjs.org/agent-base cache-hit
3630 silly fetch manifest whatwg-url@^5.0.0
3631 silly packumentCache full:https://registry.npmjs.org/whatwg-url cache-hit
3632 silly fetch manifest abbrev@1
3633 silly packumentCache full:https://registry.npmjs.org/abbrev cache-miss
3634 silly fetch manifest gauge@^3.0.0
3635 silly packumentCache full:https://registry.npmjs.org/gauge cache-miss
3636 silly fetch manifest set-blocking@^2.0.0
3637 silly packumentCache full:https://registry.npmjs.org/set-blocking cache-miss
3638 silly fetch manifest are-we-there-yet@^2.0.0
3639 silly packumentCache full:https://registry.npmjs.org/are-we-there-yet cache-miss
3640 silly fetch manifest console-control-strings@^1.1.0
3641 silly packumentCache full:https://registry.npmjs.org/console-control-strings cache-miss
3642 silly fetch manifest glob@^7.1.3
3643 silly packumentCache full:https://registry.npmjs.org/glob cache-miss
3644 silly fetch manifest chownr@^2.0.0
3645 silly packumentCache full:https://registry.npmjs.org/chownr cache-miss
3646 http fetch GET 200 https://registry.npmjs.org/set-blocking 55ms (cache revalidated)
3647 silly packumentCache full:https://registry.npmjs.org/set-blocking set size:5763 disposed:false
3648 silly fetch manifest mkdirp@^1.0.3
3649 silly packumentCache full:https://registry.npmjs.org/mkdirp cache-miss
3650 http fetch GET 200 https://registry.npmjs.org/console-control-strings 58ms (cache revalidated)
3651 silly packumentCache full:https://registry.npmjs.org/console-control-strings set size:9235 disposed:false
3652 silly fetch manifest yallist@^4.0.0
3653 silly packumentCache full:https://registry.npmjs.org/yallist cache-hit
3654 silly fetch manifest minipass@^5.0.0
3655 silly packumentCache full:https://registry.npmjs.org/minipass cache-miss
3656 http fetch GET 200 https://registry.npmjs.org/are-we-there-yet 62ms (cache revalidated)
3657 silly packumentCache full:https://registry.npmjs.org/are-we-there-yet set size:52208 disposed:false
3658 silly fetch manifest minizlib@^2.1.1
3659 silly packumentCache full:https://registry.npmjs.org/minizlib cache-miss
3660 http fetch GET 200 https://registry.npmjs.org/abbrev 77ms (cache revalidated)
3661 silly packumentCache full:https://registry.npmjs.org/abbrev set size:24244 disposed:false
3662 silly fetch manifest fs-minipass@^2.0.0
3663 silly packumentCache full:https://registry.npmjs.org/fs-minipass cache-miss
3664 http fetch GET 200 https://registry.npmjs.org/fs-minipass 48ms (cache revalidated)
3665 silly packumentCache full:https://registry.npmjs.org/fs-minipass set size:44606 disposed:false
3666 http fetch GET 200 https://registry.npmjs.org/minipass 70ms (cache revalidated)
3667 silly packumentCache full:https://registry.npmjs.org/minipass set size:276925 disposed:false
3668 http fetch GET 200 https://registry.npmjs.org/gauge 298ms (cache revalidated)
3669 silly packumentCache full:https://registry.npmjs.org/gauge set size:100935 disposed:false
3670 http fetch GET 200 https://registry.npmjs.org/glob 308ms (cache revalidated)
3671 silly packumentCache full:https://registry.npmjs.org/glob set size:469465 disposed:false
3672 http fetch GET 200 https://registry.npmjs.org/chownr 331ms (cache revalidated)
3673 silly packumentCache full:https://registry.npmjs.org/chownr set size:22157 disposed:false
3674 http fetch GET 200 https://registry.npmjs.org/minizlib 310ms (cache revalidated)
3675 silly packumentCache full:https://registry.npmjs.org/minizlib set size:62862 disposed:false
3676 http fetch GET 200 https://registry.npmjs.org/mkdirp 336ms (cache revalidated)
3677 silly packumentCache full:https://registry.npmjs.org/mkdirp set size:116431 disposed:false
3678 silly placeDep node_modules/node-fetch whatwg-url@5.0.0 OK for: node-fetch@2.7.0 want: ^5.0.0
3679 silly fetch manifest tr46@~0.0.3
3680 silly packumentCache full:https://registry.npmjs.org/tr46 cache-hit
3681 silly fetch manifest webidl-conversions@^3.0.0
3682 silly packumentCache full:https://registry.npmjs.org/webidl-conversions cache-hit
3683 silly placeDep ROOT abbrev@1.1.1 OK for: nopt@5.0.0 want: 1
3684 silly placeDep ROOT are-we-there-yet@2.0.0 OK for: npmlog@5.0.1 want: ^2.0.0
3685 silly placeDep ROOT console-control-strings@1.1.0 OK for: npmlog@5.0.1 want: ^1.1.0
3686 silly placeDep ROOT gauge@3.0.2 OK for: npmlog@5.0.1 want: ^3.0.0
3687 silly placeDep ROOT set-blocking@2.0.0 OK for: npmlog@5.0.1 want: ^2.0.0
3688 silly fetch manifest delegates@^1.0.0
3689 silly packumentCache full:https://registry.npmjs.org/delegates cache-miss
3690 silly fetch manifest readable-stream@^3.6.0
3691 silly packumentCache full:https://registry.npmjs.org/readable-stream cache-miss
3692 silly fetch manifest aproba@^1.0.3 || ^2.0.0
3693 silly packumentCache full:https://registry.npmjs.org/aproba cache-miss
3694 silly fetch manifest strip-ansi@^6.0.1
3695 silly packumentCache full:https://registry.npmjs.org/strip-ansi cache-miss
3696 silly fetch manifest wide-align@^1.1.2
3697 silly packumentCache full:https://registry.npmjs.org/wide-align cache-miss
3698 silly fetch manifest has-unicode@^2.0.1
3699 silly packumentCache full:https://registry.npmjs.org/has-unicode cache-miss
3700 silly fetch manifest signal-exit@^3.0.0
3701 silly packumentCache full:https://registry.npmjs.org/signal-exit cache-miss
3702 http fetch GET 200 https://registry.npmjs.org/wide-align 84ms (cache revalidated)
3703 silly packumentCache full:https://registry.npmjs.org/wide-align set size:16598 disposed:false
3704 silly fetch manifest string-width@^4.2.3
3705 silly packumentCache full:https://registry.npmjs.org/string-width cache-miss
3706 http fetch GET 200 https://registry.npmjs.org/strip-ansi 100ms (cache revalidated)
3707 silly packumentCache full:https://registry.npmjs.org/strip-ansi set size:44998 disposed:false
3708 silly fetch manifest color-support@^1.1.2
3709 silly packumentCache full:https://registry.npmjs.org/color-support cache-miss
3710 http fetch GET 200 https://registry.npmjs.org/delegates 108ms (cache revalidated)
3711 silly packumentCache full:https://registry.npmjs.org/delegates set size:8916 disposed:false
3712 http fetch GET 200 https://registry.npmjs.org/signal-exit 105ms (cache revalidated)
3713 silly packumentCache full:https://registry.npmjs.org/signal-exit set size:53489 disposed:false
3714 http fetch GET 200 https://registry.npmjs.org/readable-stream 113ms (cache revalidated)
3715 silly packumentCache full:https://registry.npmjs.org/readable-stream set size:261096 disposed:false
3716 http fetch GET 200 https://registry.npmjs.org/color-support 72ms (cache revalidated)
3717 silly packumentCache full:https://registry.npmjs.org/color-support set size:13824 disposed:false
3718 http fetch GET 200 https://registry.npmjs.org/string-width 92ms (cache revalidated)
3719 silly packumentCache full:https://registry.npmjs.org/string-width set size:70381 disposed:false
3720 http fetch GET 200 https://registry.npmjs.org/has-unicode 344ms (cache revalidated)
3721 silly packumentCache full:https://registry.npmjs.org/has-unicode set size:7567 disposed:false
3722 http fetch GET 200 https://registry.npmjs.org/aproba 358ms (cache revalidated)
3723 silly packumentCache full:https://registry.npmjs.org/aproba set size:20300 disposed:false
3724 silly placeDep ROOT delegates@1.0.0 OK for: are-we-there-yet@2.0.0 want: ^1.0.0
3725 silly placeDep ROOT readable-stream@3.6.2 OK for: are-we-there-yet@2.0.0 want: ^3.6.0
3726 silly fetch manifest string_decoder@^1.1.1
3727 silly packumentCache full:https://registry.npmjs.org/string_decoder cache-miss
3728 silly fetch manifest util-deprecate@^1.0.1
3729 silly packumentCache full:https://registry.npmjs.org/util-deprecate cache-miss
3730 http fetch GET 200 https://registry.npmjs.org/string_decoder 86ms (cache revalidated)
3731 silly packumentCache full:https://registry.npmjs.org/string_decoder set size:28441 disposed:false
3732 http fetch GET 200 https://registry.npmjs.org/util-deprecate 103ms (cache revalidated)
3733 silly packumentCache full:https://registry.npmjs.org/util-deprecate set size:6674 disposed:false
3734 silly placeDep ROOT aproba@2.1.0 OK for: gauge@3.0.2 want: ^1.0.3 || ^2.0.0
3735 silly placeDep ROOT color-support@1.1.3 OK for: gauge@3.0.2 want: ^1.1.2
3736 silly placeDep ROOT has-unicode@2.0.1 OK for: gauge@3.0.2 want: ^2.0.1
3737 silly placeDep ROOT object-assign@4.1.1 OK for: gauge@3.0.2 want: ^4.1.1
3738 silly placeDep ROOT signal-exit@3.0.7 OK for: gauge@3.0.2 want: ^3.0.0
3739 silly placeDep ROOT string-width@4.2.3 OK for: gauge@3.0.2 want: ^4.2.3
3740 silly placeDep ROOT strip-ansi@6.0.1 OK for: gauge@3.0.2 want: ^6.0.1
3741 silly placeDep ROOT wide-align@1.1.5 OK for: gauge@3.0.2 want: ^1.1.2
3742 silly fetch manifest emoji-regex@^8.0.0
3743 silly packumentCache full:https://registry.npmjs.org/emoji-regex cache-miss
3744 silly fetch manifest is-fullwidth-code-point@^3.0.0
3745 silly packumentCache full:https://registry.npmjs.org/is-fullwidth-code-point cache-miss
3746 silly fetch manifest ansi-regex@^5.0.1
3747 silly packumentCache full:https://registry.npmjs.org/ansi-regex cache-miss
3748 http fetch GET 200 https://registry.npmjs.org/is-fullwidth-code-point 58ms (cache revalidated)
3749 silly packumentCache full:https://registry.npmjs.org/is-fullwidth-code-point set size:14578 disposed:false
3750 http fetch GET 200 https://registry.npmjs.org/emoji-regex 73ms (cache revalidated)
3751 silly packumentCache full:https://registry.npmjs.org/emoji-regex set size:89064 disposed:false
3752 http fetch GET 200 https://registry.npmjs.org/ansi-regex 417ms (cache revalidated)
3753 silly packumentCache full:https://registry.npmjs.org/ansi-regex set size:43572 disposed:false
3754 silly placeDep ROOT pg-int8@1.0.1 OK for: pg-types@4.1.0 want: 1.0.1
3755 silly placeDep ROOT pg-numeric@1.0.2 OK for: pg-types@4.1.0 want: 1.0.2
3756 silly placeDep ROOT postgres-array@3.0.4 OK for: pg-types@4.1.0 want: ~3.0.1
3757 silly placeDep ROOT postgres-bytea@3.0.0 OK for: pg-types@4.1.0 want: ~3.0.0
3758 silly placeDep ROOT postgres-date@2.1.0 OK for: pg-types@4.1.0 want: ~2.1.0
3759 silly placeDep ROOT postgres-interval@3.0.0 OK for: pg-types@4.1.0 want: ^3.0.0
3760 silly placeDep ROOT postgres-range@1.1.4 OK for: pg-types@4.1.0 want: ^1.1.1
3761 silly fetch manifest obuf@~1.1.2
3762 silly packumentCache full:https://registry.npmjs.org/obuf cache-miss
3763 http fetch GET 200 https://registry.npmjs.org/obuf 372ms (cache revalidated)
3764 silly packumentCache full:https://registry.npmjs.org/obuf set size:14024 disposed:false
3765 silly placeDep ROOT confbox@0.2.4 OK for: pkg-types@2.3.1 want: ^0.2.4
3766 silly placeDep ROOT exsolve@1.0.8 OK for: pkg-types@2.3.1 want: ^1.0.8
3767 silly placeDep node_modules/pkg-types pathe@2.0.3 OK for: pkg-types@2.3.1 want: ^2.0.3
3768 silly placeDep ROOT nanoid@3.3.12 OK for: postcss@8.5.15 want: ^3.3.12
3769 silly placeDep ROOT obuf@1.1.2 OK for: postgres-bytea@3.0.0 want: ~1.1.2
3770 silly placeDep ROOT loose-envify@1.4.0 OK for: prop-types@15.8.1 want: ^1.4.0
3771 silly placeDep node_modules/prop-types react-is@16.13.1 OK for: prop-types@15.8.1 want: ^16.13.1
3772 silly placeDep ROOT forwarded@0.2.0 OK for: proxy-addr@2.0.7 want: 0.2.0
3773 silly placeDep ROOT ipaddr.js@1.9.1 OK for: proxy-addr@2.0.7 want: 1.9.1
3774 silly placeDep ROOT side-channel@1.1.0 OK for: qs@6.15.2 want: ^1.1.0
3775 silly fetch manifest object-inspect@^1.13.3
3776 silly packumentCache full:https://registry.npmjs.org/object-inspect cache-miss
3777 silly fetch manifest side-channel-list@^1.0.0
3778 silly packumentCache full:https://registry.npmjs.org/side-channel-list cache-miss
3779 silly fetch manifest side-channel-map@^1.0.1
3780 silly packumentCache full:https://registry.npmjs.org/side-channel-map cache-miss
3781 silly fetch manifest side-channel-weakmap@^1.0.2
3782 silly packumentCache full:https://registry.npmjs.org/side-channel-weakmap cache-miss
3783 http fetch GET 200 https://registry.npmjs.org/side-channel-list 57ms (cache revalidated)
3784 silly packumentCache full:https://registry.npmjs.org/side-channel-list set size:9021 disposed:false
3785 http fetch GET 200 https://registry.npmjs.org/side-channel-map 58ms (cache revalidated)
3786 silly packumentCache full:https://registry.npmjs.org/side-channel-map set size:9126 disposed:false
3787 http fetch GET 200 https://registry.npmjs.org/side-channel-weakmap 284ms (cache revalidated)
3788 silly packumentCache full:https://registry.npmjs.org/side-channel-weakmap set size:12620 disposed:false
3789 http fetch GET 200 https://registry.npmjs.org/object-inspect 295ms (cache revalidated)
3790 silly packumentCache full:https://registry.npmjs.org/object-inspect set size:101912 disposed:false
3791 silly placeDep ROOT @internationalized/date@3.12.1 OK for: react-aria@3.48.0 want: ^3.12.1
3792 silly placeDep ROOT @internationalized/number@3.6.6 OK for: react-aria@3.48.0 want: ^3.6.6
3793 silly placeDep ROOT @internationalized/string@3.2.8 OK for: react-aria@3.48.0 want: ^3.2.8
3794 silly placeDep ROOT @react-types/shared@3.34.0 OK for: react-aria@3.48.0 want: ^3.34.0
3795 silly placeDep ROOT react-stately@3.46.0 OK for: react-aria@3.48.0 want: 3.46.0
3796 silly placeDep ROOT @date-fns/tz@1.5.0 OK for: react-day-picker@9.14.0 want: ^1.4.1
3797 silly placeDep ROOT @tabby_ai/hijri-converter@1.0.5 OK for: react-day-picker@9.14.0 want: 1.0.5
3798 silly placeDep ROOT date-fns-jalali@4.1.0-0 OK for: react-day-picker@9.14.0 want: 4.1.0-0
3799 silly placeDep ROOT scheduler@0.23.2 OK for: react-dom@18.3.1 want: ^0.23.2
3800 silly placeDep ROOT focus-lock@1.3.6 OK for: react-focus-lock@2.13.7 want: ^1.3.6
3801 silly placeDep ROOT react-clientside-effect@1.2.8 OK for: react-focus-lock@2.13.7 want: ^1.2.7
3802 silly placeDep ROOT use-callback-ref@1.3.3 OK for: react-focus-lock@2.13.7 want: ^1.3.3
3803 silly placeDep ROOT use-sidecar@1.1.3 OK for: react-focus-lock@2.13.7 want: ^1.1.3
3804 silly fetch manifest detect-node-es@^1.1.0
3805 silly packumentCache full:https://registry.npmjs.org/detect-node-es cache-miss
3806 http fetch GET 200 https://registry.npmjs.org/detect-node-es 281ms (cache revalidated)
3807 silly packumentCache full:https://registry.npmjs.org/detect-node-es set size:6554 disposed:false
3808 silly placeDep ROOT @types/hast@2.3.10 OK for: react-markdown@6.0.3 want: ^2.0.0
3809 silly placeDep ROOT @types/unist@2.0.11 OK for: react-markdown@6.0.3 want: ^2.0.3
3810 silly placeDep ROOT comma-separated-tokens@1.0.8 OK for: react-markdown@6.0.3 want: ^1.0.0
3811 silly placeDep ROOT property-information@5.6.0 OK for: react-markdown@6.0.3 want: ^5.3.0
3812 silly placeDep node_modules/react-markdown react-is@17.0.2 OK for: react-markdown@6.0.3 want: ^17.0.0
3813 silly placeDep ROOT remark-parse@9.0.0 OK for: react-markdown@6.0.3 want: ^9.0.0
3814 silly placeDep ROOT remark-rehype@8.1.0 OK for: react-markdown@6.0.3 want: ^8.0.0
3815 silly placeDep ROOT space-separated-tokens@1.1.5 OK for: react-markdown@6.0.3 want: ^1.1.0
3816 silly placeDep ROOT style-to-object@0.3.0 OK for: react-markdown@6.0.3 want: ^0.3.0
3817 silly placeDep ROOT unified@9.2.2 OK for: react-markdown@6.0.3 want: ^9.0.0
3818 silly placeDep ROOT unist-util-visit@2.0.3 OK for: react-markdown@6.0.3 want: ^2.0.0
3819 silly placeDep ROOT vfile@4.2.1 OK for: react-markdown@6.0.3 want: ^4.0.0
3820 silly fetch manifest @types/unist@^2
3821 silly packumentCache full:https://registry.npmjs.org/@types%2funist cache-hit
3822 silly fetch manifest xtend@^4.0.0
3823 silly packumentCache full:https://registry.npmjs.org/xtend cache-miss
3824 silly fetch manifest mdast-util-from-markdown@^0.8.0
3825 silly packumentCache full:https://registry.npmjs.org/mdast-util-from-markdown cache-miss
3826 silly fetch manifest mdast-util-to-hast@^10.2.0
3827 silly packumentCache full:https://registry.npmjs.org/mdast-util-to-hast cache-miss
3828 silly fetch manifest inline-style-parser@0.1.1
3829 silly packumentCache full:https://registry.npmjs.org/inline-style-parser cache-miss
3830 silly fetch manifest bail@^1.0.0
3831 silly packumentCache full:https://registry.npmjs.org/bail cache-miss
3832 silly fetch manifest extend@^3.0.0
3833 silly packumentCache full:https://registry.npmjs.org/extend cache-miss
3834 silly fetch manifest trough@^1.0.0
3835 silly packumentCache full:https://registry.npmjs.org/trough cache-miss
3836 http fetch GET 200 https://registry.npmjs.org/extend 76ms (cache revalidated)
3837 silly packumentCache full:https://registry.npmjs.org/extend set size:25974 disposed:false
3838 silly fetch manifest is-buffer@^2.0.0
3839 silly packumentCache full:https://registry.npmjs.org/is-buffer cache-miss
3840 http fetch GET 200 https://registry.npmjs.org/inline-style-parser 328ms (cache revalidated)
3841 silly packumentCache full:https://registry.npmjs.org/inline-style-parser set size:34534 disposed:false
3842 silly fetch manifest is-plain-obj@^2.0.0
3843 silly packumentCache full:https://registry.npmjs.org/is-plain-obj cache-miss
3844 http fetch GET 200 https://registry.npmjs.org/trough 327ms (cache revalidated)
3845 silly packumentCache full:https://registry.npmjs.org/trough set size:46749 disposed:false
3846 silly fetch manifest unist-util-is@^4.0.0
3847 silly packumentCache full:https://registry.npmjs.org/unist-util-is cache-miss
3848 http fetch GET 200 https://registry.npmjs.org/mdast-util-to-hast 338ms (cache revalidated)
3849 silly packumentCache full:https://registry.npmjs.org/mdast-util-to-hast set size:257722 disposed:false
3850 silly fetch manifest unist-util-visit-parents@^3.0.0
3851 silly packumentCache full:https://registry.npmjs.org/unist-util-visit-parents cache-miss
3852 http fetch GET 200 https://registry.npmjs.org/mdast-util-from-markdown 352ms (cache revalidated)
3853 silly packumentCache full:https://registry.npmjs.org/mdast-util-from-markdown set size:149296 disposed:false
3854 silly fetch manifest is-buffer@^2.0.0
3855 silly packumentCache full:https://registry.npmjs.org/is-buffer cache-miss
3856 http fetch GET 200 https://registry.npmjs.org/is-buffer 298ms (cache revalidated)
3857 silly packumentCache full:https://registry.npmjs.org/is-buffer set size:34803 disposed:false
3858 silly fetch manifest vfile-message@^2.0.0
3859 silly packumentCache full:https://registry.npmjs.org/vfile-message cache-miss
3860 http fetch GET 200 https://registry.npmjs.org/bail 386ms (cache revalidated)
3861 silly packumentCache full:https://registry.npmjs.org/bail set size:30511 disposed:false
3862 silly fetch manifest unist-util-stringify-position@^2.0.0
3863 silly packumentCache full:https://registry.npmjs.org/unist-util-stringify-position cache-miss
3864 http fetch GET 200 https://registry.npmjs.org/xtend 398ms (cache revalidated)
3865 silly packumentCache full:https://registry.npmjs.org/xtend set size:28314 disposed:false
3866 http fetch GET 200 https://registry.npmjs.org/unist-util-is 316ms (cache revalidated)
3867 silly packumentCache full:https://registry.npmjs.org/unist-util-is set size:79350 disposed:false
3868 http fetch GET 200 https://registry.npmjs.org/unist-util-visit-parents 314ms (cache revalidated)
3869 silly packumentCache full:https://registry.npmjs.org/unist-util-visit-parents set size:103476 disposed:false
3870 http fetch GET 200 https://registry.npmjs.org/is-plain-obj 335ms (cache revalidated)
3871 silly packumentCache full:https://registry.npmjs.org/is-plain-obj set size:17899 disposed:false
3872 http fetch GET 200 https://registry.npmjs.org/vfile-message 296ms (cache revalidated)
3873 silly packumentCache full:https://registry.npmjs.org/vfile-message set size:81663 disposed:false
3874 http fetch GET 200 https://registry.npmjs.org/is-buffer 338ms (cache revalidated)
3875 silly packumentCache full:https://registry.npmjs.org/is-buffer set size:34803 disposed:false
3876 silly packumentCache full:https://registry.npmjs.org/is-buffer dispose
3877 http fetch GET 200 https://registry.npmjs.org/unist-util-stringify-position 367ms (cache revalidated)
3878 silly packumentCache full:https://registry.npmjs.org/unist-util-stringify-position set size:52357 disposed:false
3879 silly placeDep ROOT xtend@4.0.2 OK for: property-information@5.6.0 want: ^4.0.0
3880 silly placeDep ROOT react-remove-scroll-bar@2.3.8 OK for: react-remove-scroll@2.7.2 want: ^2.3.7
3881 silly placeDep ROOT react-style-singleton@2.2.3 OK for: react-remove-scroll@2.7.2 want: ^2.2.3
3882 silly fetch manifest react-style-singleton@^2.2.2
3883 silly packumentCache full:https://registry.npmjs.org/react-style-singleton cache-hit
3884 silly fetch manifest get-nonce@^1.0.0
3885 silly packumentCache full:https://registry.npmjs.org/get-nonce cache-miss
3886 http fetch GET 200 https://registry.npmjs.org/get-nonce 320ms (cache revalidated)
3887 silly packumentCache full:https://registry.npmjs.org/get-nonce set size:8902 disposed:false
3888 silly placeDep node_modules/react-router cookie@1.1.1 OK for: react-router@7.15.1 want: ^1.0.1
3889 silly placeDep ROOT set-cookie-parser@2.7.2 OK for: react-router@7.15.1 want: ^2.6.0
3890 silly placeDep ROOT @drizzle-team/brocli@0.11.0 OK for: react-router-hono-server@2.26.0 want: 0.11.0
3891 silly placeDep ROOT @hono/node-server@1.19.14 OK for: react-router-hono-server@2.26.0 want: 1.19.14
3892 silly placeDep ROOT @hono/node-ws@1.3.0 OK for: react-router-hono-server@2.26.0 want: 1.3.0
3893 silly placeDep ROOT @hono/vite-dev-server@0.25.1 OK for: react-router-hono-server@2.26.0 want: 0.25.1
3894 silly placeDep ROOT get-nonce@1.0.1 OK for: react-style-singleton@2.2.3 want: ^1.0.0
3895 silly placeDep ROOT string_decoder@1.3.0 OK for: readable-stream@3.6.2 want: ^1.1.1
3896 silly placeDep ROOT util-deprecate@1.0.2 OK for: readable-stream@3.6.2 want: ^1.0.1
3897 silly placeDep ROOT eventemitter3@4.0.7 OK for: recharts@2.15.4 want: ^4.0.1
3898 silly placeDep ROOT react-smooth@4.0.4 OK for: recharts@2.15.4 want: ^4.0.4
3899 silly placeDep ROOT recharts-scale@0.4.5 OK for: recharts@2.15.4 want: ^0.4.4
3900 silly placeDep ROOT victory-vendor@36.9.2 OK for: recharts@2.15.4 want: ^36.6.8
3901 silly fetch manifest fast-equals@^5.0.1
3902 silly packumentCache full:https://registry.npmjs.org/fast-equals cache-miss
3903 silly fetch manifest react-transition-group@^4.4.5
3904 silly packumentCache full:https://registry.npmjs.org/react-transition-group cache-miss
3905 silly fetch manifest decimal.js-light@^2.4.1
3906 silly packumentCache full:https://registry.npmjs.org/decimal.js-light cache-miss
3907 silly fetch manifest d3-ease@^3.0.1
3908 silly packumentCache full:https://registry.npmjs.org/d3-ease cache-miss
3909 silly fetch manifest d3-time@^3.0.0
3910 silly packumentCache full:https://registry.npmjs.org/d3-time cache-miss
3911 silly fetch manifest d3-array@^3.1.6
3912 silly packumentCache full:https://registry.npmjs.org/d3-array cache-miss
3913 silly fetch manifest d3-scale@^4.0.2
3914 silly packumentCache full:https://registry.npmjs.org/d3-scale cache-miss
3915 http fetch GET 200 https://registry.npmjs.org/decimal.js-light 301ms (cache revalidated)
3916 silly packumentCache full:https://registry.npmjs.org/decimal.js-light set size:38254 disposed:false
3917 silly fetch manifest d3-shape@^3.1.0
3918 silly packumentCache full:https://registry.npmjs.org/d3-shape cache-miss
3919 http fetch GET 200 https://registry.npmjs.org/fast-equals 318ms (cache revalidated)
3920 silly packumentCache full:https://registry.npmjs.org/fast-equals set size:341560 disposed:false
3921 silly fetch manifest d3-timer@^3.0.1
3922 silly packumentCache full:https://registry.npmjs.org/d3-timer cache-miss
3923 http fetch GET 200 https://registry.npmjs.org/d3-ease 330ms (cache revalidated)
3924 silly packumentCache full:https://registry.npmjs.org/d3-ease set size:109490 disposed:false
3925 silly fetch manifest @types/d3-ease@^3.0.0
3926 silly packumentCache full:https://registry.npmjs.org/@types%2fd3-ease cache-miss
3927 http fetch GET 200 https://registry.npmjs.org/react-transition-group 338ms (cache revalidated)
3928 silly packumentCache full:https://registry.npmjs.org/react-transition-group set size:110654 disposed:false
3929 silly fetch manifest @types/d3-time@^3.0.0
3930 silly packumentCache full:https://registry.npmjs.org/@types%2fd3-time cache-miss
3931 http fetch GET 200 https://registry.npmjs.org/d3-array 343ms (cache revalidated)
3932 silly packumentCache full:https://registry.npmjs.org/d3-array set size:246308 disposed:false
3933 silly fetch manifest d3-interpolate@^3.0.1
3934 silly packumentCache full:https://registry.npmjs.org/d3-interpolate cache-miss
3935 http fetch GET 200 https://registry.npmjs.org/d3-scale 351ms (cache revalidated)
3936 silly packumentCache full:https://registry.npmjs.org/d3-scale set size:514172 disposed:false
3937 silly fetch manifest @types/d3-array@^3.0.3
3938 silly packumentCache full:https://registry.npmjs.org/@types%2fd3-array cache-miss
3939 http fetch GET 200 https://registry.npmjs.org/d3-time 362ms (cache revalidated)
3940 silly packumentCache full:https://registry.npmjs.org/d3-time set size:150406 disposed:false
3941 silly fetch manifest @types/d3-scale@^4.0.2
3942 silly packumentCache full:https://registry.npmjs.org/@types%2fd3-scale cache-miss
3943 http fetch GET 200 https://registry.npmjs.org/d3-timer 337ms (cache revalidated)
3944 silly packumentCache full:https://registry.npmjs.org/d3-timer set size:101516 disposed:false
3945 silly fetch manifest @types/d3-shape@^3.1.0
3946 silly packumentCache full:https://registry.npmjs.org/@types%2fd3-shape cache-miss
3947 http fetch GET 200 https://registry.npmjs.org/d3-shape 395ms (cache revalidated)
3948 silly packumentCache full:https://registry.npmjs.org/d3-shape set size:275657 disposed:false
3949 silly fetch manifest @types/d3-timer@^3.0.0
3950 silly packumentCache full:https://registry.npmjs.org/@types%2fd3-timer cache-miss
3951 http fetch GET 200 https://registry.npmjs.org/d3-interpolate 361ms (cache revalidated)
3952 silly packumentCache full:https://registry.npmjs.org/d3-interpolate set size:162337 disposed:false
3953 silly fetch manifest @types/d3-interpolate@^3.0.1
3954 silly packumentCache full:https://registry.npmjs.org/@types%2fd3-interpolate cache-miss
3955 http fetch GET 200 https://registry.npmjs.org/@types%2fd3-time 559ms (cache revalidated)
3956 silly packumentCache full:https://registry.npmjs.org/@types%2fd3-time set size:52652 disposed:false
3957 http fetch GET 200 https://registry.npmjs.org/@types%2fd3-array 543ms (cache revalidated)
3958 silly packumentCache full:https://registry.npmjs.org/@types%2fd3-array set size:130543 disposed:false
3959 http fetch GET 200 https://registry.npmjs.org/@types%2fd3-ease 576ms (cache revalidated)
3960 silly packumentCache full:https://registry.npmjs.org/@types%2fd3-ease set size:41281 disposed:false
3961 http fetch GET 200 https://registry.npmjs.org/@types%2fd3-scale 555ms (cache revalidated)
3962 silly packumentCache full:https://registry.npmjs.org/@types%2fd3-scale set size:131176 disposed:false
3963 http fetch GET 200 https://registry.npmjs.org/@types%2fd3-timer 642ms (cache revalidated)
3964 silly packumentCache full:https://registry.npmjs.org/@types%2fd3-timer set size:38776 disposed:false
3965 http fetch GET 200 https://registry.npmjs.org/@types%2fd3-interpolate 639ms (cache revalidated)
3966 silly packumentCache full:https://registry.npmjs.org/@types%2fd3-interpolate set size:56692 disposed:false
3967 http fetch GET 200 https://registry.npmjs.org/@types%2fd3-shape 689ms (cache revalidated)
3968 silly packumentCache full:https://registry.npmjs.org/@types%2fd3-shape set size:115816 disposed:false
3969 silly placeDep ROOT fast-equals@5.4.0 OK for: react-smooth@4.0.4 want: ^5.0.1
3970 silly placeDep ROOT react-transition-group@4.4.5 OK for: react-smooth@4.0.4 want: ^4.4.5
3971 silly fetch manifest dom-helpers@^5.0.1
3972 silly packumentCache full:https://registry.npmjs.org/dom-helpers cache-miss
3973 http fetch GET 200 https://registry.npmjs.org/dom-helpers 385ms (cache revalidated)
3974 silly packumentCache full:https://registry.npmjs.org/dom-helpers set size:76331 disposed:false
3975 silly placeDep ROOT dom-helpers@5.2.1 OK for: react-transition-group@4.4.5 want: ^5.0.1
3976 silly placeDep ROOT decimal.js-light@2.5.1 OK for: recharts-scale@0.4.5 want: ^2.4.1
3977 silly placeDep ROOT indent-string@4.0.0 OK for: redent@3.0.0 want: ^4.0.0
3978 silly placeDep ROOT strip-indent@3.0.0 OK for: redent@3.0.0 want: ^3.0.0
3979 silly fetch manifest min-indent@^1.0.0
3980 silly packumentCache full:https://registry.npmjs.org/min-indent cache-miss
3981 http fetch GET 200 https://registry.npmjs.org/min-indent 312ms (cache revalidated)
3982 silly packumentCache full:https://registry.npmjs.org/min-indent set size:6021 disposed:false
3983 silly placeDep ROOT @types/mdast@4.0.4 OK for: remark-gfm@4.0.0 want: ^4.0.0
3984 silly placeDep ROOT mdast-util-gfm@3.1.0 OK for: remark-gfm@4.0.0 want: ^3.0.0
3985 silly placeDep ROOT micromark-extension-gfm@3.0.0 OK for: remark-gfm@4.0.0 want: ^3.0.0
3986 silly placeDep node_modules/remark-gfm remark-parse@11.0.0 OK for: remark-gfm@4.0.0 want: ^11.0.0
3987 silly placeDep ROOT remark-stringify@11.0.0 OK for: remark-gfm@4.0.0 want: ^11.0.0
3988 silly placeDep node_modules/remark-gfm unified@11.0.5 OK for: remark-gfm@4.0.0 want: ^11.0.0
3989 silly fetch manifest mdast-util-from-markdown@^2.0.0
3990 silly packumentCache full:https://registry.npmjs.org/mdast-util-from-markdown cache-hit
3991 silly fetch manifest mdast-util-gfm-autolink-literal@^2.0.0
3992 silly packumentCache full:https://registry.npmjs.org/mdast-util-gfm-autolink-literal cache-miss
3993 silly fetch manifest mdast-util-gfm-footnote@^2.0.0
3994 silly packumentCache full:https://registry.npmjs.org/mdast-util-gfm-footnote cache-miss
3995 silly fetch manifest mdast-util-gfm-strikethrough@^2.0.0
3996 silly packumentCache full:https://registry.npmjs.org/mdast-util-gfm-strikethrough cache-miss
3997 silly fetch manifest mdast-util-gfm-table@^2.0.0
3998 silly packumentCache full:https://registry.npmjs.org/mdast-util-gfm-table cache-miss
3999 silly fetch manifest mdast-util-gfm-task-list-item@^2.0.0
4000 silly packumentCache full:https://registry.npmjs.org/mdast-util-gfm-task-list-item cache-miss
4001 silly fetch manifest mdast-util-to-markdown@^2.0.0
4002 silly packumentCache full:https://registry.npmjs.org/mdast-util-to-markdown cache-miss
4003 silly fetch manifest micromark-extension-gfm-autolink-literal@^2.0.0
4004 silly packumentCache full:https://registry.npmjs.org/micromark-extension-gfm-autolink-literal cache-miss
4005 http fetch GET 200 https://registry.npmjs.org/mdast-util-gfm-strikethrough 316ms (cache revalidated)
4006 silly packumentCache full:https://registry.npmjs.org/mdast-util-gfm-strikethrough set size:48239 disposed:false
4007 silly fetch manifest micromark-extension-gfm-footnote@^2.0.0
4008 silly packumentCache full:https://registry.npmjs.org/micromark-extension-gfm-footnote cache-miss
4009 http fetch GET 200 https://registry.npmjs.org/mdast-util-gfm-task-list-item 325ms (cache revalidated)
4010 silly packumentCache full:https://registry.npmjs.org/mdast-util-gfm-task-list-item set size:51583 disposed:false
4011 silly fetch manifest micromark-extension-gfm-strikethrough@^2.0.0
4012 silly packumentCache full:https://registry.npmjs.org/micromark-extension-gfm-strikethrough cache-miss
4013 http fetch GET 200 https://registry.npmjs.org/mdast-util-gfm-autolink-literal 333ms (cache revalidated)
4014 silly packumentCache full:https://registry.npmjs.org/mdast-util-gfm-autolink-literal set size:49400 disposed:false
4015 silly fetch manifest micromark-extension-gfm-table@^2.0.0
4016 silly packumentCache full:https://registry.npmjs.org/micromark-extension-gfm-table cache-miss
4017 http fetch GET 200 https://registry.npmjs.org/mdast-util-gfm-table 338ms (cache revalidated)
4018 silly packumentCache full:https://registry.npmjs.org/mdast-util-gfm-table set size:76976 disposed:false
4019 silly fetch manifest micromark-extension-gfm-tagfilter@^2.0.0
4020 silly packumentCache full:https://registry.npmjs.org/micromark-extension-gfm-tagfilter cache-miss
4021 http fetch GET 200 https://registry.npmjs.org/mdast-util-to-markdown 341ms (cache revalidated)
4022 silly packumentCache full:https://registry.npmjs.org/mdast-util-to-markdown set size:179199 disposed:false
4023 silly fetch manifest micromark-extension-gfm-task-list-item@^2.0.0
4024 silly packumentCache full:https://registry.npmjs.org/micromark-extension-gfm-task-list-item cache-miss
4025 http fetch GET 200 https://registry.npmjs.org/mdast-util-gfm-footnote 353ms (cache revalidated)
4026 silly packumentCache full:https://registry.npmjs.org/mdast-util-gfm-footnote set size:31706 disposed:false
4027 silly fetch manifest micromark-util-combine-extensions@^2.0.0
4028 silly packumentCache full:https://registry.npmjs.org/micromark-util-combine-extensions cache-miss
4029 http fetch GET 200 https://registry.npmjs.org/micromark-extension-gfm-autolink-literal 351ms (cache revalidated)
4030 silly packumentCache full:https://registry.npmjs.org/micromark-extension-gfm-autolink-literal set size:86832 disposed:false
4031 silly fetch manifest micromark-util-types@^2.0.0
4032 silly packumentCache full:https://registry.npmjs.org/micromark-util-types cache-miss
4033 http fetch GET 200 https://registry.npmjs.org/micromark-extension-gfm-footnote 326ms (cache revalidated)
4034 silly packumentCache full:https://registry.npmjs.org/micromark-extension-gfm-footnote set size:60743 disposed:false
4035 silly fetch manifest micromark-util-types@^2.0.0
4036 silly packumentCache full:https://registry.npmjs.org/micromark-util-types cache-miss
4037 http fetch GET 200 https://registry.npmjs.org/micromark-util-combine-extensions 297ms (cache revalidated)
4038 silly packumentCache full:https://registry.npmjs.org/micromark-util-combine-extensions set size:28242 disposed:false
4039 silly fetch manifest @types/unist@^3.0.0
4040 silly packumentCache full:https://registry.npmjs.org/@types%2funist cache-hit
4041 silly fetch manifest bail@^2.0.0
4042 silly packumentCache full:https://registry.npmjs.org/bail cache-hit
4043 silly fetch manifest devlop@^1.0.0
4044 silly packumentCache full:https://registry.npmjs.org/devlop cache-miss
4045 http fetch GET 200 https://registry.npmjs.org/micromark-extension-gfm-tagfilter 319ms (cache revalidated)
4046 silly packumentCache full:https://registry.npmjs.org/micromark-extension-gfm-tagfilter set size:32464 disposed:false
4047 silly fetch manifest is-plain-obj@^4.0.0
4048 silly packumentCache full:https://registry.npmjs.org/is-plain-obj cache-hit
4049 silly fetch manifest trough@^2.0.0
4050 silly packumentCache full:https://registry.npmjs.org/trough cache-hit
4051 silly fetch manifest vfile@^6.0.0
4052 silly packumentCache full:https://registry.npmjs.org/vfile cache-hit
4053 http fetch GET 200 https://registry.npmjs.org/micromark-extension-gfm-table 333ms (cache revalidated)
4054 silly packumentCache full:https://registry.npmjs.org/micromark-extension-gfm-table set size:81061 disposed:false
4055 http fetch GET 200 https://registry.npmjs.org/micromark-util-types 317ms (cache revalidated)
4056 silly packumentCache full:https://registry.npmjs.org/micromark-util-types set size:32498 disposed:false
4057 http fetch GET 200 https://registry.npmjs.org/micromark-extension-gfm-task-list-item 333ms (cache revalidated)
4058 silly packumentCache full:https://registry.npmjs.org/micromark-extension-gfm-task-list-item set size:64020 disposed:false
4059 http fetch GET 200 https://registry.npmjs.org/micromark-extension-gfm-strikethrough 357ms (cache revalidated)
4060 silly packumentCache full:https://registry.npmjs.org/micromark-extension-gfm-strikethrough set size:85945 disposed:false
4061 http fetch GET 200 https://registry.npmjs.org/micromark-util-types 75ms (cache revalidated)
4062 silly packumentCache full:https://registry.npmjs.org/micromark-util-types set size:32498 disposed:false
4063 silly packumentCache full:https://registry.npmjs.org/micromark-util-types dispose
4064 http fetch GET 200 https://registry.npmjs.org/devlop 336ms (cache revalidated)
4065 silly packumentCache full:https://registry.npmjs.org/devlop set size:16868 disposed:false
4066 silly placeDep ROOT mdast-util-from-markdown@2.0.3 OK for: mdast-util-gfm@3.1.0 want: ^2.0.0
4067 silly placeDep ROOT mdast-util-gfm-autolink-literal@2.0.1 OK for: mdast-util-gfm@3.1.0 want: ^2.0.0
4068 silly placeDep ROOT mdast-util-gfm-footnote@2.1.0 OK for: mdast-util-gfm@3.1.0 want: ^2.0.0
4069 silly placeDep ROOT mdast-util-gfm-strikethrough@2.0.0 OK for: mdast-util-gfm@3.1.0 want: ^2.0.0
4070 silly placeDep ROOT mdast-util-gfm-table@2.0.0 OK for: mdast-util-gfm@3.1.0 want: ^2.0.0
4071 silly placeDep ROOT mdast-util-gfm-task-list-item@2.0.0 OK for: mdast-util-gfm@3.1.0 want: ^2.0.0
4072 silly placeDep ROOT mdast-util-to-markdown@2.1.2 OK for: mdast-util-gfm@3.1.0 want: ^2.0.0
4073 silly fetch manifest decode-named-character-reference@^1.0.0
4074 silly packumentCache full:https://registry.npmjs.org/decode-named-character-reference cache-miss
4075 silly fetch manifest mdast-util-to-string@^4.0.0
4076 silly packumentCache full:https://registry.npmjs.org/mdast-util-to-string cache-miss
4077 silly fetch manifest micromark@^4.0.0
4078 silly packumentCache full:https://registry.npmjs.org/micromark cache-miss
4079 silly fetch manifest micromark-util-decode-numeric-character-reference@^2.0.0
4080 silly packumentCache full:https://registry.npmjs.org/micromark-util-decode-numeric-character-reference cache-miss
4081 silly fetch manifest micromark-util-decode-string@^2.0.0
4082 silly packumentCache full:https://registry.npmjs.org/micromark-util-decode-string cache-miss
4083 silly fetch manifest micromark-util-normalize-identifier@^2.0.0
4084 silly packumentCache full:https://registry.npmjs.org/micromark-util-normalize-identifier cache-miss
4085 silly fetch manifest micromark-util-symbol@^2.0.0
4086 silly packumentCache full:https://registry.npmjs.org/micromark-util-symbol cache-miss
4087 http fetch GET 200 https://registry.npmjs.org/decode-named-character-reference 335ms (cache revalidated)
4088 silly packumentCache full:https://registry.npmjs.org/decode-named-character-reference set size:24840 disposed:false
4089 silly fetch manifest unist-util-stringify-position@^4.0.0
4090 silly packumentCache full:https://registry.npmjs.org/unist-util-stringify-position cache-hit
4091 silly fetch manifest ccount@^2.0.0
4092 silly packumentCache full:https://registry.npmjs.org/ccount cache-miss
4093 http fetch GET 200 https://registry.npmjs.org/micromark-util-symbol 343ms (cache revalidated)
4094 silly packumentCache full:https://registry.npmjs.org/micromark-util-symbol set size:29566 disposed:false
4095 silly fetch manifest mdast-util-find-and-replace@^3.0.0
4096 silly packumentCache full:https://registry.npmjs.org/mdast-util-find-and-replace cache-miss
4097 http fetch GET 200 https://registry.npmjs.org/micromark-util-decode-numeric-character-reference 350ms (cache revalidated)
4098 silly packumentCache full:https://registry.npmjs.org/micromark-util-decode-numeric-character-reference set size:21696 disposed:false
4099 silly fetch manifest micromark-util-character@^2.0.0
4100 silly packumentCache full:https://registry.npmjs.org/micromark-util-character cache-miss
4101 http fetch GET 200 https://registry.npmjs.org/micromark 355ms (cache revalidated)
4102 silly packumentCache full:https://registry.npmjs.org/micromark set size:218079 disposed:false
4103 silly fetch manifest devlop@^1.1.0
4104 silly packumentCache full:https://registry.npmjs.org/devlop cache-hit
4105 silly fetch manifest micromark-util-normalize-identifier@^2.0.0
4106 silly packumentCache full:https://registry.npmjs.org/micromark-util-normalize-identifier cache-miss
4107 http fetch GET 200 https://registry.npmjs.org/micromark-util-normalize-identifier 371ms (cache revalidated)
4108 silly packumentCache full:https://registry.npmjs.org/micromark-util-normalize-identifier set size:28578 disposed:false
4109 silly fetch manifest markdown-table@^3.0.0
4110 silly packumentCache full:https://registry.npmjs.org/markdown-table cache-miss
4111 http fetch GET 200 https://registry.npmjs.org/mdast-util-to-string 382ms (cache revalidated)
4112 silly packumentCache full:https://registry.npmjs.org/mdast-util-to-string set size:60380 disposed:false
4113 silly fetch manifest longest-streak@^3.0.0
4114 silly packumentCache full:https://registry.npmjs.org/longest-streak cache-miss
4115 http fetch GET 200 https://registry.npmjs.org/micromark-util-decode-string 389ms (cache revalidated)
4116 silly packumentCache full:https://registry.npmjs.org/micromark-util-decode-string set size:20340 disposed:false
4117 silly fetch manifest mdast-util-phrasing@^4.0.0
4118 silly packumentCache full:https://registry.npmjs.org/mdast-util-phrasing cache-miss
4119 http cache https://registry.npmjs.org/micromark-util-normalize-identifier 41ms (cache hit)
4120 silly packumentCache full:https://registry.npmjs.org/micromark-util-normalize-identifier set size:28578 disposed:false
4121 silly packumentCache full:https://registry.npmjs.org/micromark-util-normalize-identifier dispose
4122 silly fetch manifest micromark-util-classify-character@^2.0.0
4123 silly packumentCache full:https://registry.npmjs.org/micromark-util-classify-character cache-miss
4124 http fetch GET 200 https://registry.npmjs.org/markdown-table 322ms (cache revalidated)
4125 silly packumentCache full:https://registry.npmjs.org/markdown-table set size:56516 disposed:false
4126 silly fetch manifest unist-util-visit@^5.0.0
4127 silly packumentCache full:https://registry.npmjs.org/unist-util-visit cache-hit
4128 silly fetch manifest zwitch@^2.0.0
4129 silly packumentCache full:https://registry.npmjs.org/zwitch cache-miss
4130 http fetch GET 200 https://registry.npmjs.org/longest-streak 328ms (cache revalidated)
4131 silly packumentCache full:https://registry.npmjs.org/longest-streak set size:31102 disposed:false
4132 http fetch GET 200 https://registry.npmjs.org/micromark-util-classify-character 409ms (cache revalidated)
4133 silly packumentCache full:https://registry.npmjs.org/micromark-util-classify-character set size:29135 disposed:false
4134 http fetch GET 200 https://registry.npmjs.org/ccount 484ms (cache revalidated)
4135 silly packumentCache full:https://registry.npmjs.org/ccount set size:30836 disposed:false
4136 http fetch GET 200 https://registry.npmjs.org/mdast-util-find-and-replace 479ms (cache revalidated)
4137 silly packumentCache full:https://registry.npmjs.org/mdast-util-find-and-replace set size:53070 disposed:false
4138 http fetch GET 200 https://registry.npmjs.org/mdast-util-phrasing 440ms (cache revalidated)
4139 silly packumentCache full:https://registry.npmjs.org/mdast-util-phrasing set size:35124 disposed:false
4140 http fetch GET 200 https://registry.npmjs.org/micromark-util-character 619ms (cache revalidated)
4141 silly packumentCache full:https://registry.npmjs.org/micromark-util-character set size:41720 disposed:false
4142 http fetch GET 200 https://registry.npmjs.org/zwitch 323ms (cache revalidated)
4143 silly packumentCache full:https://registry.npmjs.org/zwitch set size:39712 disposed:false
4144 silly placeDep node_modules/mdast-util-from-markdown @types/unist@3.0.3 OK for: mdast-util-from-markdown@2.0.3 want: ^3.0.0
4145 silly placeDep ROOT decode-named-character-reference@1.3.0 OK for: mdast-util-from-markdown@2.0.3 want: ^1.0.0
4146 silly placeDep ROOT devlop@1.1.0 OK for: mdast-util-from-markdown@2.0.3 want: ^1.0.0
4147 silly placeDep ROOT mdast-util-to-string@4.0.0 OK for: mdast-util-from-markdown@2.0.3 want: ^4.0.0
4148 silly placeDep ROOT micromark@4.0.2 OK for: mdast-util-from-markdown@2.0.3 want: ^4.0.0
4149 silly placeDep ROOT micromark-util-decode-numeric-character-reference@2.0.2 OK for: mdast-util-from-markdown@2.0.3 want: ^2.0.0
4150 silly placeDep ROOT micromark-util-decode-string@2.0.1 OK for: mdast-util-from-markdown@2.0.3 want: ^2.0.0
4151 silly placeDep ROOT micromark-util-normalize-identifier@2.0.1 OK for: mdast-util-from-markdown@2.0.3 want: ^2.0.0
4152 silly placeDep ROOT micromark-util-symbol@2.0.1 OK for: mdast-util-from-markdown@2.0.3 want: ^2.0.0
4153 silly placeDep ROOT micromark-util-types@2.0.2 OK for: mdast-util-from-markdown@2.0.3 want: ^2.0.0
4154 silly placeDep ROOT unist-util-stringify-position@4.0.0 OK for: mdast-util-from-markdown@2.0.3 want: ^4.0.0
4155 silly fetch manifest character-entities@^2.0.0
4156 silly packumentCache full:https://registry.npmjs.org/character-entities cache-miss
4157 silly fetch manifest dequal@^2.0.0
4158 silly packumentCache full:https://registry.npmjs.org/dequal cache-miss
4159 silly fetch manifest @types/debug@^4.0.0
4160 silly packumentCache full:https://registry.npmjs.org/@types%2fdebug cache-miss
4161 silly fetch manifest micromark-core-commonmark@^2.0.0
4162 silly packumentCache full:https://registry.npmjs.org/micromark-core-commonmark cache-miss
4163 silly fetch manifest micromark-factory-space@^2.0.0
4164 silly packumentCache full:https://registry.npmjs.org/micromark-factory-space cache-miss
4165 silly fetch manifest micromark-util-chunked@^2.0.0
4166 silly packumentCache full:https://registry.npmjs.org/micromark-util-chunked cache-miss
4167 silly fetch manifest micromark-util-encode@^2.0.0
4168 silly packumentCache full:https://registry.npmjs.org/micromark-util-encode cache-miss
4169 http fetch GET 200 https://registry.npmjs.org/micromark-core-commonmark 294ms (cache revalidated)
4170 silly packumentCache full:https://registry.npmjs.org/micromark-core-commonmark set size:55807 disposed:false
4171 silly fetch manifest micromark-util-resolve-all@^2.0.0
4172 silly packumentCache full:https://registry.npmjs.org/micromark-util-resolve-all cache-miss
4173 http fetch GET 200 https://registry.npmjs.org/micromark-factory-space 318ms (cache revalidated)
4174 silly packumentCache full:https://registry.npmjs.org/micromark-factory-space set size:28447 disposed:false
4175 silly fetch manifest micromark-util-sanitize-uri@^2.0.0
4176 silly packumentCache full:https://registry.npmjs.org/micromark-util-sanitize-uri cache-miss
4177 http fetch GET 200 https://registry.npmjs.org/dequal 329ms (cache revalidated)
4178 silly packumentCache full:https://registry.npmjs.org/dequal set size:24037 disposed:false
4179 silly fetch manifest micromark-util-subtokenize@^2.0.0
4180 silly packumentCache full:https://registry.npmjs.org/micromark-util-subtokenize cache-miss
4181 http fetch GET 200 https://registry.npmjs.org/micromark-util-encode 332ms (cache revalidated)
4182 silly packumentCache full:https://registry.npmjs.org/micromark-util-encode set size:28579 disposed:false
4183 http fetch GET 200 https://registry.npmjs.org/micromark-util-chunked 339ms (cache revalidated)
4184 silly packumentCache full:https://registry.npmjs.org/micromark-util-chunked set size:28101 disposed:false
4185 http fetch GET 200 https://registry.npmjs.org/character-entities 357ms (cache revalidated)
4186 silly packumentCache full:https://registry.npmjs.org/character-entities set size:36394 disposed:false
4187 http fetch GET 200 https://registry.npmjs.org/@types%2fdebug 568ms (cache revalidated)
4188 silly packumentCache full:https://registry.npmjs.org/@types%2fdebug set size:55727 disposed:false
4189 http fetch GET 200 https://registry.npmjs.org/micromark-util-subtokenize 320ms (cache revalidated)
4190 silly packumentCache full:https://registry.npmjs.org/micromark-util-subtokenize set size:41632 disposed:false
4191 http fetch GET 200 https://registry.npmjs.org/micromark-util-resolve-all 352ms (cache revalidated)
4192 silly packumentCache full:https://registry.npmjs.org/micromark-util-resolve-all set size:27928 disposed:false
4193 http fetch GET 200 https://registry.npmjs.org/micromark-util-sanitize-uri 334ms (cache revalidated)
4194 silly packumentCache full:https://registry.npmjs.org/micromark-util-sanitize-uri set size:32376 disposed:false
4195 silly placeDep ROOT character-entities@2.0.2 OK for: decode-named-character-reference@1.3.0 want: ^2.0.0
4196 silly placeDep ROOT dequal@2.0.3 OK for: devlop@1.1.0 want: ^2.0.0
4197 silly placeDep ROOT ccount@2.0.1 OK for: mdast-util-gfm-autolink-literal@2.0.1 want: ^2.0.0
4198 silly placeDep ROOT mdast-util-find-and-replace@3.0.2 OK for: mdast-util-gfm-autolink-literal@2.0.1 want: ^3.0.0
4199 silly placeDep ROOT micromark-util-character@2.1.1 OK for: mdast-util-gfm-autolink-literal@2.0.1 want: ^2.0.0
4200 silly fetch manifest escape-string-regexp@^5.0.0
4201 silly packumentCache full:https://registry.npmjs.org/escape-string-regexp cache-hit
4202 silly fetch manifest unist-util-is@^6.0.0
4203 silly packumentCache full:https://registry.npmjs.org/unist-util-is cache-hit
4204 silly fetch manifest unist-util-visit-parents@^6.0.0
4205 silly packumentCache full:https://registry.npmjs.org/unist-util-visit-parents cache-hit
4206 silly placeDep node_modules/mdast-util-find-and-replace escape-string-regexp@5.0.0 OK for: mdast-util-find-and-replace@3.0.2 want: ^5.0.0
4207 silly placeDep ROOT unist-util-is@6.0.1 OK for: mdast-util-find-and-replace@3.0.2 want: ^6.0.0
4208 silly placeDep ROOT unist-util-visit-parents@6.0.2 OK for: mdast-util-find-and-replace@3.0.2 want: ^6.0.0
4209 silly placeDep ROOT markdown-table@3.0.4 OK for: mdast-util-gfm-table@2.0.0 want: ^3.0.0
4210 silly placeDep node_modules/mdast-util-to-markdown @types/unist@3.0.3 OK for: mdast-util-to-markdown@2.1.2 want: ^3.0.0
4211 silly placeDep ROOT longest-streak@3.1.0 OK for: mdast-util-to-markdown@2.1.2 want: ^3.0.0
4212 silly placeDep ROOT mdast-util-phrasing@4.1.0 OK for: mdast-util-to-markdown@2.1.2 want: ^4.0.0
4213 silly placeDep ROOT micromark-util-classify-character@2.0.1 OK for: mdast-util-to-markdown@2.1.2 want: ^2.0.0
4214 silly placeDep node_modules/mdast-util-to-markdown unist-util-visit@5.1.0 OK for: mdast-util-to-markdown@2.1.2 want: ^5.0.0
4215 silly placeDep ROOT zwitch@2.0.4 OK for: mdast-util-to-markdown@2.1.2 want: ^2.0.0
4216 silly placeDep ROOT @types/debug@4.1.13 OK for: micromark@4.0.2 want: ^4.0.0
4217 silly placeDep ROOT micromark-core-commonmark@2.0.3 OK for: micromark@4.0.2 want: ^2.0.0
4218 silly placeDep ROOT micromark-factory-space@2.0.1 OK for: micromark@4.0.2 want: ^2.0.0
4219 silly placeDep ROOT micromark-util-chunked@2.0.1 OK for: micromark@4.0.2 want: ^2.0.0
4220 silly placeDep ROOT micromark-util-combine-extensions@2.0.1 OK for: micromark@4.0.2 want: ^2.0.0
4221 silly placeDep ROOT micromark-util-encode@2.0.1 OK for: micromark@4.0.2 want: ^2.0.0
4222 silly placeDep ROOT micromark-util-resolve-all@2.0.1 OK for: micromark@4.0.2 want: ^2.0.0
4223 silly placeDep ROOT micromark-util-sanitize-uri@2.0.1 OK for: micromark@4.0.2 want: ^2.0.0
4224 silly placeDep ROOT micromark-util-subtokenize@2.1.0 OK for: micromark@4.0.2 want: ^2.0.0
4225 silly fetch manifest @types/ms@*
4226 silly packumentCache full:https://registry.npmjs.org/@types%2fms cache-miss
4227 silly fetch manifest micromark-factory-destination@^2.0.0
4228 silly packumentCache full:https://registry.npmjs.org/micromark-factory-destination cache-miss
4229 silly fetch manifest micromark-factory-label@^2.0.0
4230 silly packumentCache full:https://registry.npmjs.org/micromark-factory-label cache-miss
4231 silly fetch manifest micromark-factory-title@^2.0.0
4232 silly packumentCache full:https://registry.npmjs.org/micromark-factory-title cache-miss
4233 silly fetch manifest micromark-factory-whitespace@^2.0.0
4234 silly packumentCache full:https://registry.npmjs.org/micromark-factory-whitespace cache-miss
4235 silly fetch manifest micromark-util-html-tag-name@^2.0.0
4236 silly packumentCache full:https://registry.npmjs.org/micromark-util-html-tag-name cache-miss
4237 http fetch GET 200 https://registry.npmjs.org/micromark-factory-whitespace 375ms (cache revalidated)
4238 silly packumentCache full:https://registry.npmjs.org/micromark-factory-whitespace set size:28974 disposed:false
4239 http fetch GET 200 https://registry.npmjs.org/micromark-factory-title 379ms (cache revalidated)
4240 silly packumentCache full:https://registry.npmjs.org/micromark-factory-title set size:34302 disposed:false
4241 http fetch GET 200 https://registry.npmjs.org/micromark-factory-destination 383ms (cache revalidated)
4242 silly packumentCache full:https://registry.npmjs.org/micromark-factory-destination set size:29173 disposed:false
4243 http fetch GET 200 https://registry.npmjs.org/micromark-util-html-tag-name 380ms (cache revalidated)
4244 silly packumentCache full:https://registry.npmjs.org/micromark-util-html-tag-name set size:29833 disposed:false
4245 http fetch GET 200 https://registry.npmjs.org/micromark-factory-label 386ms (cache revalidated)
4246 silly packumentCache full:https://registry.npmjs.org/micromark-factory-label set size:33915 disposed:false
4247 http fetch GET 200 https://registry.npmjs.org/@types%2fms 690ms (cache revalidated)
4248 silly packumentCache full:https://registry.npmjs.org/@types%2fms set size:24399 disposed:false
4249 silly placeDep ROOT @types/ms@2.1.0 OK for: @types/debug@4.1.13 want: *
4250 silly placeDep ROOT micromark-factory-destination@2.0.1 OK for: micromark-core-commonmark@2.0.3 want: ^2.0.0
4251 silly placeDep ROOT micromark-factory-label@2.0.1 OK for: micromark-core-commonmark@2.0.3 want: ^2.0.0
4252 silly placeDep ROOT micromark-factory-title@2.0.1 OK for: micromark-core-commonmark@2.0.3 want: ^2.0.0
4253 silly placeDep ROOT micromark-factory-whitespace@2.0.1 OK for: micromark-core-commonmark@2.0.3 want: ^2.0.0
4254 silly placeDep ROOT micromark-util-html-tag-name@2.0.1 OK for: micromark-core-commonmark@2.0.3 want: ^2.0.0
4255 silly placeDep ROOT micromark-extension-gfm-autolink-literal@2.1.0 OK for: micromark-extension-gfm@3.0.0 want: ^2.0.0
4256 silly placeDep ROOT micromark-extension-gfm-footnote@2.1.0 OK for: micromark-extension-gfm@3.0.0 want: ^2.0.0
4257 silly placeDep ROOT micromark-extension-gfm-strikethrough@2.1.0 OK for: micromark-extension-gfm@3.0.0 want: ^2.0.0
4258 silly placeDep ROOT micromark-extension-gfm-table@2.1.1 OK for: micromark-extension-gfm@3.0.0 want: ^2.0.0
4259 silly placeDep ROOT micromark-extension-gfm-tagfilter@2.0.0 OK for: micromark-extension-gfm@3.0.0 want: ^2.0.0
4260 silly placeDep ROOT micromark-extension-gfm-task-list-item@2.1.0 OK for: micromark-extension-gfm@3.0.0 want: ^2.0.0
4261 silly placeDep node_modules/remark-parse mdast-util-from-markdown@0.8.5 OK for: remark-parse@9.0.0 want: ^0.8.0
4262 silly fetch manifest micromark@~2.11.0
4263 silly packumentCache full:https://registry.npmjs.org/micromark cache-hit
4264 silly fetch manifest @types/mdast@^3.0.0
4265 silly packumentCache full:https://registry.npmjs.org/@types%2fmdast cache-hit
4266 silly fetch manifest parse-entities@^2.0.0
4267 silly packumentCache full:https://registry.npmjs.org/parse-entities cache-miss
4268 silly fetch manifest mdast-util-to-string@^2.0.0
4269 silly packumentCache full:https://registry.npmjs.org/mdast-util-to-string cache-hit
4270 http fetch GET 200 https://registry.npmjs.org/parse-entities 322ms (cache revalidated)
4271 silly packumentCache full:https://registry.npmjs.org/parse-entities set size:58539 disposed:false
4272 silly placeDep ROOT mdast-util-to-hast@10.2.0 OK for: remark-rehype@8.1.0 want: ^10.2.0
4273 silly fetch manifest mdurl@^1.0.0
4274 silly packumentCache full:https://registry.npmjs.org/mdurl cache-miss
4275 silly fetch manifest unist-builder@^2.0.0
4276 silly packumentCache full:https://registry.npmjs.org/unist-builder cache-miss
4277 silly fetch manifest unist-util-position@^3.0.0
4278 silly packumentCache full:https://registry.npmjs.org/unist-util-position cache-miss
4279 silly fetch manifest unist-util-generated@^1.0.0
4280 silly packumentCache full:https://registry.npmjs.org/unist-util-generated cache-miss
4281 silly fetch manifest mdast-util-definitions@^4.0.0
4282 silly packumentCache full:https://registry.npmjs.org/mdast-util-definitions cache-miss
4283 http fetch GET 200 https://registry.npmjs.org/unist-util-generated 305ms (cache revalidated)
4284 silly packumentCache full:https://registry.npmjs.org/unist-util-generated set size:41421 disposed:false
4285 http fetch GET 200 https://registry.npmjs.org/mdast-util-definitions 309ms (cache revalidated)
4286 silly packumentCache full:https://registry.npmjs.org/mdast-util-definitions set size:71090 disposed:false
4287 http fetch GET 200 https://registry.npmjs.org/mdurl 320ms (cache revalidated)
4288 silly packumentCache full:https://registry.npmjs.org/mdurl set size:9361 disposed:false
4289 http fetch GET 200 https://registry.npmjs.org/unist-util-position 323ms (cache revalidated)
4290 silly packumentCache full:https://registry.npmjs.org/unist-util-position set size:51342 disposed:false
4291 http fetch GET 200 https://registry.npmjs.org/unist-builder 494ms (cache revalidated)
4292 silly packumentCache full:https://registry.npmjs.org/unist-builder set size:42626 disposed:false
4293 silly placeDep node_modules/mdast-util-to-hast @types/mdast@3.0.15 OK for: mdast-util-to-hast@10.2.0 want: ^3.0.0
4294 silly placeDep ROOT mdast-util-definitions@4.0.0 OK for: mdast-util-to-hast@10.2.0 want: ^4.0.0
4295 silly placeDep ROOT mdurl@1.0.1 OK for: mdast-util-to-hast@10.2.0 want: ^1.0.0
4296 silly placeDep ROOT unist-builder@2.0.3 OK for: mdast-util-to-hast@10.2.0 want: ^2.0.0
4297 silly placeDep ROOT unist-util-generated@1.1.6 OK for: mdast-util-to-hast@10.2.0 want: ^1.0.0
4298 silly placeDep ROOT unist-util-position@3.1.0 OK for: mdast-util-to-hast@10.2.0 want: ^3.0.0
4299 silly placeDep node_modules/remark-stringify unified@11.0.5 OK for: remark-stringify@11.0.0 want: ^11.0.0
4300 silly placeDep ROOT es-errors@1.3.0 OK for: resolve@1.22.12 want: ^1.3.0
4301 silly placeDep ROOT is-core-module@2.16.2 OK for: resolve@1.22.12 want: ^2.16.1
4302 silly placeDep ROOT path-parse@1.0.7 OK for: resolve@1.22.12 want: ^1.0.7
4303 silly placeDep ROOT supports-preserve-symlinks-flag@1.0.0 OK for: resolve@1.22.12 want: ^1.0.0
4304 silly fetch manifest hasown@^2.0.3
4305 silly packumentCache full:https://registry.npmjs.org/hasown cache-miss
4306 http fetch GET 200 https://registry.npmjs.org/hasown 57ms (cache revalidated)
4307 silly packumentCache full:https://registry.npmjs.org/hasown set size:15429 disposed:false
4308 silly placeDep ROOT hasown@2.0.3 OK for: is-core-module@2.16.2 want: ^2.0.3
4309 silly fetch manifest function-bind@^1.1.2
4310 silly packumentCache full:https://registry.npmjs.org/function-bind cache-miss
4311 http fetch GET 200 https://registry.npmjs.org/function-bind 67ms (cache revalidated)
4312 silly packumentCache full:https://registry.npmjs.org/function-bind set size:15733 disposed:false
4313 silly placeDep ROOT function-bind@1.1.2 OK for: hasown@2.0.3 want: ^1.1.2
4314 silly placeDep ROOT glob@7.2.3 OK for: rimraf@3.0.2 want: ^7.1.3
4315 silly fetch manifest once@^1.3.0
4316 silly packumentCache full:https://registry.npmjs.org/once cache-hit
4317 silly fetch manifest inflight@^1.0.4
4318 silly packumentCache full:https://registry.npmjs.org/inflight cache-miss
4319 silly fetch manifest minimatch@^3.1.1
4320 silly packumentCache full:https://registry.npmjs.org/minimatch cache-hit
4321 silly fetch manifest fs.realpath@^1.0.0
4322 silly packumentCache full:https://registry.npmjs.org/fs.realpath cache-miss
4323 silly fetch manifest path-is-absolute@^1.0.0
4324 silly packumentCache full:https://registry.npmjs.org/path-is-absolute cache-miss
4325 http fetch GET 200 https://registry.npmjs.org/fs.realpath 160ms (cache revalidated)
4326 silly packumentCache full:https://registry.npmjs.org/fs.realpath set size:4806 disposed:false
4327 http fetch GET 200 https://registry.npmjs.org/inflight 167ms (cache revalidated)
4328 silly packumentCache full:https://registry.npmjs.org/inflight set size:13140 disposed:false
4329 http fetch GET 200 https://registry.npmjs.org/path-is-absolute 312ms (cache revalidated)
4330 silly packumentCache full:https://registry.npmjs.org/path-is-absolute set size:8253 disposed:false
4331 silly placeDep ROOT fs.realpath@1.0.0 OK for: glob@7.2.3 want: ^1.0.0
4332 silly placeDep ROOT inflight@1.0.6 OK for: glob@7.2.3 want: ^1.0.4
4333 silly placeDep node_modules/glob minimatch@3.1.5 OK for: glob@7.2.3 want: ^3.1.1
4334 silly placeDep ROOT once@1.4.0 OK for: glob@7.2.3 want: ^1.3.0
4335 silly placeDep ROOT path-is-absolute@1.0.1 OK for: glob@7.2.3 want: ^1.0.0
4336 silly fetch manifest wrappy@1
4337 silly packumentCache full:https://registry.npmjs.org/wrappy cache-miss
4338 silly fetch manifest brace-expansion@^1.1.7
4339 silly packumentCache full:https://registry.npmjs.org/brace-expansion cache-hit
4340 silly fetch manifest wrappy@1
4341 silly packumentCache full:https://registry.npmjs.org/wrappy cache-miss
4342 http fetch GET 200 https://registry.npmjs.org/wrappy 363ms (cache revalidated)
4343 silly packumentCache full:https://registry.npmjs.org/wrappy set size:7682 disposed:false
4344 http fetch GET 200 https://registry.npmjs.org/wrappy 367ms (cache revalidated)
4345 silly packumentCache full:https://registry.npmjs.org/wrappy set size:7682 disposed:false
4346 silly packumentCache full:https://registry.npmjs.org/wrappy dispose
4347 silly placeDep ROOT wrappy@1.0.2 OK for: inflight@1.0.6 want: 1
4348 silly placeDep ROOT queue-microtask@1.2.3 OK for: run-parallel@1.2.0 want: ^1.2.2
4349 silly placeDep ROOT xmlchars@2.2.0 OK for: saxes@6.0.0 want: ^2.2.0
4350 silly placeDep node_modules/send debug@2.6.9 OK for: send@0.19.2 want: 2.6.9
4351 silly placeDep ROOT mime@1.6.0 OK for: send@0.19.2 want: 1.6.0
4352 silly placeDep ROOT type-fest@4.41.0 OK for: serialize-error@12.0.0 want: ^4.31.0
4353 silly placeDep ROOT object-inspect@1.13.4 OK for: side-channel@1.1.0 want: ^1.13.3
4354 silly placeDep ROOT side-channel-list@1.0.1 OK for: side-channel@1.1.0 want: ^1.0.0
4355 silly placeDep ROOT side-channel-map@1.0.1 OK for: side-channel@1.1.0 want: ^1.0.1
4356 silly placeDep ROOT side-channel-weakmap@1.0.2 OK for: side-channel@1.1.0 want: ^1.0.2
4357 silly fetch manifest call-bound@^1.0.2
4358 silly packumentCache full:https://registry.npmjs.org/call-bound cache-miss
4359 silly fetch manifest get-intrinsic@^1.2.5
4360 silly packumentCache full:https://registry.npmjs.org/get-intrinsic cache-miss
4361 silly fetch manifest call-bound@^1.0.2
4362 silly packumentCache full:https://registry.npmjs.org/call-bound cache-miss
4363 silly fetch manifest get-intrinsic@^1.2.5
4364 silly packumentCache full:https://registry.npmjs.org/get-intrinsic cache-miss
4365 http fetch GET 200 https://registry.npmjs.org/call-bound 68ms (cache revalidated)
4366 silly packumentCache full:https://registry.npmjs.org/call-bound set size:15317 disposed:false
4367 http fetch GET 200 https://registry.npmjs.org/call-bound 69ms (cache revalidated)
4368 silly packumentCache full:https://registry.npmjs.org/call-bound set size:15317 disposed:false
4369 silly packumentCache full:https://registry.npmjs.org/call-bound dispose
4370 http fetch GET 200 https://registry.npmjs.org/get-intrinsic 74ms (cache revalidated)
4371 silly packumentCache full:https://registry.npmjs.org/get-intrinsic set size:60985 disposed:false
4372 http fetch GET 200 https://registry.npmjs.org/get-intrinsic 79ms (cache revalidated)
4373 silly packumentCache full:https://registry.npmjs.org/get-intrinsic set size:60985 disposed:false
4374 silly packumentCache full:https://registry.npmjs.org/get-intrinsic dispose
4375 silly placeDep ROOT call-bound@1.0.4 OK for: side-channel-map@1.0.1 want: ^1.0.2
4376 silly placeDep ROOT get-intrinsic@1.3.0 OK for: side-channel-map@1.0.1 want: ^1.2.5
4377 silly fetch manifest call-bind-apply-helpers@^1.0.2
4378 silly packumentCache full:https://registry.npmjs.org/call-bind-apply-helpers cache-miss
4379 silly fetch manifest get-intrinsic@^1.3.0
4380 silly packumentCache full:https://registry.npmjs.org/get-intrinsic cache-hit
4381 silly fetch manifest gopd@^1.2.0
4382 silly packumentCache full:https://registry.npmjs.org/gopd cache-miss
4383 silly fetch manifest get-proto@^1.0.1
4384 silly packumentCache full:https://registry.npmjs.org/get-proto cache-miss
4385 silly fetch manifest has-symbols@^1.1.0
4386 silly packumentCache full:https://registry.npmjs.org/has-symbols cache-miss
4387 silly fetch manifest es-object-atoms@^1.1.1
4388 silly packumentCache full:https://registry.npmjs.org/es-object-atoms cache-miss
4389 silly fetch manifest math-intrinsics@^1.1.0
4390 silly packumentCache full:https://registry.npmjs.org/math-intrinsics cache-miss
4391 silly fetch manifest es-define-property@^1.0.1
4392 silly packumentCache full:https://registry.npmjs.org/es-define-property cache-miss
4393 http fetch GET 200 https://registry.npmjs.org/has-symbols 65ms (cache revalidated)
4394 silly packumentCache full:https://registry.npmjs.org/has-symbols set size:21550 disposed:false
4395 silly fetch manifest call-bind-apply-helpers@^1.0.2
4396 silly packumentCache full:https://registry.npmjs.org/call-bind-apply-helpers cache-miss
4397 http fetch GET 200 https://registry.npmjs.org/call-bind-apply-helpers 75ms (cache revalidated)
4398 silly packumentCache full:https://registry.npmjs.org/call-bind-apply-helpers set size:12744 disposed:false
4399 http fetch GET 200 https://registry.npmjs.org/es-object-atoms 74ms (cache revalidated)
4400 silly packumentCache full:https://registry.npmjs.org/es-object-atoms set size:15304 disposed:false
4401 http cache https://registry.npmjs.org/call-bind-apply-helpers 10ms (cache hit)
4402 silly packumentCache full:https://registry.npmjs.org/call-bind-apply-helpers set size:12744 disposed:false
4403 silly packumentCache full:https://registry.npmjs.org/call-bind-apply-helpers dispose
4404 http fetch GET 200 https://registry.npmjs.org/get-proto 83ms (cache revalidated)
4405 silly packumentCache full:https://registry.npmjs.org/get-proto set size:8300 disposed:false
4406 http fetch GET 200 https://registry.npmjs.org/math-intrinsics 304ms (cache revalidated)
4407 silly packumentCache full:https://registry.npmjs.org/math-intrinsics set size:9265 disposed:false
4408 http fetch GET 200 https://registry.npmjs.org/gopd 317ms (cache revalidated)
4409 silly packumentCache full:https://registry.npmjs.org/gopd set size:11458 disposed:false
4410 http fetch GET 200 https://registry.npmjs.org/es-define-property 323ms (cache revalidated)
4411 silly packumentCache full:https://registry.npmjs.org/es-define-property set size:8542 disposed:false
4412 silly placeDep ROOT call-bind-apply-helpers@1.0.2 OK for: call-bound@1.0.4 want: ^1.0.2
4413 silly placeDep ROOT es-define-property@1.0.1 OK for: get-intrinsic@1.3.0 want: ^1.0.1
4414 silly placeDep ROOT es-object-atoms@1.1.1 OK for: get-intrinsic@1.3.0 want: ^1.1.1
4415 silly placeDep ROOT get-proto@1.0.1 OK for: get-intrinsic@1.3.0 want: ^1.0.1
4416 silly placeDep ROOT gopd@1.2.0 OK for: get-intrinsic@1.3.0 want: ^1.2.0
4417 silly placeDep ROOT has-symbols@1.1.0 OK for: get-intrinsic@1.3.0 want: ^1.1.0
4418 silly placeDep ROOT math-intrinsics@1.1.0 OK for: get-intrinsic@1.3.0 want: ^1.1.0
4419 silly fetch manifest dunder-proto@^1.0.1
4420 silly packumentCache full:https://registry.npmjs.org/dunder-proto cache-miss
4421 http fetch GET 200 https://registry.npmjs.org/dunder-proto 403ms (cache revalidated)
4422 silly packumentCache full:https://registry.npmjs.org/dunder-proto set size:8256 disposed:false
4423 silly placeDep ROOT dunder-proto@1.0.1 OK for: get-proto@1.0.1 want: ^1.0.1
4424 silly placeDep ROOT decompress-response@4.2.1 OK for: simple-get@3.1.1 want: ^4.2.0
4425 silly placeDep ROOT simple-concat@1.0.1 OK for: simple-get@3.1.1 want: ^1.0.0
4426 silly fetch manifest mimic-response@^2.0.0
4427 silly packumentCache full:https://registry.npmjs.org/mimic-response cache-miss
4428 http fetch GET 200 https://registry.npmjs.org/mimic-response 63ms (cache revalidated)
4429 silly packumentCache full:https://registry.npmjs.org/mimic-response set size:20174 disposed:false
4430 silly placeDep ROOT mimic-response@2.1.0 OK for: decompress-response@4.2.1 want: ^2.0.0
4431 silly placeDep ROOT buffer-from@1.1.2 OK for: source-map-support@0.5.21 want: ^1.0.0
4432 silly placeDep node_modules/source-map-support source-map@0.6.1 OK for: source-map-support@0.5.21 want: ^0.6.0
4433 silly placeDep ROOT emoji-regex@8.0.0 OK for: string-width@4.2.3 want: ^8.0.0
4434 silly placeDep ROOT is-fullwidth-code-point@3.0.0 OK for: string-width@4.2.3 want: ^3.0.0
4435 silly placeDep ROOT ansi-regex@5.0.1 OK for: strip-ansi@6.0.1 want: ^5.0.1
4436 silly placeDep ROOT min-indent@1.0.1 OK for: strip-indent@3.0.0 want: ^1.0.0
4437 silly placeDep ROOT inline-style-parser@0.1.1 OK for: style-to-object@0.3.0 want: 0.1.1
4438 silly placeDep ROOT client-only@0.0.1 OK for: styled-jsx@5.1.7 want: 0.0.1
4439 silly placeDep ROOT @alloc/quick-lru@5.2.0 OK for: tailwindcss@3.4.19 want: ^5.2.0
4440 silly placeDep node_modules/tailwindcss chokidar@3.6.0 OK for: tailwindcss@3.4.19 want: ^3.6.0
4441 silly placeDep ROOT didyoumean@1.2.2 OK for: tailwindcss@3.4.19 want: ^1.2.2
4442 silly placeDep ROOT dlv@1.1.3 OK for: tailwindcss@3.4.19 want: ^1.1.3
4443 silly placeDep node_modules/tailwindcss glob-parent@6.0.2 OK for: tailwindcss@3.4.19 want: ^6.0.2
4444 silly placeDep node_modules/tailwindcss jiti@1.21.7 OK for: tailwindcss@3.4.19 want: ^1.21.7
4445 silly placeDep ROOT lilconfig@3.1.3 OK for: tailwindcss@3.4.19 want: ^3.1.3
4446 silly placeDep ROOT normalize-path@3.0.0 OK for: tailwindcss@3.4.19 want: ^3.0.0
4447 silly placeDep ROOT object-hash@3.0.0 OK for: tailwindcss@3.4.19 want: ^3.0.0
4448 silly placeDep ROOT postcss-import@15.1.0 OK for: tailwindcss@3.4.19 want: ^15.1.0
4449 silly placeDep ROOT postcss-js@4.1.0 OK for: tailwindcss@3.4.19 want: ^4.0.1
4450 silly placeDep ROOT postcss-load-config@6.0.1 OK for: tailwindcss@3.4.19 want: ^4.0.2 || ^5.0 || ^6.0
4451 silly placeDep ROOT postcss-nested@6.2.0 OK for: tailwindcss@3.4.19 want: ^6.2.0
4452 silly placeDep ROOT postcss-selector-parser@6.1.2 OK for: tailwindcss@3.4.19 want: ^6.1.2
4453 silly placeDep ROOT sucrase@3.35.1 OK for: tailwindcss@3.4.19 want: ^3.35.0
4454 silly fetch manifest anymatch@~3.1.2
4455 silly packumentCache full:https://registry.npmjs.org/anymatch cache-miss
4456 silly fetch manifest readdirp@~3.6.0
4457 silly packumentCache full:https://registry.npmjs.org/readdirp cache-hit
4458 silly fetch manifest is-binary-path@~2.1.0
4459 silly packumentCache full:https://registry.npmjs.org/is-binary-path cache-miss
4460 silly fetch manifest normalize-path@~3.0.0
4461 silly packumentCache full:https://registry.npmjs.org/normalize-path cache-hit
4462 silly fetch manifest fsevents@~2.3.2
4463 silly packumentCache full:https://registry.npmjs.org/fsevents cache-hit
4464 silly fetch manifest read-cache@^1.0.0
4465 silly packumentCache full:https://registry.npmjs.org/read-cache cache-miss
4466 silly fetch manifest camelcase-css@^2.0.1
4467 silly packumentCache full:https://registry.npmjs.org/camelcase-css cache-miss
4468 silly fetch manifest postcss-selector-parser@^6.1.1
4469 silly packumentCache full:https://registry.npmjs.org/postcss-selector-parser cache-hit
4470 silly fetch manifest cssesc@^3.0.0
4471 silly packumentCache full:https://registry.npmjs.org/cssesc cache-miss
4472 silly fetch manifest commander@^4.0.0
4473 silly packumentCache full:https://registry.npmjs.org/commander cache-miss
4474 silly fetch manifest mz@^2.7.0
4475 silly packumentCache full:https://registry.npmjs.org/mz cache-miss
4476 http fetch GET 200 https://registry.npmjs.org/anymatch 318ms (cache revalidated)
4477 silly packumentCache full:https://registry.npmjs.org/anymatch set size:42974 disposed:false
4478 silly fetch manifest pirates@^4.0.1
4479 silly packumentCache full:https://registry.npmjs.org/pirates cache-miss
4480 http fetch GET 200 https://registry.npmjs.org/read-cache 320ms (cache revalidated)
4481 silly packumentCache full:https://registry.npmjs.org/read-cache set size:3003 disposed:false
4482 silly fetch manifest ts-interface-checker@^0.1.9
4483 silly packumentCache full:https://registry.npmjs.org/ts-interface-checker cache-miss
4484 http fetch GET 200 https://registry.npmjs.org/commander 322ms (cache revalidated)
4485 silly packumentCache full:https://registry.npmjs.org/commander set size:306288 disposed:false
4486 http fetch GET 200 https://registry.npmjs.org/cssesc 337ms (cache revalidated)
4487 silly packumentCache full:https://registry.npmjs.org/cssesc set size:18815 disposed:false
4488 http fetch GET 200 https://registry.npmjs.org/mz 338ms (cache revalidated)
4489 silly packumentCache full:https://registry.npmjs.org/mz set size:42731 disposed:false
4490 http fetch GET 200 https://registry.npmjs.org/camelcase-css 357ms (cache revalidated)
4491 silly packumentCache full:https://registry.npmjs.org/camelcase-css set size:9392 disposed:false
4492 http fetch GET 200 https://registry.npmjs.org/is-binary-path 362ms (cache revalidated)
4493 silly packumentCache full:https://registry.npmjs.org/is-binary-path set size:13475 disposed:false
4494 http fetch GET 200 https://registry.npmjs.org/pirates 470ms (cache revalidated)
4495 silly packumentCache full:https://registry.npmjs.org/pirates set size:51327 disposed:false
4496 http fetch GET 200 https://registry.npmjs.org/ts-interface-checker 584ms (cache revalidated)
4497 silly packumentCache full:https://registry.npmjs.org/ts-interface-checker set size:58946 disposed:false
4498 silly placeDep ROOT read-cache@1.0.0 OK for: postcss-import@15.1.0 want: ^1.0.0
4499 silly fetch manifest pify@^2.3.0
4500 silly packumentCache full:https://registry.npmjs.org/pify cache-miss
4501 http fetch GET 200 https://registry.npmjs.org/pify 414ms (cache revalidated)
4502 silly packumentCache full:https://registry.npmjs.org/pify set size:33583 disposed:false
4503 silly placeDep ROOT camelcase-css@2.0.1 OK for: postcss-js@4.1.0 want: ^2.0.1
4504 silly placeDep ROOT cssesc@3.0.0 OK for: postcss-selector-parser@6.1.2 want: ^3.0.0
4505 silly placeDep ROOT pify@2.3.0 OK for: read-cache@1.0.0 want: ^2.3.0
4506 silly placeDep ROOT commander@4.1.1 OK for: sucrase@3.35.1 want: ^4.0.0
4507 silly placeDep ROOT mz@2.7.0 OK for: sucrase@3.35.1 want: ^2.7.0
4508 silly placeDep ROOT pirates@4.0.7 OK for: sucrase@3.35.1 want: ^4.0.1
4509 silly placeDep ROOT ts-interface-checker@0.1.13 OK for: sucrase@3.35.1 want: ^0.1.9
4510 silly fetch manifest any-promise@^1.0.0
4511 silly packumentCache full:https://registry.npmjs.org/any-promise cache-miss
4512 silly fetch manifest thenify-all@^1.0.0
4513 silly packumentCache full:https://registry.npmjs.org/thenify-all cache-miss
4514 http fetch GET 200 https://registry.npmjs.org/any-promise 296ms (cache revalidated)
4515 silly packumentCache full:https://registry.npmjs.org/any-promise set size:20233 disposed:false
4516 http fetch GET 200 https://registry.npmjs.org/thenify-all 318ms (cache revalidated)
4517 silly packumentCache full:https://registry.npmjs.org/thenify-all set size:18488 disposed:false
4518 silly placeDep ROOT any-promise@1.3.0 OK for: mz@2.7.0 want: ^1.0.0
4519 silly placeDep ROOT thenify-all@1.6.0 OK for: mz@2.7.0 want: ^1.0.0
4520 silly fetch manifest thenify@>= 3.1.0 < 4
4521 silly packumentCache full:https://registry.npmjs.org/thenify cache-miss
4522 http fetch GET 200 https://registry.npmjs.org/thenify 303ms (cache revalidated)
4523 silly packumentCache full:https://registry.npmjs.org/thenify set size:21379 disposed:false
4524 silly placeDep ROOT chownr@2.0.0 OK for: tar@6.2.1 want: ^2.0.0
4525 silly placeDep ROOT fs-minipass@2.1.0 OK for: tar@6.2.1 want: ^2.0.0
4526 silly placeDep ROOT minipass@5.0.0 OK for: tar@6.2.1 want: ^5.0.0
4527 silly placeDep ROOT minizlib@2.1.2 OK for: tar@6.2.1 want: ^2.1.1
4528 silly placeDep ROOT mkdirp@1.0.4 OK for: tar@6.2.1 want: ^1.0.3
4529 silly placeDep node_modules/tar yallist@4.0.0 OK for: tar@6.2.1 want: ^4.0.0
4530 silly fetch manifest minipass@^3.0.0
4531 silly packumentCache full:https://registry.npmjs.org/minipass cache-hit
4532 silly fetch manifest minipass@^3.0.0
4533 silly packumentCache full:https://registry.npmjs.org/minipass cache-hit
4534 silly placeDep node_modules/fs-minipass minipass@3.3.6 OK for: fs-minipass@2.1.0 want: ^3.0.0
4535 silly placeDep node_modules/minizlib minipass@3.3.6 OK for: minizlib@2.1.2 want: ^3.0.0
4536 silly placeDep node_modules/minizlib yallist@4.0.0 OK for: minizlib@2.1.2 want: ^4.0.0
4537 silly placeDep ROOT thenify@3.3.1 OK for: thenify-all@1.6.0 want: >= 3.1.0 < 4
4538 silly placeDep ROOT fdir@6.5.0 OK for: tinyglobby@0.2.16 want: ^6.5.0
4539 silly placeDep node_modules/tinyglobby picomatch@4.0.4 OK for: tinyglobby@0.2.16 want: ^4.0.4
4540 silly placeDep ROOT is-number@7.0.0 OK for: to-regex-range@5.0.1 want: ^7.0.0
4541 silly placeDep ROOT tldts@6.1.86 OK for: tough-cookie@5.1.2 want: ^6.1.32
4542 silly fetch manifest tldts-core@^6.1.86
4543 silly packumentCache full:https://registry.npmjs.org/tldts-core cache-miss
4544 http fetch GET 200 https://registry.npmjs.org/tldts-core 387ms (cache revalidated)
4545 silly packumentCache full:https://registry.npmjs.org/tldts-core set size:3044074 disposed:false
4546 silly placeDep ROOT tldts-core@6.1.86 OK for: tldts@6.1.86 want: ^6.1.86
4547 silly placeDep ROOT media-typer@0.3.0 OK for: type-is@1.6.18 want: 0.3.0
4548 silly placeDep ROOT bail@1.0.5 OK for: unified@9.2.2 want: ^1.0.0
4549 silly placeDep ROOT extend@3.0.2 OK for: unified@9.2.2 want: ^3.0.0
4550 silly placeDep ROOT is-buffer@2.0.5 OK for: unified@9.2.2 want: ^2.0.0
4551 silly placeDep ROOT is-plain-obj@2.1.0 OK for: unified@9.2.2 want: ^2.0.0
4552 silly placeDep ROOT trough@1.0.5 OK for: unified@9.2.2 want: ^1.0.0
4553 silly placeDep node_modules/unist-util-is @types/unist@3.0.3 OK for: unist-util-is@6.0.1 want: ^3.0.0
4554 silly placeDep node_modules/unist-util-stringify-position @types/unist@3.0.3 OK for: unist-util-stringify-position@4.0.0 want: ^3.0.0
4555 silly placeDep node_modules/unist-util-visit unist-util-is@4.1.0 OK for: unist-util-visit@2.0.3 want: ^4.0.0
4556 silly placeDep node_modules/unist-util-visit unist-util-visit-parents@3.1.1 OK for: unist-util-visit@2.0.3 want: ^3.0.0
4557 silly placeDep node_modules/unist-util-visit-parents @types/unist@3.0.3 OK for: unist-util-visit-parents@6.0.2 want: ^3.0.0
4558 silly placeDep ROOT escalade@3.2.0 OK for: update-browserslist-db@1.2.3 want: ^3.2.0
4559 silly placeDep ROOT detect-node-es@1.1.0 OK for: use-sidecar@1.1.3 want: ^1.1.0
4560 silly placeDep node_modules/vfile unist-util-stringify-position@2.0.3 OK for: vfile@4.2.1 want: ^2.0.0
4561 silly placeDep ROOT vfile-message@2.0.4 OK for: vfile@4.2.1 want: ^2.0.0
4562 silly placeDep node_modules/vfile-message unist-util-stringify-position@2.0.3 OK for: vfile-message@2.0.4 want: ^2.0.0
4563 silly placeDep ROOT @types/d3-array@3.2.2 OK for: victory-vendor@36.9.2 want: ^3.0.3
4564 silly placeDep ROOT @types/d3-ease@3.0.2 OK for: victory-vendor@36.9.2 want: ^3.0.0
4565 silly placeDep ROOT @types/d3-interpolate@3.0.4 OK for: victory-vendor@36.9.2 want: ^3.0.1
4566 silly placeDep ROOT @types/d3-scale@4.0.9 OK for: victory-vendor@36.9.2 want: ^4.0.2
4567 silly placeDep ROOT @types/d3-shape@3.1.8 OK for: victory-vendor@36.9.2 want: ^3.1.0
4568 silly placeDep ROOT @types/d3-time@3.0.4 OK for: victory-vendor@36.9.2 want: ^3.0.0
4569 silly placeDep ROOT @types/d3-timer@3.0.2 OK for: victory-vendor@36.9.2 want: ^3.0.0
4570 silly placeDep ROOT d3-array@3.2.4 OK for: victory-vendor@36.9.2 want: ^3.1.6
4571 silly placeDep ROOT d3-ease@3.0.1 OK for: victory-vendor@36.9.2 want: ^3.0.1
4572 silly placeDep ROOT d3-interpolate@3.0.1 OK for: victory-vendor@36.9.2 want: ^3.0.1
4573 silly placeDep ROOT d3-scale@4.0.2 OK for: victory-vendor@36.9.2 want: ^4.0.2
4574 silly placeDep ROOT d3-shape@3.2.0 OK for: victory-vendor@36.9.2 want: ^3.1.0
4575 silly placeDep ROOT d3-time@3.1.0 OK for: victory-vendor@36.9.2 want: ^3.0.0
4576 silly placeDep ROOT d3-timer@3.0.1 OK for: victory-vendor@36.9.2 want: ^3.0.1
4577 silly fetch manifest @types/d3-color@*
4578 silly packumentCache full:https://registry.npmjs.org/@types%2fd3-color cache-miss
4579 silly fetch manifest @types/d3-time@*
4580 silly packumentCache full:https://registry.npmjs.org/@types%2fd3-time cache-hit
4581 silly fetch manifest @types/d3-path@*
4582 silly packumentCache full:https://registry.npmjs.org/@types%2fd3-path cache-miss
4583 silly fetch manifest internmap@1 - 2
4584 silly packumentCache full:https://registry.npmjs.org/internmap cache-miss
4585 silly fetch manifest d3-color@1 - 3
4586 silly packumentCache full:https://registry.npmjs.org/d3-color cache-miss
4587 silly fetch manifest d3-format@1 - 3
4588 silly packumentCache full:https://registry.npmjs.org/d3-format cache-miss
4589 silly fetch manifest d3-time@2.1.1 - 3
4590 silly packumentCache full:https://registry.npmjs.org/d3-time cache-hit
4591 silly fetch manifest d3-time-format@2 - 4
4592 silly packumentCache full:https://registry.npmjs.org/d3-time-format cache-miss
4593 silly fetch manifest d3-path@^3.1.0
4594 silly packumentCache full:https://registry.npmjs.org/d3-path cache-miss
4595 http fetch GET 200 https://registry.npmjs.org/d3-format 309ms (cache revalidated)
4596 silly packumentCache full:https://registry.npmjs.org/d3-format set size:107249 disposed:false
4597 http fetch GET 200 https://registry.npmjs.org/d3-color 320ms (cache revalidated)
4598 silly packumentCache full:https://registry.npmjs.org/d3-color set size:142335 disposed:false
4599 http fetch GET 200 https://registry.npmjs.org/internmap 335ms (cache revalidated)
4600 silly packumentCache full:https://registry.npmjs.org/internmap set size:19637 disposed:false
4601 http fetch GET 200 https://registry.npmjs.org/d3-path 334ms (cache revalidated)
4602 silly packumentCache full:https://registry.npmjs.org/d3-path set size:77883 disposed:false
4603 http fetch GET 200 https://registry.npmjs.org/d3-time-format 342ms (cache revalidated)
4604 silly packumentCache full:https://registry.npmjs.org/d3-time-format set size:124514 disposed:false
4605 http fetch GET 200 https://registry.npmjs.org/@types%2fd3-path 589ms (cache revalidated)
4606 silly packumentCache full:https://registry.npmjs.org/@types%2fd3-path set size:41268 disposed:false
4607 http fetch GET 200 https://registry.npmjs.org/@types%2fd3-color 1037ms (cache revalidated)
4608 silly packumentCache full:https://registry.npmjs.org/@types%2fd3-color set size:69998 disposed:false
4609 silly placeDep ROOT @types/d3-color@3.1.3 OK for: @types/d3-interpolate@3.0.4 want: *
4610 silly placeDep ROOT @types/d3-path@3.1.1 OK for: @types/d3-shape@3.1.8 want: *
4611 silly placeDep ROOT internmap@2.0.3 OK for: d3-array@3.2.4 want: 1 - 2
4612 silly placeDep ROOT d3-color@3.1.0 OK for: d3-interpolate@3.0.1 want: 1 - 3
4613 silly placeDep ROOT d3-format@3.1.2 OK for: d3-scale@4.0.2 want: 1 - 3
4614 silly placeDep ROOT d3-time-format@4.1.0 OK for: d3-scale@4.0.2 want: 2 - 4
4615 silly placeDep ROOT d3-path@3.1.0 OK for: d3-shape@3.2.0 want: ^3.1.0
4616 silly placeDep ROOT esbuild@0.25.12 OK for: vite@6.4.2 want: ^0.25.0
4617 silly placeDep ROOT fsevents@2.3.3 OK for: vite@6.4.2 want: ~2.3.3
4618 silly placeDep node_modules/vite picomatch@4.0.4 OK for: vite@6.4.2 want: ^4.0.2
4619 silly placeDep ROOT rollup@4.60.4 OK for: vite@6.4.2 want: ^4.34.9
4620 silly fetch manifest @esbuild/aix-ppc64@0.25.12
4621 silly packumentCache full:https://registry.npmjs.org/@esbuild%2faix-ppc64 cache-miss
4622 silly fetch manifest @esbuild/linux-arm@0.25.12
4623 silly packumentCache full:https://registry.npmjs.org/@esbuild%2flinux-arm cache-miss
4624 silly fetch manifest @esbuild/linux-x64@0.25.12
4625 silly packumentCache full:https://registry.npmjs.org/@esbuild%2flinux-x64 cache-miss
4626 silly fetch manifest @esbuild/sunos-x64@0.25.12
4627 silly packumentCache full:https://registry.npmjs.org/@esbuild%2fsunos-x64 cache-miss
4628 silly fetch manifest @esbuild/win32-x64@0.25.12
4629 silly packumentCache full:https://registry.npmjs.org/@esbuild%2fwin32-x64 cache-miss
4630 silly fetch manifest @esbuild/darwin-x64@0.25.12
4631 silly packumentCache full:https://registry.npmjs.org/@esbuild%2fdarwin-x64 cache-miss
4632 silly fetch manifest @esbuild/linux-ia32@0.25.12
4633 silly packumentCache full:https://registry.npmjs.org/@esbuild%2flinux-ia32 cache-miss
4634 http fetch GET 200 https://registry.npmjs.org/@esbuild%2flinux-arm 769ms (cache revalidated)
4635 silly packumentCache full:https://registry.npmjs.org/@esbuild%2flinux-arm set size:195140 disposed:false
4636 silly fetch manifest @esbuild/netbsd-x64@0.25.12
4637 silly packumentCache full:https://registry.npmjs.org/@esbuild%2fnetbsd-x64 cache-miss
4638 http fetch GET 200 https://registry.npmjs.org/@esbuild%2fwin32-x64 781ms (cache revalidated)
4639 silly packumentCache full:https://registry.npmjs.org/@esbuild%2fwin32-x64 set size:194073 disposed:false
4640 silly fetch manifest @esbuild/win32-ia32@0.25.12
4641 silly packumentCache full:https://registry.npmjs.org/@esbuild%2fwin32-ia32 cache-miss
4642 http fetch GET 200 https://registry.npmjs.org/@esbuild%2flinux-x64 789ms (cache revalidated)
4643 silly packumentCache full:https://registry.npmjs.org/@esbuild%2flinux-x64 set size:195479 disposed:false
4644 silly fetch manifest @esbuild/android-arm@0.25.12
4645 silly packumentCache full:https://registry.npmjs.org/@esbuild%2fandroid-arm cache-miss
4646 http fetch GET 200 https://registry.npmjs.org/@esbuild%2fsunos-x64 795ms (cache revalidated)
4647 silly packumentCache full:https://registry.npmjs.org/@esbuild%2fsunos-x64 set size:195721 disposed:false
4648 silly fetch manifest @esbuild/android-x64@0.25.12
4649 silly packumentCache full:https://registry.npmjs.org/@esbuild%2fandroid-x64 cache-miss
4650 http fetch GET 200 https://registry.npmjs.org/@esbuild%2flinux-ia32 799ms (cache revalidated)
4651 silly packumentCache full:https://registry.npmjs.org/@esbuild%2flinux-ia32 set size:196150 disposed:false
4652 silly fetch manifest @esbuild/freebsd-x64@0.25.12
4653 silly packumentCache full:https://registry.npmjs.org/@esbuild%2ffreebsd-x64 cache-miss
4654 http fetch GET 200 https://registry.npmjs.org/@esbuild%2fdarwin-x64 806ms (cache revalidated)
4655 silly packumentCache full:https://registry.npmjs.org/@esbuild%2fdarwin-x64 set size:196195 disposed:false
4656 silly fetch manifest @esbuild/linux-arm64@0.25.12
4657 silly packumentCache full:https://registry.npmjs.org/@esbuild%2flinux-arm64 cache-miss
4658 http fetch GET 200 https://registry.npmjs.org/@esbuild%2faix-ppc64 815ms (cache revalidated)
4659 silly packumentCache full:https://registry.npmjs.org/@esbuild%2faix-ppc64 set size:64314 disposed:false
4660 silly fetch manifest @esbuild/linux-ppc64@0.25.12
4661 silly packumentCache full:https://registry.npmjs.org/@esbuild%2flinux-ppc64 cache-miss
4662 http fetch GET 200 https://registry.npmjs.org/@esbuild%2fwin32-ia32 793ms (cache revalidated)
4663 silly packumentCache full:https://registry.npmjs.org/@esbuild%2fwin32-ia32 set size:196374 disposed:false
4664 silly fetch manifest @esbuild/linux-s390x@0.25.12
4665 silly packumentCache full:https://registry.npmjs.org/@esbuild%2flinux-s390x cache-miss
4666 http fetch GET 200 https://registry.npmjs.org/@esbuild%2flinux-ppc64 775ms (cache revalidated)
4667 silly packumentCache full:https://registry.npmjs.org/@esbuild%2flinux-ppc64 set size:199310 disposed:false
4668 silly fetch manifest @esbuild/openbsd-x64@0.25.12
4669 silly packumentCache full:https://registry.npmjs.org/@esbuild%2fopenbsd-x64 cache-miss
4670 http fetch GET 200 https://registry.npmjs.org/@esbuild%2fandroid-arm 804ms (cache revalidated)
4671 silly packumentCache full:https://registry.npmjs.org/@esbuild%2fandroid-arm set size:221749 disposed:false
4672 silly fetch manifest @esbuild/win32-arm64@0.25.12
4673 silly packumentCache full:https://registry.npmjs.org/@esbuild%2fwin32-arm64 cache-miss
4674 http fetch GET 200 https://registry.npmjs.org/@esbuild%2flinux-arm64 794ms (cache revalidated)
4675 silly packumentCache full:https://registry.npmjs.org/@esbuild%2flinux-arm64 set size:197274 disposed:false
4676 silly fetch manifest @esbuild/darwin-arm64@0.25.12
4677 silly packumentCache full:https://registry.npmjs.org/@esbuild%2fdarwin-arm64 cache-miss
4678 http fetch GET 200 https://registry.npmjs.org/@esbuild%2ffreebsd-x64 807ms (cache revalidated)
4679 silly packumentCache full:https://registry.npmjs.org/@esbuild%2ffreebsd-x64 set size:197070 disposed:false
4680 silly fetch manifest @esbuild/netbsd-arm64@0.25.12
4681 silly packumentCache full:https://registry.npmjs.org/@esbuild%2fnetbsd-arm64 cache-miss
4682 http fetch GET 200 https://registry.npmjs.org/@esbuild%2fnetbsd-x64 968ms (cache revalidated)
4683 silly packumentCache full:https://registry.npmjs.org/@esbuild%2fnetbsd-x64 set size:193883 disposed:false
4684 silly fetch manifest @esbuild/android-arm64@0.25.12
4685 silly packumentCache full:https://registry.npmjs.org/@esbuild%2fandroid-arm64 cache-miss
4686 http fetch GET 200 https://registry.npmjs.org/@esbuild%2fandroid-x64 1047ms (cache revalidated)
4687 silly packumentCache full:https://registry.npmjs.org/@esbuild%2fandroid-x64 set size:195551 disposed:false
4688 silly fetch manifest @esbuild/freebsd-arm64@0.25.12
4689 silly packumentCache full:https://registry.npmjs.org/@esbuild%2ffreebsd-arm64 cache-miss
4690 http fetch GET 200 https://registry.npmjs.org/@esbuild%2fopenbsd-x64 678ms (cache revalidated)
4691 silly packumentCache full:https://registry.npmjs.org/@esbuild%2fopenbsd-x64 set size:197080 disposed:false
4692 silly fetch manifest @esbuild/linux-loong64@0.25.12
4693 silly packumentCache full:https://registry.npmjs.org/@esbuild%2flinux-loong64 cache-miss
4694 http fetch GET 200 https://registry.npmjs.org/@esbuild%2flinux-s390x 703ms (cache revalidated)
4695 silly packumentCache full:https://registry.npmjs.org/@esbuild%2flinux-s390x set size:198784 disposed:false
4696 silly fetch manifest @esbuild/linux-riscv64@0.25.12
4697 silly packumentCache full:https://registry.npmjs.org/@esbuild%2flinux-riscv64 cache-miss
4698 http fetch GET 200 https://registry.npmjs.org/@esbuild%2fdarwin-arm64 686ms (cache revalidated)
4699 silly packumentCache full:https://registry.npmjs.org/@esbuild%2fdarwin-arm64 set size:197958 disposed:false
4700 silly fetch manifest @esbuild/openbsd-arm64@0.25.12
4701 silly packumentCache full:https://registry.npmjs.org/@esbuild%2fopenbsd-arm64 cache-miss
4702 http fetch GET 200 https://registry.npmjs.org/@esbuild%2fnetbsd-arm64 701ms (cache revalidated)
4703 silly packumentCache full:https://registry.npmjs.org/@esbuild%2fnetbsd-arm64 set size:40794 disposed:false
4704 silly fetch manifest @esbuild/linux-mips64el@0.25.12
4705 silly packumentCache full:https://registry.npmjs.org/@esbuild%2flinux-mips64el cache-miss
4706 http fetch GET 200 https://registry.npmjs.org/@esbuild%2fwin32-arm64 721ms (cache revalidated)
4707 silly packumentCache full:https://registry.npmjs.org/@esbuild%2fwin32-arm64 set size:197504 disposed:false
4708 silly fetch manifest @esbuild/openharmony-arm64@0.25.12
4709 silly packumentCache full:https://registry.npmjs.org/@esbuild%2fopenharmony-arm64 cache-miss
4710 http fetch GET 200 https://registry.npmjs.org/@esbuild%2ffreebsd-arm64 649ms (cache revalidated)
4711 silly packumentCache full:https://registry.npmjs.org/@esbuild%2ffreebsd-arm64 set size:198853 disposed:false
4712 silly fetch manifest @types/estree@1.0.8
4713 silly packumentCache full:https://registry.npmjs.org/@types%2festree cache-miss
4714 http fetch GET 200 https://registry.npmjs.org/@esbuild%2fandroid-arm64 909ms (cache revalidated)
4715 silly packumentCache full:https://registry.npmjs.org/@esbuild%2fandroid-arm64 set size:200684 disposed:false
4716 silly fetch manifest @rollup/rollup-darwin-arm64@4.60.4
4717 silly packumentCache full:https://registry.npmjs.org/@rollup%2frollup-darwin-arm64 cache-miss
4718 http fetch GET 200 https://registry.npmjs.org/@esbuild%2flinux-mips64el 797ms (cache revalidated)
4719 silly packumentCache full:https://registry.npmjs.org/@esbuild%2flinux-mips64el set size:201062 disposed:false
4720 silly fetch manifest @rollup/rollup-android-arm64@4.60.4
4721 silly packumentCache full:https://registry.npmjs.org/@rollup%2frollup-android-arm64 cache-miss
4722 http fetch GET 200 https://registry.npmjs.org/@esbuild%2flinux-riscv64 839ms (cache revalidated)
4723 silly packumentCache full:https://registry.npmjs.org/@esbuild%2flinux-riscv64 set size:198981 disposed:false
4724 silly fetch manifest @rollup/rollup-win32-arm64-msvc@4.60.4
4725 silly packumentCache full:https://registry.npmjs.org/@rollup%2frollup-win32-arm64-msvc cache-miss
4726 http fetch GET 200 https://registry.npmjs.org/@esbuild%2fopenharmony-arm64 808ms (cache revalidated)
4727 silly packumentCache full:https://registry.npmjs.org/@esbuild%2fopenharmony-arm64 set size:29494 disposed:false
4728 silly fetch manifest @rollup/rollup-freebsd-arm64@4.60.4
4729 silly packumentCache full:https://registry.npmjs.org/@rollup%2frollup-freebsd-arm64 cache-miss
4730 http fetch GET 200 https://registry.npmjs.org/@types%2festree 619ms (cache revalidated)
4731 silly packumentCache full:https://registry.npmjs.org/@types%2festree set size:76072 disposed:false
4732 silly fetch manifest @rollup/rollup-linux-arm64-gnu@4.60.4
4733 silly packumentCache full:https://registry.npmjs.org/@rollup%2frollup-linux-arm64-gnu cache-miss
4734 http fetch GET 200 https://registry.npmjs.org/@esbuild%2flinux-loong64 859ms (cache revalidated)
4735 silly packumentCache full:https://registry.npmjs.org/@esbuild%2flinux-loong64 set size:252211 disposed:false
4736 silly fetch manifest @rollup/rollup-linux-arm64-musl@4.60.4
4737 silly packumentCache full:https://registry.npmjs.org/@rollup%2frollup-linux-arm64-musl cache-miss
4738 http fetch GET 200 https://registry.npmjs.org/@esbuild%2fopenbsd-arm64 853ms (cache revalidated)
4739 silly packumentCache full:https://registry.npmjs.org/@esbuild%2fopenbsd-arm64 set size:46111 disposed:false
4740 silly fetch manifest @rollup/rollup-android-arm-eabi@4.60.4
4741 silly packumentCache full:https://registry.npmjs.org/@rollup%2frollup-android-arm-eabi cache-miss
4742 http fetch GET 200 https://registry.npmjs.org/@rollup%2frollup-darwin-arm64 708ms (cache revalidated)
4743 silly packumentCache full:https://registry.npmjs.org/@rollup%2frollup-darwin-arm64 set size:337725 disposed:false
4744 silly fetch manifest @rollup/rollup-linux-arm-gnueabihf@4.60.4
4745 silly packumentCache full:https://registry.npmjs.org/@rollup%2frollup-linux-arm-gnueabihf cache-miss
4746 http fetch GET 200 https://registry.npmjs.org/@rollup%2frollup-android-arm-eabi 774ms (cache revalidated)
4747 silly packumentCache full:https://registry.npmjs.org/@rollup%2frollup-android-arm-eabi set size:342632 disposed:false
4748 silly fetch manifest @rollup/rollup-linux-arm-musleabihf@4.60.4
4749 silly packumentCache full:https://registry.npmjs.org/@rollup%2frollup-linux-arm-musleabihf cache-miss
4750 http fetch GET 200 https://registry.npmjs.org/@rollup%2frollup-android-arm64 815ms (cache revalidated)
4751 silly packumentCache full:https://registry.npmjs.org/@rollup%2frollup-android-arm64 set size:339228 disposed:false
4752 silly fetch manifest @rollup/rollup-win32-ia32-msvc@4.60.4
4753 silly packumentCache full:https://registry.npmjs.org/@rollup%2frollup-win32-ia32-msvc cache-miss
4754 http fetch GET 200 https://registry.npmjs.org/@rollup%2frollup-freebsd-arm64 814ms (cache revalidated)
4755 silly packumentCache full:https://registry.npmjs.org/@rollup%2frollup-freebsd-arm64 set size:187433 disposed:false
4756 silly fetch manifest @rollup/rollup-linux-loong64-gnu@4.60.4
4757 silly packumentCache full:https://registry.npmjs.org/@rollup%2frollup-linux-loong64-gnu cache-miss
4758 http fetch GET 200 https://registry.npmjs.org/@rollup%2frollup-win32-arm64-msvc 826ms (cache revalidated)
4759 silly packumentCache full:https://registry.npmjs.org/@rollup%2frollup-win32-arm64-msvc set size:342623 disposed:false
4760 silly fetch manifest @rollup/rollup-linux-loong64-musl@4.60.4
4761 silly packumentCache full:https://registry.npmjs.org/@rollup%2frollup-linux-loong64-musl cache-miss
4762 http fetch GET 200 https://registry.npmjs.org/@rollup%2frollup-linux-arm64-musl 820ms (cache revalidated)
4763 silly packumentCache full:https://registry.npmjs.org/@rollup%2frollup-linux-arm64-musl set size:300259 disposed:false
4764 silly fetch manifest @rollup/rollup-linux-riscv64-gnu@4.60.4
4765 silly packumentCache full:https://registry.npmjs.org/@rollup%2frollup-linux-riscv64-gnu cache-miss
4766 http fetch GET 200 https://registry.npmjs.org/@rollup%2frollup-linux-arm-gnueabihf 635ms (cache revalidated)
4767 silly packumentCache full:https://registry.npmjs.org/@rollup%2frollup-linux-arm-gnueabihf set size:348367 disposed:false
4768 silly fetch manifest @rollup/rollup-linux-riscv64-musl@4.60.4
4769 silly packumentCache full:https://registry.npmjs.org/@rollup%2frollup-linux-riscv64-musl cache-miss
4770 http fetch GET 200 https://registry.npmjs.org/@rollup%2frollup-linux-arm64-gnu 1332ms (cache revalidated)
4771 silly packumentCache full:https://registry.npmjs.org/@rollup%2frollup-linux-arm64-gnu set size:344870 disposed:false
4772 silly fetch manifest @rollup/rollup-linux-ppc64-gnu@4.60.4
4773 silly packumentCache full:https://registry.npmjs.org/@rollup%2frollup-linux-ppc64-gnu cache-miss
4774 http fetch GET 200 https://registry.npmjs.org/@rollup%2frollup-linux-riscv64-gnu 656ms (cache revalidated)
4775 silly packumentCache full:https://registry.npmjs.org/@rollup%2frollup-linux-riscv64-gnu set size:271020 disposed:false
4776 silly fetch manifest @rollup/rollup-linux-ppc64-musl@4.60.4
4777 silly packumentCache full:https://registry.npmjs.org/@rollup%2frollup-linux-ppc64-musl cache-miss
4778 http fetch GET 200 https://registry.npmjs.org/@rollup%2frollup-win32-ia32-msvc 711ms (cache revalidated)
4779 silly packumentCache full:https://registry.npmjs.org/@rollup%2frollup-win32-ia32-msvc set size:341138 disposed:false
4780 silly fetch manifest @rollup/rollup-linux-s390x-gnu@4.60.4
4781 silly packumentCache full:https://registry.npmjs.org/@rollup%2frollup-linux-s390x-gnu cache-miss
4782 http fetch GET 200 https://registry.npmjs.org/@rollup%2frollup-linux-arm-musleabihf 733ms (cache revalidated)
4783 silly packumentCache full:https://registry.npmjs.org/@rollup%2frollup-linux-arm-musleabihf set size:242546 disposed:false
4784 silly fetch manifest @rollup/rollup-darwin-x64@4.60.4
4785 silly packumentCache full:https://registry.npmjs.org/@rollup%2frollup-darwin-x64 cache-miss
4786 http fetch GET 200 https://registry.npmjs.org/@rollup%2frollup-linux-loong64-gnu 722ms (cache revalidated)
4787 silly packumentCache full:https://registry.npmjs.org/@rollup%2frollup-linux-loong64-gnu set size:69333 disposed:false
4788 silly fetch manifest @rollup/rollup-win32-x64-gnu@4.60.4
4789 silly packumentCache full:https://registry.npmjs.org/@rollup%2frollup-win32-x64-gnu cache-miss
4790 http fetch GET 200 https://registry.npmjs.org/@rollup%2frollup-linux-riscv64-musl 636ms (cache revalidated)
4791 silly packumentCache full:https://registry.npmjs.org/@rollup%2frollup-linux-riscv64-musl set size:117003 disposed:false
4792 silly fetch manifest @rollup/rollup-win32-x64-msvc@4.60.4
4793 silly packumentCache full:https://registry.npmjs.org/@rollup%2frollup-win32-x64-msvc cache-miss
4794 http fetch GET 200 https://registry.npmjs.org/@rollup%2frollup-linux-loong64-musl 1004ms (cache revalidated)
4795 silly packumentCache full:https://registry.npmjs.org/@rollup%2frollup-linux-loong64-musl set size:31337 disposed:false
4796 silly fetch manifest @rollup/rollup-freebsd-x64@4.60.4
4797 silly packumentCache full:https://registry.npmjs.org/@rollup%2frollup-freebsd-x64 cache-miss
4798 http fetch GET 200 https://registry.npmjs.org/@rollup%2frollup-linux-ppc64-gnu 659ms (cache revalidated)
4799 silly packumentCache full:https://registry.npmjs.org/@rollup%2frollup-linux-ppc64-gnu set size:89550 disposed:false
4800 silly fetch manifest @rollup/rollup-linux-x64-gnu@4.60.4
4801 silly packumentCache full:https://registry.npmjs.org/@rollup%2frollup-linux-x64-gnu cache-miss
4802 http fetch GET 200 https://registry.npmjs.org/@rollup%2frollup-linux-ppc64-musl 670ms (cache revalidated)
4803 silly packumentCache full:https://registry.npmjs.org/@rollup%2frollup-linux-ppc64-musl set size:31078 disposed:false
4804 silly fetch manifest @rollup/rollup-linux-x64-musl@4.60.4
4805 silly packumentCache full:https://registry.npmjs.org/@rollup%2frollup-linux-x64-musl cache-miss
4806 http fetch GET 200 https://registry.npmjs.org/@rollup%2frollup-darwin-x64 664ms (cache revalidated)
4807 silly packumentCache full:https://registry.npmjs.org/@rollup%2frollup-darwin-x64 set size:332929 disposed:false
4808 silly fetch manifest @rollup/rollup-openbsd-x64@4.60.4
4809 silly packumentCache full:https://registry.npmjs.org/@rollup%2frollup-openbsd-x64 cache-miss
4810 http fetch GET 200 https://registry.npmjs.org/@rollup%2frollup-win32-x64-msvc 670ms (cache revalidated)
4811 silly packumentCache full:https://registry.npmjs.org/@rollup%2frollup-win32-x64-msvc set size:337788 disposed:false
4812 silly fetch manifest @rollup/rollup-openharmony-arm64@4.60.4
4813 silly packumentCache full:https://registry.npmjs.org/@rollup%2frollup-openharmony-arm64 cache-miss
4814 http fetch GET 200 https://registry.npmjs.org/@rollup%2frollup-win32-x64-gnu 704ms (cache revalidated)
4815 silly packumentCache full:https://registry.npmjs.org/@rollup%2frollup-win32-x64-gnu set size:60872 disposed:false
4816 http fetch GET 200 https://registry.npmjs.org/@rollup%2frollup-linux-s390x-gnu 722ms (cache revalidated)
4817 silly packumentCache full:https://registry.npmjs.org/@rollup%2frollup-linux-s390x-gnu set size:244719 disposed:false
4818 http fetch GET 200 https://registry.npmjs.org/@rollup%2frollup-freebsd-x64 661ms (cache revalidated)
4819 silly packumentCache full:https://registry.npmjs.org/@rollup%2frollup-freebsd-x64 set size:185525 disposed:false
4820 http fetch GET 200 https://registry.npmjs.org/@rollup%2frollup-linux-x64-gnu 679ms (cache revalidated)
4821 silly packumentCache full:https://registry.npmjs.org/@rollup%2frollup-linux-x64-gnu set size:340008 disposed:false
4822 http fetch GET 200 https://registry.npmjs.org/@rollup%2frollup-linux-x64-musl 670ms (cache revalidated)
4823 silly packumentCache full:https://registry.npmjs.org/@rollup%2frollup-linux-x64-musl set size:339359 disposed:false
4824 http fetch GET 200 https://registry.npmjs.org/@rollup%2frollup-openharmony-arm64 638ms (cache revalidated)
4825 silly packumentCache full:https://registry.npmjs.org/@rollup%2frollup-openharmony-arm64 set size:70209 disposed:false
4826 http fetch GET 200 https://registry.npmjs.org/@rollup%2frollup-openbsd-x64 652ms (cache revalidated)
4827 silly packumentCache full:https://registry.npmjs.org/@rollup%2frollup-openbsd-x64 set size:30269 disposed:false
4828 silly placeDep ROOT @esbuild/aix-ppc64@0.25.12 OK for: esbuild@0.25.12 want: 0.25.12
4829 silly placeDep ROOT @esbuild/android-arm@0.25.12 OK for: esbuild@0.25.12 want: 0.25.12
4830 silly placeDep ROOT @esbuild/android-arm64@0.25.12 OK for: esbuild@0.25.12 want: 0.25.12
4831 silly placeDep ROOT @esbuild/android-x64@0.25.12 OK for: esbuild@0.25.12 want: 0.25.12
4832 silly placeDep ROOT @esbuild/darwin-arm64@0.25.12 OK for: esbuild@0.25.12 want: 0.25.12
4833 silly placeDep ROOT @esbuild/darwin-x64@0.25.12 OK for: esbuild@0.25.12 want: 0.25.12
4834 silly placeDep ROOT @esbuild/freebsd-arm64@0.25.12 OK for: esbuild@0.25.12 want: 0.25.12
4835 silly placeDep ROOT @esbuild/freebsd-x64@0.25.12 OK for: esbuild@0.25.12 want: 0.25.12
4836 silly placeDep ROOT @esbuild/linux-arm@0.25.12 OK for: esbuild@0.25.12 want: 0.25.12
4837 silly placeDep ROOT @esbuild/linux-arm64@0.25.12 OK for: esbuild@0.25.12 want: 0.25.12
4838 silly placeDep ROOT @esbuild/linux-ia32@0.25.12 OK for: esbuild@0.25.12 want: 0.25.12
4839 silly placeDep ROOT @esbuild/linux-loong64@0.25.12 OK for: esbuild@0.25.12 want: 0.25.12
4840 silly placeDep ROOT @esbuild/linux-mips64el@0.25.12 OK for: esbuild@0.25.12 want: 0.25.12
4841 silly placeDep ROOT @esbuild/linux-ppc64@0.25.12 OK for: esbuild@0.25.12 want: 0.25.12
4842 silly placeDep ROOT @esbuild/linux-riscv64@0.25.12 OK for: esbuild@0.25.12 want: 0.25.12
4843 silly placeDep ROOT @esbuild/linux-s390x@0.25.12 OK for: esbuild@0.25.12 want: 0.25.12
4844 silly placeDep ROOT @esbuild/linux-x64@0.25.12 OK for: esbuild@0.25.12 want: 0.25.12
4845 silly placeDep ROOT @esbuild/netbsd-arm64@0.25.12 OK for: esbuild@0.25.12 want: 0.25.12
4846 silly placeDep ROOT @esbuild/netbsd-x64@0.25.12 OK for: esbuild@0.25.12 want: 0.25.12
4847 silly placeDep ROOT @esbuild/openbsd-arm64@0.25.12 OK for: esbuild@0.25.12 want: 0.25.12
4848 silly placeDep ROOT @esbuild/openbsd-x64@0.25.12 OK for: esbuild@0.25.12 want: 0.25.12
4849 silly placeDep ROOT @esbuild/openharmony-arm64@0.25.12 OK for: esbuild@0.25.12 want: 0.25.12
4850 silly placeDep ROOT @esbuild/sunos-x64@0.25.12 OK for: esbuild@0.25.12 want: 0.25.12
4851 silly placeDep ROOT @esbuild/win32-arm64@0.25.12 OK for: esbuild@0.25.12 want: 0.25.12
4852 silly placeDep ROOT @esbuild/win32-ia32@0.25.12 OK for: esbuild@0.25.12 want: 0.25.12
4853 silly placeDep ROOT @esbuild/win32-x64@0.25.12 OK for: esbuild@0.25.12 want: 0.25.12
4854 silly placeDep ROOT @rollup/rollup-android-arm-eabi@4.60.4 OK for: rollup@4.60.4 want: 4.60.4
4855 silly placeDep ROOT @rollup/rollup-android-arm64@4.60.4 OK for: rollup@4.60.4 want: 4.60.4
4856 silly placeDep ROOT @rollup/rollup-darwin-arm64@4.60.4 OK for: rollup@4.60.4 want: 4.60.4
4857 silly placeDep ROOT @rollup/rollup-darwin-x64@4.60.4 OK for: rollup@4.60.4 want: 4.60.4
4858 silly placeDep ROOT @rollup/rollup-freebsd-arm64@4.60.4 OK for: rollup@4.60.4 want: 4.60.4
4859 silly placeDep ROOT @rollup/rollup-freebsd-x64@4.60.4 OK for: rollup@4.60.4 want: 4.60.4
4860 silly placeDep ROOT @rollup/rollup-linux-arm-gnueabihf@4.60.4 OK for: rollup@4.60.4 want: 4.60.4
4861 silly placeDep ROOT @rollup/rollup-linux-arm-musleabihf@4.60.4 OK for: rollup@4.60.4 want: 4.60.4
4862 silly placeDep ROOT @rollup/rollup-linux-arm64-gnu@4.60.4 OK for: rollup@4.60.4 want: 4.60.4
4863 silly placeDep ROOT @rollup/rollup-linux-arm64-musl@4.60.4 OK for: rollup@4.60.4 want: 4.60.4
4864 silly placeDep ROOT @rollup/rollup-linux-loong64-gnu@4.60.4 OK for: rollup@4.60.4 want: 4.60.4
4865 silly placeDep ROOT @rollup/rollup-linux-loong64-musl@4.60.4 OK for: rollup@4.60.4 want: 4.60.4
4866 silly placeDep ROOT @rollup/rollup-linux-ppc64-gnu@4.60.4 OK for: rollup@4.60.4 want: 4.60.4
4867 silly placeDep ROOT @rollup/rollup-linux-ppc64-musl@4.60.4 OK for: rollup@4.60.4 want: 4.60.4
4868 silly placeDep ROOT @rollup/rollup-linux-riscv64-gnu@4.60.4 OK for: rollup@4.60.4 want: 4.60.4
4869 silly placeDep ROOT @rollup/rollup-linux-riscv64-musl@4.60.4 OK for: rollup@4.60.4 want: 4.60.4
4870 silly placeDep ROOT @rollup/rollup-linux-s390x-gnu@4.60.4 OK for: rollup@4.60.4 want: 4.60.4
4871 silly placeDep ROOT @rollup/rollup-linux-x64-gnu@4.60.4 OK for: rollup@4.60.4 want: 4.60.4
4872 silly placeDep ROOT @rollup/rollup-linux-x64-musl@4.60.4 OK for: rollup@4.60.4 want: 4.60.4
4873 silly placeDep ROOT @rollup/rollup-openbsd-x64@4.60.4 OK for: rollup@4.60.4 want: 4.60.4
4874 silly placeDep ROOT @rollup/rollup-openharmony-arm64@4.60.4 OK for: rollup@4.60.4 want: 4.60.4
4875 silly placeDep ROOT @rollup/rollup-win32-arm64-msvc@4.60.4 OK for: rollup@4.60.4 want: 4.60.4
4876 silly placeDep ROOT @rollup/rollup-win32-ia32-msvc@4.60.4 OK for: rollup@4.60.4 want: 4.60.4
4877 silly placeDep ROOT @rollup/rollup-win32-x64-gnu@4.60.4 OK for: rollup@4.60.4 want: 4.60.4
4878 silly placeDep ROOT @rollup/rollup-win32-x64-msvc@4.60.4 OK for: rollup@4.60.4 want: 4.60.4
4879 silly placeDep ROOT @types/estree@1.0.8 OK for: rollup@4.60.4 want: 1.0.8
4880 silly placeDep ROOT cac@6.7.14 OK for: vite-node@3.2.4 want: ^6.7.14
4881 silly placeDep node_modules/vite-node pathe@2.0.3 OK for: vite-node@3.2.4 want: ^2.0.3
4882 silly placeDep ROOT globrex@0.1.2 OK for: vite-tsconfig-paths@5.1.4 want: ^0.1.2
4883 silly placeDep ROOT tsconfck@3.1.6 OK for: vite-tsconfig-paths@5.1.4 want: ^3.0.3
4884 silly placeDep ROOT @types/chai@5.2.3 OK for: vitest@3.2.4 want: ^5.2.2
4885 silly placeDep ROOT @vitest/expect@3.2.4 OK for: vitest@3.2.4 want: 3.2.4
4886 silly placeDep ROOT @vitest/mocker@3.2.4 OK for: vitest@3.2.4 want: 3.2.4
4887 silly placeDep ROOT @vitest/pretty-format@3.2.4 OK for: vitest@3.2.4 want: ^3.2.4
4888 silly placeDep ROOT @vitest/runner@3.2.4 OK for: vitest@3.2.4 want: 3.2.4
4889 silly placeDep ROOT @vitest/snapshot@3.2.4 OK for: vitest@3.2.4 want: 3.2.4
4890 silly placeDep ROOT @vitest/spy@3.2.4 OK for: vitest@3.2.4 want: 3.2.4
4891 silly placeDep ROOT @vitest/utils@3.2.4 OK for: vitest@3.2.4 want: 3.2.4
4892 silly placeDep ROOT chai@5.3.3 OK for: vitest@3.2.4 want: ^5.2.0
4893 silly placeDep ROOT expect-type@1.3.0 OK for: vitest@3.2.4 want: ^1.2.1
4894 silly placeDep node_modules/vitest pathe@2.0.3 OK for: vitest@3.2.4 want: ^2.0.3
4895 silly placeDep node_modules/vitest picomatch@4.0.4 OK for: vitest@3.2.4 want: ^4.0.2
4896 silly placeDep ROOT std-env@3.10.0 OK for: vitest@3.2.4 want: ^3.9.0
4897 silly placeDep ROOT tinybench@2.9.0 OK for: vitest@3.2.4 want: ^2.9.0
4898 silly placeDep ROOT tinyexec@0.3.2 OK for: vitest@3.2.4 want: ^0.3.2
4899 silly placeDep ROOT tinypool@1.1.1 OK for: vitest@3.2.4 want: ^1.1.1
4900 silly placeDep ROOT tinyrainbow@2.0.0 OK for: vitest@3.2.4 want: ^2.0.0
4901 silly placeDep ROOT why-is-node-running@2.3.0 OK for: vitest@3.2.4 want: ^2.3.0
4902 silly fetch manifest @types/deep-eql@*
4903 silly packumentCache full:https://registry.npmjs.org/@types%2fdeep-eql cache-miss
4904 silly fetch manifest assertion-error@^2.0.1
4905 silly packumentCache full:https://registry.npmjs.org/assertion-error cache-miss
4906 silly fetch manifest estree-walker@^3.0.3
4907 silly packumentCache full:https://registry.npmjs.org/estree-walker cache-miss
4908 silly fetch manifest strip-literal@^3.0.0
4909 silly packumentCache full:https://registry.npmjs.org/strip-literal cache-miss
4910 silly fetch manifest tinyspy@^4.0.3
4911 silly packumentCache full:https://registry.npmjs.org/tinyspy cache-miss
4912 silly fetch manifest loupe@^3.1.4
4913 silly packumentCache full:https://registry.npmjs.org/loupe cache-miss
4914 silly fetch manifest loupe@^3.1.0
4915 silly packumentCache full:https://registry.npmjs.org/loupe cache-miss
4916 http fetch GET 200 https://registry.npmjs.org/assertion-error 402ms (cache revalidated)
4917 silly packumentCache full:https://registry.npmjs.org/assertion-error set size:14438 disposed:false
4918 silly fetch manifest pathval@^2.0.0
4919 silly packumentCache full:https://registry.npmjs.org/pathval cache-miss
4920 http fetch GET 200 https://registry.npmjs.org/estree-walker 403ms (cache revalidated)
4921 silly packumentCache full:https://registry.npmjs.org/estree-walker set size:60887 disposed:false
4922 silly fetch manifest deep-eql@^5.0.1
4923 silly packumentCache full:https://registry.npmjs.org/deep-eql cache-miss
4924 http fetch GET 200 https://registry.npmjs.org/loupe 404ms (cache revalidated)
4925 silly packumentCache full:https://registry.npmjs.org/loupe set size:150836 disposed:false
4926 silly fetch manifest check-error@^2.1.1
4927 silly packumentCache full:https://registry.npmjs.org/check-error cache-miss
4928 http fetch GET 200 https://registry.npmjs.org/loupe 412ms (cache revalidated)
4929 silly packumentCache full:https://registry.npmjs.org/loupe set size:150836 disposed:false
4930 silly packumentCache full:https://registry.npmjs.org/loupe dispose
4931 silly fetch manifest siginfo@^2.0.0
4932 silly packumentCache full:https://registry.npmjs.org/siginfo cache-miss
4933 http fetch GET 200 https://registry.npmjs.org/strip-literal 421ms (cache revalidated)
4934 silly packumentCache full:https://registry.npmjs.org/strip-literal set size:45192 disposed:false
4935 silly fetch manifest stackback@0.0.2
4936 silly packumentCache full:https://registry.npmjs.org/stackback cache-miss
4937 http fetch GET 200 https://registry.npmjs.org/@types%2fdeep-eql 693ms (cache revalidated)
4938 silly packumentCache full:https://registry.npmjs.org/@types%2fdeep-eql set size:6411 disposed:false
4939 http fetch GET 200 https://registry.npmjs.org/stackback 374ms (cache revalidated)
4940 silly packumentCache full:https://registry.npmjs.org/stackback set size:4594 disposed:false
4941 http fetch GET 200 https://registry.npmjs.org/check-error 388ms (cache revalidated)
4942 silly packumentCache full:https://registry.npmjs.org/check-error set size:28618 disposed:false
4943 http fetch GET 200 https://registry.npmjs.org/deep-eql 398ms (cache revalidated)
4944 silly packumentCache full:https://registry.npmjs.org/deep-eql set size:73324 disposed:false
4945 http fetch GET 200 https://registry.npmjs.org/pathval 413ms (cache revalidated)
4946 silly packumentCache full:https://registry.npmjs.org/pathval set size:28664 disposed:false
4947 http fetch GET 200 https://registry.npmjs.org/siginfo 400ms (cache revalidated)
4948 silly packumentCache full:https://registry.npmjs.org/siginfo set size:8524 disposed:false
4949 http fetch GET 200 https://registry.npmjs.org/tinyspy 824ms (cache updated)
4950 silly packumentCache full:https://registry.npmjs.org/tinyspy set size:undefined disposed:false
4951 silly placeDep ROOT @types/deep-eql@4.0.2 OK for: @types/chai@5.2.3 want: *
4952 silly placeDep ROOT assertion-error@2.0.1 OK for: @types/chai@5.2.3 want: ^2.0.1
4953 silly placeDep ROOT estree-walker@3.0.3 OK for: @vitest/mocker@3.2.4 want: ^3.0.3
4954 silly placeDep node_modules/@vitest/runner pathe@2.0.3 OK for: @vitest/runner@3.2.4 want: ^2.0.3
4955 silly placeDep ROOT strip-literal@3.1.0 OK for: @vitest/runner@3.2.4 want: ^3.0.0
4956 silly fetch manifest js-tokens@^9.0.1
4957 silly packumentCache full:https://registry.npmjs.org/js-tokens cache-hit
4958 silly placeDep node_modules/@vitest/snapshot pathe@2.0.3 OK for: @vitest/snapshot@3.2.4 want: ^2.0.3
4959 silly placeDep ROOT tinyspy@4.0.4 OK for: @vitest/spy@3.2.4 want: ^4.0.3
4960 silly placeDep ROOT loupe@3.2.1 OK for: @vitest/utils@3.2.4 want: ^3.1.4
4961 silly placeDep ROOT check-error@2.1.3 OK for: chai@5.3.3 want: ^2.1.1
4962 silly placeDep ROOT deep-eql@5.0.2 OK for: chai@5.3.3 want: ^5.0.1
4963 silly placeDep ROOT pathval@2.0.1 OK for: chai@5.3.3 want: ^2.0.0
4964 silly placeDep node_modules/strip-literal js-tokens@9.0.1 OK for: strip-literal@3.1.0 want: ^9.0.1
4965 silly placeDep node_modules/whatwg-encoding iconv-lite@0.6.3 OK for: whatwg-encoding@3.1.1 want: 0.6.3
4966 silly placeDep ROOT tr46@5.1.1 OK for: whatwg-url@14.2.0 want: ^5.1.0
4967 silly fetch manifest punycode@^2.3.1
4968 silly packumentCache full:https://registry.npmjs.org/punycode cache-miss
4969 http fetch GET 200 https://registry.npmjs.org/punycode 294ms (cache revalidated)
4970 silly packumentCache full:https://registry.npmjs.org/punycode set size:61278 disposed:false
4971 silly placeDep ROOT punycode@2.3.1 OK for: tr46@5.1.1 want: ^2.3.1
4972 silly placeDep ROOT siginfo@2.0.0 OK for: why-is-node-running@2.3.0 want: ^2.0.0
4973 silly placeDep ROOT stackback@0.0.2 OK for: why-is-node-running@2.3.0 want: 0.0.2
4974 silly placeDep ROOT property-expr@2.0.6 OK for: yup@1.7.1 want: ^2.0.5
4975 silly placeDep ROOT tiny-case@1.0.3 OK for: yup@1.7.1 want: ^1.0.3
4976 silly placeDep ROOT toposort@2.0.2 OK for: yup@1.7.1 want: ^2.0.2
4977 silly placeDep node_modules/yup type-fest@2.19.0 OK for: yup@1.7.1 want: ^2.19.0
4978 silly placeDep node_modules/@lshay/ui/node_modules/cmdk @radix-ui/react-dialog@1.0.0 OK for: cmdk@0.2.1 want: 1.0.0
4979 silly fetch manifest @radix-ui/react-id@1.0.0
4980 silly packumentCache full:https://registry.npmjs.org/@radix-ui%2freact-id cache-hit
4981 silly fetch manifest @radix-ui/primitive@1.0.0
4982 silly packumentCache full:https://registry.npmjs.org/@radix-ui%2fprimitive cache-hit
4983 silly fetch manifest react-remove-scroll@2.5.4
4984 silly packumentCache full:https://registry.npmjs.org/react-remove-scroll cache-hit
4985 silly fetch manifest @radix-ui/react-slot@1.0.0
4986 silly packumentCache full:https://registry.npmjs.org/@radix-ui%2freact-slot cache-hit
4987 silly fetch manifest @radix-ui/react-portal@1.0.0
4988 silly packumentCache full:https://registry.npmjs.org/@radix-ui%2freact-portal cache-hit
4989 silly fetch manifest @radix-ui/react-context@1.0.0
4990 silly packumentCache full:https://registry.npmjs.org/@radix-ui%2freact-context cache-hit
4991 silly fetch manifest @radix-ui/react-presence@1.0.0
4992 silly packumentCache full:https://registry.npmjs.org/@radix-ui%2freact-presence cache-hit
4993 silly fetch manifest @radix-ui/react-primitive@1.0.0
4994 silly packumentCache full:https://registry.npmjs.org/@radix-ui%2freact-primitive cache-hit
4995 silly fetch manifest @radix-ui/react-focus-scope@1.0.0
4996 silly packumentCache full:https://registry.npmjs.org/@radix-ui%2freact-focus-scope cache-hit
4997 silly fetch manifest @radix-ui/react-compose-refs@1.0.0
4998 silly packumentCache full:https://registry.npmjs.org/@radix-ui%2freact-compose-refs cache-hit
4999 silly fetch manifest @radix-ui/react-focus-guards@1.0.0
5000 silly packumentCache full:https://registry.npmjs.org/@radix-ui%2freact-focus-guards cache-hit
5001 silly fetch manifest @radix-ui/react-dismissable-layer@1.0.0
5002 silly packumentCache full:https://registry.npmjs.org/@radix-ui%2freact-dismissable-layer cache-hit
5003 silly fetch manifest @radix-ui/react-use-controllable-state@1.0.0
5004 silly packumentCache full:https://registry.npmjs.org/@radix-ui%2freact-use-controllable-state cache-hit
5005 silly placeDep node_modules/@mapbox/node-pre-gyp agent-base@6.0.2 OK for: https-proxy-agent@5.0.1 want: 6
5006 silly placeDep node_modules/body-parser ms@2.0.0 OK for: debug@2.6.9 want: 2.0.0
5007 silly placeDep node_modules/compression ms@2.0.0 OK for: debug@2.6.9 want: 2.0.0
5008 silly placeDep node_modules/express ms@2.0.0 OK for: debug@2.6.9 want: 2.0.0
5009 silly placeDep node_modules/finalhandler ms@2.0.0 OK for: debug@2.6.9 want: 2.0.0
5010 silly placeDep node_modules/fs-minipass yallist@4.0.0 OK for: minipass@3.3.6 want: ^4.0.0
5011 silly placeDep node_modules/glob brace-expansion@1.1.14 OK for: minimatch@3.1.5 want: ^1.1.7
5012 silly fetch manifest concat-map@0.0.1
5013 silly packumentCache full:https://registry.npmjs.org/concat-map cache-miss
5014 http fetch GET 200 https://registry.npmjs.org/concat-map 350ms (cache revalidated)
5015 silly packumentCache full:https://registry.npmjs.org/concat-map set size:9290 disposed:false
5016 silly placeDep ROOT concat-map@0.0.1 OK for: brace-expansion@1.1.14 want: 0.0.1
5017 silly placeDep node_modules/morgan ms@2.0.0 OK for: debug@2.6.9 want: 2.0.0
5018 silly placeDep node_modules/node-fetch tr46@0.0.3 OK for: whatwg-url@5.0.0 want: ~0.0.3
5019 silly placeDep node_modules/node-fetch webidl-conversions@3.0.1 OK for: whatwg-url@5.0.0 want: ^3.0.0
5020 silly placeDep node_modules/remark-gfm @types/unist@3.0.3 OK for: unified@11.0.5 want: ^3.0.0
5021 silly placeDep node_modules/remark-gfm bail@2.0.2 OK for: unified@11.0.5 want: ^2.0.0
5022 silly placeDep node_modules/remark-gfm is-plain-obj@4.1.0 OK for: unified@11.0.5 want: ^4.0.0
5023 silly placeDep node_modules/remark-gfm trough@2.2.0 OK for: unified@11.0.5 want: ^2.0.0
5024 silly placeDep node_modules/remark-gfm vfile@6.0.3 OK for: unified@11.0.5 want: ^6.0.0
5025 silly fetch manifest vfile-message@^4.0.0
5026 silly packumentCache full:https://registry.npmjs.org/vfile-message cache-hit
5027 silly placeDep node_modules/remark-gfm vfile-message@4.0.3 OK for: vfile@6.0.3 want: ^4.0.0
5028 silly placeDep node_modules/remark-parse @types/mdast@3.0.15 OK for: mdast-util-from-markdown@0.8.5 want: ^3.0.0
5029 silly placeDep node_modules/remark-parse mdast-util-to-string@2.0.0 OK for: mdast-util-from-markdown@0.8.5 want: ^2.0.0
5030 silly placeDep node_modules/remark-parse micromark@2.11.4 OK for: mdast-util-from-markdown@0.8.5 want: ~2.11.0
5031 silly placeDep ROOT parse-entities@2.0.0 OK for: mdast-util-from-markdown@0.8.5 want: ^2.0.0
5032 silly placeDep node_modules/remark-parse unist-util-stringify-position@2.0.3 OK for: mdast-util-from-markdown@0.8.5 want: ^2.0.0
5033 silly fetch manifest is-decimal@^1.0.0
5034 silly packumentCache full:https://registry.npmjs.org/is-decimal cache-miss
5035 silly fetch manifest is-hexadecimal@^1.0.0
5036 silly packumentCache full:https://registry.npmjs.org/is-hexadecimal cache-miss
5037 silly fetch manifest is-alphanumerical@^1.0.0
5038 silly packumentCache full:https://registry.npmjs.org/is-alphanumerical cache-miss
5039 silly fetch manifest character-entities@^1.0.0
5040 silly packumentCache full:https://registry.npmjs.org/character-entities cache-hit
5041 silly fetch manifest character-entities-legacy@^1.0.0
5042 silly packumentCache full:https://registry.npmjs.org/character-entities-legacy cache-miss
5043 silly fetch manifest character-reference-invalid@^1.0.0
5044 silly packumentCache full:https://registry.npmjs.org/character-reference-invalid cache-miss
5045 http fetch GET 200 https://registry.npmjs.org/is-alphanumerical 348ms (cache revalidated)
5046 silly packumentCache full:https://registry.npmjs.org/is-alphanumerical set size:27515 disposed:false
5047 http fetch GET 200 https://registry.npmjs.org/character-reference-invalid 349ms (cache revalidated)
5048 silly packumentCache full:https://registry.npmjs.org/character-reference-invalid set size:34715 disposed:false
5049 http fetch GET 200 https://registry.npmjs.org/is-decimal 355ms (cache revalidated)
5050 silly packumentCache full:https://registry.npmjs.org/is-decimal set size:25885 disposed:false
5051 http fetch GET 200 https://registry.npmjs.org/character-entities-legacy 355ms (cache revalidated)
5052 silly packumentCache full:https://registry.npmjs.org/character-entities-legacy set size:34121 disposed:false
5053 http fetch GET 200 https://registry.npmjs.org/is-hexadecimal 364ms (cache revalidated)
5054 silly packumentCache full:https://registry.npmjs.org/is-hexadecimal set size:26554 disposed:false
5055 silly placeDep node_modules/parse-entities character-entities@1.2.4 OK for: parse-entities@2.0.0 want: ^1.0.0
5056 silly placeDep ROOT character-entities-legacy@1.1.4 OK for: parse-entities@2.0.0 want: ^1.0.0
5057 silly placeDep ROOT character-reference-invalid@1.1.4 OK for: parse-entities@2.0.0 want: ^1.0.0
5058 silly placeDep ROOT is-alphanumerical@1.0.4 OK for: parse-entities@2.0.0 want: ^1.0.0
5059 silly placeDep ROOT is-decimal@1.0.4 OK for: parse-entities@2.0.0 want: ^1.0.0
5060 silly placeDep ROOT is-hexadecimal@1.0.4 OK for: parse-entities@2.0.0 want: ^1.0.0
5061 silly fetch manifest is-alphabetical@^1.0.0
5062 silly packumentCache full:https://registry.npmjs.org/is-alphabetical cache-miss
5063 http fetch GET 200 https://registry.npmjs.org/is-alphabetical 353ms (cache revalidated)
5064 silly packumentCache full:https://registry.npmjs.org/is-alphabetical set size:26798 disposed:false
5065 silly placeDep ROOT is-alphabetical@1.0.4 OK for: is-alphanumerical@1.0.4 want: ^1.0.0
5066 silly placeDep node_modules/remark-stringify @types/unist@3.0.3 OK for: unified@11.0.5 want: ^3.0.0
5067 silly placeDep node_modules/remark-stringify bail@2.0.2 OK for: unified@11.0.5 want: ^2.0.0
5068 silly placeDep node_modules/remark-stringify is-plain-obj@4.1.0 OK for: unified@11.0.5 want: ^4.0.0
5069 silly placeDep node_modules/remark-stringify trough@2.2.0 OK for: unified@11.0.5 want: ^2.0.0
5070 silly placeDep node_modules/remark-stringify vfile@6.0.3 OK for: unified@11.0.5 want: ^6.0.0
5071 silly placeDep node_modules/remark-stringify vfile-message@4.0.3 OK for: vfile@6.0.3 want: ^4.0.0
5072 silly placeDep node_modules/send/node_modules/debug ms@2.0.0 OK for: debug@2.6.9 want: 2.0.0
5073 silly fetch manifest glob-parent@~5.1.2
5074 silly packumentCache full:https://registry.npmjs.org/glob-parent cache-hit
5075 silly placeDep ROOT anymatch@3.1.3 OK for: chokidar@3.6.0 want: ~3.1.2
5076 silly placeDep node_modules/tailwindcss/node_modules/chokidar glob-parent@5.1.2 OK for: chokidar@3.6.0 want: ~5.1.2
5077 silly placeDep ROOT is-binary-path@2.1.0 OK for: chokidar@3.6.0 want: ~2.1.0
5078 silly placeDep node_modules/tailwindcss readdirp@3.6.0 OK for: chokidar@3.6.0 want: ~3.6.0
5079 silly fetch manifest binary-extensions@^2.0.0
5080 silly packumentCache full:https://registry.npmjs.org/binary-extensions cache-miss
5081 http fetch GET 200 https://registry.npmjs.org/binary-extensions 444ms (cache revalidated)
5082 silly packumentCache full:https://registry.npmjs.org/binary-extensions set size:51551 disposed:false
5083 silly placeDep ROOT binary-extensions@2.3.0 OK for: is-binary-path@2.1.0 want: ^2.0.0
5084 silly placeDep node_modules/@lshay/ui @radix-ui/primitive@1.0.0 OK for: @radix-ui/react-dialog@1.0.0 want: 1.0.0
5085 silly placeDep node_modules/@lshay/ui @radix-ui/react-compose-refs@1.0.0 OK for: @radix-ui/react-dialog@1.0.0 want: 1.0.0
5086 silly placeDep node_modules/@lshay/ui @radix-ui/react-context@1.0.0 OK for: @radix-ui/react-dialog@1.0.0 want: 1.0.0
5087 silly placeDep node_modules/@lshay/ui @radix-ui/react-dismissable-layer@1.0.0 OK for: @radix-ui/react-dialog@1.0.0 want: 1.0.0
5088 silly placeDep node_modules/@lshay/ui @radix-ui/react-focus-guards@1.0.0 OK for: @radix-ui/react-dialog@1.0.0 want: 1.0.0
5089 silly placeDep node_modules/@lshay/ui @radix-ui/react-focus-scope@1.0.0 OK for: @radix-ui/react-dialog@1.0.0 want: 1.0.0
5090 silly placeDep node_modules/@lshay/ui @radix-ui/react-id@1.0.0 OK for: @radix-ui/react-dialog@1.0.0 want: 1.0.0
5091 silly placeDep node_modules/@lshay/ui @radix-ui/react-portal@1.0.0 OK for: @radix-ui/react-dialog@1.0.0 want: 1.0.0
5092 silly placeDep node_modules/@lshay/ui @radix-ui/react-presence@1.0.0 OK for: @radix-ui/react-dialog@1.0.0 want: 1.0.0
5093 silly placeDep node_modules/@lshay/ui @radix-ui/react-primitive@1.0.0 OK for: @radix-ui/react-dialog@1.0.0 want: 1.0.0
5094 silly placeDep node_modules/@lshay/ui/node_modules/cmdk @radix-ui/react-slot@1.0.0 OK for: @radix-ui/react-dialog@1.0.0 want: 1.0.0
5095 silly placeDep node_modules/@lshay/ui @radix-ui/react-use-controllable-state@1.0.0 OK for: @radix-ui/react-dialog@1.0.0 want: 1.0.0
5096 silly placeDep node_modules/@lshay/ui react-remove-scroll@2.5.4 OK for: @radix-ui/react-dialog@1.0.0 want: 2.5.4
5097 silly fetch manifest @radix-ui/react-use-callback-ref@1.0.0
5098 silly packumentCache full:https://registry.npmjs.org/@radix-ui%2freact-use-callback-ref cache-hit
5099 silly fetch manifest @radix-ui/react-use-escape-keydown@1.0.0
5100 silly packumentCache full:https://registry.npmjs.org/@radix-ui%2freact-use-escape-keydown cache-hit
5101 silly fetch manifest @radix-ui/react-use-callback-ref@1.0.0
5102 silly packumentCache full:https://registry.npmjs.org/@radix-ui%2freact-use-callback-ref cache-hit
5103 silly fetch manifest @radix-ui/react-use-layout-effect@1.0.0
5104 silly packumentCache full:https://registry.npmjs.org/@radix-ui%2freact-use-layout-effect cache-hit
5105 silly fetch manifest @radix-ui/react-use-layout-effect@1.0.0
5106 silly packumentCache full:https://registry.npmjs.org/@radix-ui%2freact-use-layout-effect cache-hit
5107 silly fetch manifest @radix-ui/react-use-callback-ref@1.0.0
5108 silly packumentCache full:https://registry.npmjs.org/@radix-ui%2freact-use-callback-ref cache-hit
5109 silly placeDep node_modules/@lshay/ui @radix-ui/react-use-callback-ref@1.0.0 OK for: @radix-ui/react-dismissable-layer@1.0.0 want: 1.0.0
5110 silly placeDep node_modules/@lshay/ui @radix-ui/react-use-escape-keydown@1.0.0 OK for: @radix-ui/react-dismissable-layer@1.0.0 want: 1.0.0
5111 silly placeDep node_modules/@lshay/ui @radix-ui/react-use-layout-effect@1.0.0 OK for: @radix-ui/react-id@1.0.0 want: 1.0.0
5112 silly placeDep node_modules/@lshay/ui/node_modules/@radix-ui/react-primitive @radix-ui/react-slot@1.0.0 OK for: @radix-ui/react-primitive@1.0.0 want: 1.0.0
5113 silly reify moves {}
5114 silly audit bulk request {
5114 silly audit   '@auth/core': [ '0.37.4' ],
5114 silly audit   '@babel/core': [ '7.29.0' ],
5114 silly audit   '@babel/generator': [ '7.29.1' ],
5114 silly audit   '@babel/plugin-transform-react-jsx': [ '7.28.6' ],
5114 silly audit   '@babel/preset-react': [ '7.28.5' ],
5114 silly audit   '@babel/preset-typescript': [ '7.28.5' ],
5114 silly audit   '@babel/traverse': [ '7.29.0' ],
5114 silly audit   '@babel/types': [ '7.29.0' ],
5114 silly audit   '@chakra-ui/react': [ '2.8.2' ],
5114 silly audit   '@dnd-kit/core': [ '6.3.1' ],
5114 silly audit   '@dnd-kit/sortable': [ '10.0.0' ],
5114 silly audit   '@emotion/react': [ '11.11.4' ],
5114 silly audit   '@emotion/styled': [ '11.11.0' ],
5114 silly audit   '@hono/auth-js': [ '1.1.1' ],
5114 silly audit   '@lshay/ui': [ '0.1.32' ],
5114 silly audit   '@neondatabase/serverless': [ '0.10.4' ],
5114 silly audit   '@react-aria/button': [ '3.15.0' ],
5114 silly audit   '@react-router/dev': [ '7.15.1' ],
5114 silly audit   '@react-router/fs-routes': [ '7.15.1' ],
5114 silly audit   '@react-router/node': [ '7.15.1' ],
5114 silly audit   '@react-router/serve': [ '7.15.1' ],
5114 silly audit   '@tailwindcss/vite': [ '4.3.0' ],
5114 silly audit   '@tanstack/react-query': [ '5.100.11' ],
5114 silly audit   '@tanstack/react-table': [ '8.21.3' ],
5114 silly audit   '@testing-library/jest-dom': [ '6.9.1' ],
5114 silly audit   '@testing-library/react': [ '16.3.2' ],
5114 silly audit   '@types/babel__core': [ '7.20.5' ],
5114 silly audit   '@types/micromatch': [ '4.0.10' ],
5114 silly audit   '@types/node': [ '20.19.41' ],
5114 silly audit   '@types/react': [ '18.3.29' ],
5114 silly audit   '@types/react-dom': [ '18.3.7' ],
5114 silly audit   '@types/ws': [ '8.18.1' ],
5114 silly audit   '@vis.gl/react-google-maps': [ '0.8.3' ],
5114 silly audit   argon2: [ '0.43.1' ],
5114 silly audit   autoprefixer: [ '10.5.0' ],
5114 silly audit   'babel-plugin-react-require': [ '4.0.3' ],
5114 silly audit   classnames: [ '2.5.1' ],
5114 silly audit   'clean-stack': [ '5.3.0' ],
5114 silly audit   cmdk: [ '1.1.1', '0.2.1' ],
5114 silly audit   color2k: [ '2.0.3' ],
5114 silly audit   'date-fns': [ '4.2.1', '2.30.0' ],
5114 silly audit   downshift: [ '9.3.3' ],
5114 silly audit   'fast-glob': [ '3.3.3' ],
5114 silly audit   'html-to-image': [ '1.11.13' ],
5114 silly audit   isbot: [ '5.1.40' ],
5114 silly audit   jsdom: [ '26.1.0' ],
5114 silly audit   'lodash-es': [ '4.18.1' ],
5114 silly audit   'lucide-react': [ '0.358.0' ],
5114 silly audit   micromatch: [ '4.0.8' ],
5114 silly audit   motion: [ '12.40.0' ],
5114 silly audit   papaparse: [ '5.5.3' ],
5114 silly audit   'pdfjs-dist': [ '3.11.174' ],
5114 silly audit   postcss: [ '8.5.15' ],
5114 silly audit   react: [ '18.3.1' ],
5114 silly audit   'react-colorful': [ '5.7.0' ],
5114 silly audit   'react-day-picker': [ '9.14.0', '8.10.2' ],
5114 silly audit   'react-dom': [ '18.3.1' ],
5114 silly audit   'react-hook-form': [ '7.76.0' ],
5114 silly audit   'react-idle-timer': [ '5.7.3' ],
5114 silly audit   'react-markdown': [ '6.0.3' ],
5114 silly audit   'react-resizable-panels': [ '2.1.9', '0.0.55' ],
5114 silly audit   'react-router': [ '7.15.1' ],
5114 silly audit   'react-router-dom': [ '7.15.1' ],
5114 silly audit   'react-router-hono-server': [ '2.26.0' ],
5114 silly audit   recharts: [ '2.15.4' ],
5114 silly audit   'remark-gfm': [ '4.0.0' ],
5114 silly audit   'serialize-error': [ '12.0.0' ],
5114 silly audit   sonner: [ '2.0.7', '1.7.4' ],
5114 silly audit   stripe: [ '18.5.0' ],
5114 silly audit   'styled-jsx': [ '5.1.7' ],
5114 silly audit   'tailwind-merge': [ '3.6.0', '2.6.1' ],
5114 silly audit   tailwindcss: [ '3.4.19', '4.3.0' ],
5114 silly audit   three: [ '0.175.0' ],
5114 silly audit   typescript: [ '5.9.3' ],
5114 silly audit   vaul: [ '1.1.2', '0.2.3' ],
5114 silly audit   vite: [ '6.4.2' ],
5114 silly audit   'vite-plugin-babel': [ '1.7.3' ],
5114 silly audit   'vite-tsconfig-paths': [ '5.1.4' ],
5114 silly audit   vitest: [ '3.2.4' ],
5114 silly audit   ws: [ '8.20.1' ],
5114 silly audit   yup: [ '1.7.1' ],
5114 silly audit   zustand: [ '5.0.13' ],
5114 silly audit   '@panva/hkdf': [ '1.2.1' ],
5114 silly audit   jose: [ '5.10.0' ],
5114 silly audit   oauth4webapi: [ '3.8.6' ],
5114 silly audit   preact: [ '10.24.3' ],
5114 silly audit   'preact-render-to-string': [ '6.5.11' ],
5114 silly audit   '@babel/code-frame': [ '7.29.0' ],
5114 silly audit   '@babel/helper-compilation-targets': [ '7.28.6' ],
5114 silly audit   '@babel/helper-module-transforms': [ '7.28.6' ],
5114 silly audit   '@babel/helpers': [ '7.29.2' ],
5114 silly audit   '@babel/parser': [ '7.29.3' ],
5114 silly audit   '@babel/template': [ '7.28.6' ],
5114 silly audit   '@jridgewell/remapping': [ '2.3.5' ],
5114 silly audit   'convert-source-map': [ '2.0.0', '1.9.0' ],
5114 silly audit   debug: [ '4.4.3', '2.6.9' ],
5114 silly audit   gensync: [ '1.0.0-beta.2' ],
5114 silly audit   json5: [ '2.2.3' ],
5114 silly audit   semver: [ '6.3.1', '7.8.1' ],
5114 silly audit   '@babel/helper-validator-identifier': [ '7.28.5' ],
5114 silly audit   'js-tokens': [ '4.0.0', '9.0.1' ],
5114 silly audit   picocolors: [ '1.1.1' ],
5114 silly audit   '@jridgewell/gen-mapping': [ '0.3.13' ],
5114 silly audit   '@jridgewell/trace-mapping': [ '0.3.31' ],
5114 silly audit   jsesc: [ '3.1.0', '3.0.2' ],
5114 silly audit   '@babel/compat-data': [ '7.29.3' ],
5114 silly audit   '@babel/helper-validator-option': [ '7.27.1' ],
5114 silly audit   browserslist: [ '4.28.2' ],
5114 silly audit   'lru-cache': [ '5.1.1', '10.4.3' ],
5114 silly audit   '@babel/helper-module-imports': [ '7.28.6' ],
5114 silly audit   '@babel/helper-annotate-as-pure': [ '7.27.3' ],
5114 silly audit   '@babel/helper-plugin-utils': [ '7.28.6' ],
5114 silly audit   '@babel/plugin-syntax-jsx': [ '7.28.6' ],
5114 silly audit   '@babel/plugin-transform-react-display-name': [ '7.28.0' ],
5114 silly audit   '@babel/plugin-transform-react-jsx-development': [ '7.27.1' ],
5114 silly audit   '@babel/plugin-transform-react-pure-annotations': [ '7.27.1' ],
5114 silly audit   '@babel/plugin-transform-modules-commonjs': [ '7.28.6' ],
5114 silly audit   '@babel/plugin-transform-typescript': [ '7.28.6' ],
5114 silly audit   '@babel/helper-create-class-features-plugin': [ '7.29.3' ],
5114 silly audit   '@babel/helper-skip-transparent-expression-wrappers': [ '7.27.1' ],
5114 silly audit   '@babel/plugin-syntax-typescript': [ '7.28.6' ],
5114 silly audit   '@babel/helper-member-expression-to-functions': [ '7.28.5' ],
5114 silly audit   '@babel/helper-optimise-call-expression': [ '7.27.1' ],
5114 silly audit   '@babel/helper-replace-supers': [ '7.28.6' ],
5114 silly audit   '@babel/helper-globals': [ '7.28.0' ],
5114 silly audit   '@babel/helper-string-parser': [ '7.27.1' ],
5114 silly audit   '@chakra-ui/accordion': [ '2.3.1' ],
5114 silly audit   '@chakra-ui/alert': [ '2.2.2' ],
5114 silly audit   '@chakra-ui/avatar': [ '2.3.0' ],
5114 silly audit   '@chakra-ui/breadcrumb': [ '2.2.0' ],
5114 silly audit   '@chakra-ui/button': [ '2.1.0' ],
5114 silly audit   '@chakra-ui/card': [ '2.2.0' ],
5114 silly audit   '@chakra-ui/checkbox': [ '2.3.2' ],
5114 silly audit   '@chakra-ui/close-button': [ '2.1.1' ],
5114 silly audit   '@chakra-ui/control-box': [ '2.1.0' ],
5114 silly audit   '@chakra-ui/counter': [ '2.1.0' ],
5114 silly audit   '@chakra-ui/css-reset': [ '2.3.0' ],
5114 silly audit   '@chakra-ui/editable': [ '3.1.0' ],
5114 silly audit   '@chakra-ui/focus-lock': [ '2.1.0' ],
5114 silly audit   '@chakra-ui/form-control': [ '2.2.0' ],
5114 silly audit   '@chakra-ui/hooks': [ '2.2.1' ],
5114 silly audit   '@chakra-ui/icon': [ '3.2.0' ],
5114 silly audit   '@chakra-ui/image': [ '2.1.0' ],
5114 silly audit   '@chakra-ui/input': [ '2.1.2' ],
5114 silly audit   '@chakra-ui/layout': [ '2.3.1' ],
5114 silly audit   '@chakra-ui/live-region': [ '2.1.0' ],
5114 silly audit   '@chakra-ui/media-query': [ '3.3.0' ],
5114 silly audit   '@chakra-ui/menu': [ '2.2.1' ],
5114 silly audit   '@chakra-ui/modal': [ '2.3.1' ],
5114 silly audit   '@chakra-ui/number-input': [ '2.1.2' ],
5114 silly audit   '@chakra-ui/pin-input': [ '2.1.0' ],
5114 silly audit   '@chakra-ui/popover': [ '2.2.1' ],
5114 silly audit   '@chakra-ui/popper': [ '3.1.0' ],
5114 silly audit   '@chakra-ui/portal': [ '2.1.0' ],
5114 silly audit   '@chakra-ui/progress': [ '2.2.0' ],
5114 silly audit   '@chakra-ui/provider': [ '2.4.2' ],
5114 silly audit   '@chakra-ui/radio': [ '2.1.2' ],
5114 silly audit   '@chakra-ui/react-env': [ '3.1.0' ],
5114 silly audit   '@chakra-ui/select': [ '2.1.2' ],
5114 silly audit   '@chakra-ui/skeleton': [ '2.1.0' ],
5114 silly audit   '@chakra-ui/skip-nav': [ '2.1.0' ],
5114 silly audit   '@chakra-ui/slider': [ '2.1.0' ],
5114 silly audit   '@chakra-ui/spinner': [ '2.1.0' ],
5114 silly audit   '@chakra-ui/stat': [ '2.1.1' ],
5114 silly audit   '@chakra-ui/stepper': [ '2.3.1' ],
5114 silly audit   '@chakra-ui/styled-system': [ '2.9.2' ],
5114 silly audit   '@chakra-ui/switch': [ '2.1.2' ],
5114 silly audit   '@chakra-ui/system': [ '2.6.2' ],
5114 silly audit   '@chakra-ui/table': [ '2.1.0' ],
5114 silly audit   '@chakra-ui/tabs': [ '3.0.0' ],
5114 silly audit   '@chakra-ui/tag': [ '3.1.1' ],
5114 silly audit   '@chakra-ui/textarea': [ '2.1.2' ],
5114 silly audit   '@chakra-ui/theme': [ '3.3.1' ],
5114 silly audit   '@chakra-ui/theme-utils': [ '2.0.21' ],
5114 silly audit   '@chakra-ui/toast': [ '7.0.2' ],
5114 silly audit   '@chakra-ui/tooltip': [ '2.3.1' ],
5114 silly audit   '@chakra-ui/transition': [ '2.1.0' ],
5114 silly audit   '@chakra-ui/utils': [ '2.0.15' ],
5114 silly audit   '@chakra-ui/visually-hidden': [ '2.2.0' ],
5114 silly audit   '@chakra-ui/descendant': [ '3.1.0' ],
5114 silly audit   '@chakra-ui/react-context': [ '2.1.0' ],
5114 silly audit   '@chakra-ui/react-use-controllable-state': [ '2.1.0' ],
5114 silly audit   '@chakra-ui/react-use-merge-refs': [ '2.1.0' ],
5114 silly audit   '@chakra-ui/shared-utils': [ '2.0.5' ],
5114 silly audit   '@chakra-ui/react-children-utils': [ '2.0.6' ],
5114 silly audit   '@chakra-ui/react-types': [ '2.0.7' ],
5114 silly audit   '@chakra-ui/react-use-callback-ref': [ '2.1.0' ],
5114 silly audit   '@chakra-ui/react-use-safe-layout-effect': [ '2.1.0' ],
5114 silly audit   '@chakra-ui/react-use-update-effect': [ '2.1.0' ],
5114 silly audit   '@zag-js/focus-visible': [ '0.16.0' ],
5114 silly audit   '@chakra-ui/number-utils': [ '2.0.7' ],
5114 silly audit   '@chakra-ui/react-use-focus-on-pointer-down': [ '2.1.0' ],
5114 silly audit   '@chakra-ui/dom-utils': [ '2.1.0' ],
5114 silly audit   'react-focus-lock': [ '2.13.7' ],
5114 silly audit   '@chakra-ui/react-utils': [ '2.0.12' ],
5114 silly audit   'compute-scroll-into-view': [ '3.0.3', '3.1.1' ],
5114 silly audit   'copy-to-clipboard': [ '3.3.3' ],
5114 silly audit   '@chakra-ui/object-utils': [ '2.1.0' ],
5114 silly audit   '@chakra-ui/breakpoint-utils': [ '2.0.8' ],
5114 silly audit   '@chakra-ui/clickable': [ '2.1.0' ],
5114 silly audit   '@chakra-ui/lazy-utils': [ '2.0.5' ],
5114 silly audit   '@chakra-ui/react-use-animation-state': [ '2.1.0' ],
5114 silly audit   '@chakra-ui/react-use-disclosure': [ '2.1.0' ],
5114 silly audit   '@chakra-ui/react-use-focus-effect': [ '2.1.0' ],
5114 silly audit   '@chakra-ui/react-use-outside-click': [ '2.2.0' ],
5114 silly audit   'aria-hidden': [ '1.2.6' ],
5114 silly audit   'react-remove-scroll': [ '2.7.2', '2.5.4' ],
5114 silly audit   '@chakra-ui/react-use-event-listener': [ '2.1.0' ],
5114 silly audit   '@chakra-ui/react-use-interval': [ '2.1.0' ],
5114 silly audit   '@popperjs/core': [ '2.11.8' ],
5114 silly audit   '@chakra-ui/react-use-previous': [ '2.1.0' ],
5114 silly audit   '@chakra-ui/react-use-latest-ref': [ '2.1.0' ],
5114 silly audit   '@chakra-ui/react-use-pan-event': [ '2.1.0' ],
5114 silly audit   '@chakra-ui/react-use-size': [ '2.1.0' ],
5114 silly audit   '@chakra-ui/event-utils': [ '2.0.8' ],
5114 silly audit   framesync: [ '6.1.2' ],
5114 silly audit   '@zag-js/element-size': [ '0.10.5' ],
5114 silly audit   csstype: [ '3.2.3' ],
5114 silly audit   'lodash.mergewith': [ '4.6.2' ],
5114 silly audit   '@chakra-ui/color-mode': [ '2.2.0' ],
5114 silly audit   'react-fast-compare': [ '3.2.2' ],
5114 silly audit   '@chakra-ui/anatomy': [ '2.2.2' ],
5114 silly audit   '@chakra-ui/theme-tools': [ '2.1.2' ],
5114 silly audit   '@chakra-ui/react-use-timeout': [ '2.1.0' ],
5114 silly audit   '@types/lodash.mergewith': [ '4.6.7' ],
5114 silly audit   'css-box-model': [ '1.2.1' ],
5114 silly audit   '@dnd-kit/accessibility': [ '3.1.1' ],
5114 silly audit   '@dnd-kit/utilities': [ '3.2.2' ],
5114 silly audit   tslib: [ '2.8.1', '2.4.0' ],
5114 silly audit   '@babel/runtime': [ '7.29.2' ],
5114 silly audit   '@emotion/babel-plugin': [ '11.13.5' ],
5114 silly audit   '@emotion/cache': [ '11.14.0' ],
5114 silly audit   '@emotion/serialize': [ '1.3.3' ],
5114 silly audit   '@emotion/use-insertion-effect-with-fallbacks': [ '1.2.0' ],
5114 silly audit   '@emotion/utils': [ '1.4.2' ],
5114 silly audit   '@emotion/weak-memoize': [ '0.3.1', '0.4.0' ],
5114 silly audit   'hoist-non-react-statics': [ '3.3.2' ],
5114 silly audit   '@emotion/hash': [ '0.9.2' ],
5114 silly audit   '@emotion/memoize': [ '0.9.0' ],
5114 silly audit   'babel-plugin-macros': [ '3.1.0' ],
5114 silly audit   'escape-string-regexp': [ '4.0.0', '5.0.0' ],
5114 silly audit   'find-root': [ '1.1.0' ],
5114 silly audit   'source-map': [ '0.5.7', '0.6.1' ],
5114 silly audit   stylis: [ '4.2.0' ],
5114 silly audit   '@emotion/sheet': [ '1.4.0' ],
5114 silly audit   '@emotion/unitless': [ '0.10.0' ],
5114 silly audit   '@emotion/is-prop-valid': [ '1.4.0' ],
5114 silly audit   '@jridgewell/sourcemap-codec': [ '1.5.5' ],
5114 silly audit   '@jridgewell/resolve-uri': [ '3.1.2' ],
5114 silly audit   '@hookform/resolvers': [ '3.10.0' ],
5114 silly audit   '@radix-ui/react-accordion': [ '1.2.12' ],
5114 silly audit   '@radix-ui/react-alert-dialog': [ '1.1.15' ],
5114 silly audit   '@radix-ui/react-aspect-ratio': [ '1.1.8' ],
5114 silly audit   '@radix-ui/react-avatar': [ '1.1.11' ],
5114 silly audit   '@radix-ui/react-checkbox': [ '1.3.3' ],
5114 silly audit   '@radix-ui/react-collapsible': [ '1.1.12' ],
5114 silly audit   '@radix-ui/react-context-menu': [ '2.2.16' ],
5114 silly audit   '@radix-ui/react-dialog': [ '1.1.15', '1.0.0' ],
5114 silly audit   '@radix-ui/react-dropdown-menu': [ '2.1.16' ],
5114 silly audit   '@radix-ui/react-hover-card': [ '1.1.15' ],
5114 silly audit   '@radix-ui/react-label': [ '2.1.8' ],
5114 silly audit   '@radix-ui/react-menubar': [ '1.1.16' ],
5114 silly audit   '@radix-ui/react-navigation-menu': [ '1.2.14' ],
5114 silly audit   '@radix-ui/react-popover': [ '1.1.15' ],
5114 silly audit   '@radix-ui/react-progress': [ '1.1.8' ],
5114 silly audit   '@radix-ui/react-radio-group': [ '1.3.8' ],
5114 silly audit   '@radix-ui/react-scroll-area': [ '1.2.10' ],
5114 silly audit   '@radix-ui/react-select': [ '2.2.6' ],
5114 silly audit   '@radix-ui/react-separator': [ '1.1.8' ],
5114 silly audit   '@radix-ui/react-slider': [ '1.3.6' ],
5114 silly audit   '@radix-ui/react-slot': [ '1.2.4', '1.2.3', '1.0.0' ],
5114 silly audit   '@radix-ui/react-switch': [ '1.2.6' ],
5114 silly audit   '@radix-ui/react-tabs': [ '1.1.13' ],
5114 silly audit   '@radix-ui/react-toast': [ '1.2.15' ],
5114 silly audit   '@radix-ui/react-toggle': [ '1.1.10' ],
5114 silly audit   '@radix-ui/react-toggle-group': [ '1.1.11' ],
5114 silly audit   '@radix-ui/react-tooltip': [ '1.2.8' ],
5114 silly audit   'class-variance-authority': [ '0.7.1' ],
5114 silly audit   clsx: [ '2.1.1' ],
5114 silly audit   'embla-carousel-react': [ '8.0.0-rc15' ],
5114 silly audit   'input-otp': [ '1.4.2' ],
5114 silly audit   'next-themes': [ '0.3.0' ],
5114 silly audit   undefined: [ '0.1.0' ],
5114 silly audit   '@types/pg': [ '8.11.6' ],
5114 silly audit   '@radix-ui/primitive': [ '1.1.3', '1.0.0' ],
5114 silly audit   '@radix-ui/react-collection': [ '1.1.7' ],
5114 silly audit   '@radix-ui/react-compose-refs': [ '1.1.2', '1.0.0' ],
5114 silly audit   '@radix-ui/react-context': [ '1.1.2', '1.1.3', '1.0.0' ],
5114 silly audit   '@radix-ui/react-direction': [ '1.1.1' ],
5114 silly audit   '@radix-ui/react-id': [ '1.1.1', '1.0.0' ],
5114 silly audit   '@radix-ui/react-primitive': [ '2.1.3', '2.1.4', '1.0.0' ],
5114 silly audit   '@radix-ui/react-use-controllable-state': [ '1.2.2', '1.0.0' ],
5114 silly audit   '@radix-ui/react-use-callback-ref': [ '1.1.1', '1.0.0' ],
5114 silly audit   '@radix-ui/react-use-is-hydrated': [ '0.1.0' ],
5114 silly audit   '@radix-ui/react-use-layout-effect': [ '1.1.1', '1.0.0' ],
5114 silly audit   '@radix-ui/react-presence': [ '1.1.5', '1.0.0' ],
5114 silly audit   '@radix-ui/react-use-previous': [ '1.1.1' ],
5114 silly audit   '@radix-ui/react-use-size': [ '1.1.1' ],
5114 silly audit   '@radix-ui/react-menu': [ '2.1.16' ],
5114 silly audit   '@radix-ui/react-dismissable-layer': [ '1.1.11', '1.0.0' ],
5114 silly audit   '@radix-ui/react-focus-guards': [ '1.1.3', '1.0.0' ],
5114 silly audit   '@radix-ui/react-focus-scope': [ '1.1.7', '1.0.0' ],
5114 silly audit   '@radix-ui/react-portal': [ '1.1.9', '1.0.0' ],
5114 silly audit   '@radix-ui/react-use-escape-keydown': [ '1.1.1', '1.0.0' ],
5114 silly audit   '@radix-ui/react-popper': [ '1.2.8' ],
5114 silly audit   '@radix-ui/react-roving-focus': [ '1.1.11' ],
5114 silly audit   '@radix-ui/react-visually-hidden': [ '1.2.3' ],
5114 silly audit   '@floating-ui/react-dom': [ '2.1.8' ],
5114 silly audit   '@radix-ui/react-arrow': [ '1.1.7' ],
5114 silly audit   '@radix-ui/react-use-rect': [ '1.1.1' ],
5114 silly audit   '@radix-ui/rect': [ '1.1.1' ],
5114 silly audit   '@floating-ui/dom': [ '1.7.6' ],
5114 silly audit   '@floating-ui/core': [ '1.7.5' ],
5114 silly audit   '@floating-ui/utils': [ '0.2.11' ],
5114 silly audit   '@radix-ui/number': [ '1.1.1' ],
5114 silly audit   '@radix-ui/react-use-effect-event': [ '0.0.2' ],
5114 silly audit   'use-sync-external-store': [ '1.6.0' ],
5114 silly audit   '@swc/helpers': [ '0.5.21' ],
5114 silly audit   'react-aria': [ '3.48.0' ],
5114 silly audit   '@remix-run/node-fetch-server': [ '0.13.3' ],
5114 silly audit   arg: [ '5.0.2' ],
5114 silly audit   'babel-dead-code-elimination': [ '1.0.12' ],
5114 silly audit   chokidar: [ '4.0.3', '3.6.0' ],
5114 silly audit   dedent: [ '1.7.2' ],
5114 silly audit   'es-module-lexer': [ '1.7.0' ],
5114 silly audit   'exit-hook': [ '2.2.1' ],
5114 silly audit   lodash: [ '4.18.1' ],
5114 silly audit   'p-map': [ '7.0.4' ],
5114 silly audit   pathe: [ '1.1.2', '2.0.3' ],
5114 silly audit   'pkg-types': [ '2.3.1' ],
5114 silly audit   prettier: [ '3.8.3' ],
5114 silly audit   'react-refresh': [ '0.14.2' ],
5114 silly audit   tinyglobby: [ '0.2.16' ],
5114 silly audit   valibot: [ '1.4.0' ],
5114 silly audit   'vite-node': [ '3.2.4' ],
5114 silly audit   minimatch: [ '9.0.9', '3.1.5' ],
5114 silly audit   '@mjackson/node-fetch-server': [ '0.2.0' ],
5114 silly audit   '@react-router/express': [ '7.15.1' ],
5114 silly audit   compression: [ '1.8.1' ],
5114 silly audit   express: [ '4.22.2' ],
5114 silly audit   'get-port': [ '5.1.1' ],
5114 silly audit   morgan: [ '1.10.1' ],
5114 silly audit   'source-map-support': [ '0.5.21' ],
5114 silly audit   '@tailwindcss/node': [ '4.3.0' ],
5114 silly audit   '@tailwindcss/oxide': [ '4.3.0' ],
5114 silly audit   'enhanced-resolve': [ '5.21.6' ],
5114 silly audit   jiti: [ '2.7.0', '1.21.7' ],
5114 silly audit   lightningcss: [ '1.32.0' ],
5114 silly audit   'magic-string': [ '0.30.21' ],
5114 silly audit   'source-map-js': [ '1.2.1' ],
5114 silly audit   '@tailwindcss/oxide-android-arm64': [ '4.3.0' ],
5114 silly audit   '@tailwindcss/oxide-darwin-arm64': [ '4.3.0' ],
5114 silly audit   '@tailwindcss/oxide-darwin-x64': [ '4.3.0' ],
5114 silly audit   '@tailwindcss/oxide-freebsd-x64': [ '4.3.0' ],
5114 silly audit   '@tailwindcss/oxide-linux-arm-gnueabihf': [ '4.3.0' ],
5114 silly audit   '@tailwindcss/oxide-linux-arm64-gnu': [ '4.3.0' ],
5114 silly audit   '@tailwindcss/oxide-linux-arm64-musl': [ '4.3.0' ],
5114 silly audit   '@tailwindcss/oxide-linux-x64-gnu': [ '4.3.0' ],
5114 silly audit   '@tailwindcss/oxide-linux-x64-musl': [ '4.3.0' ],
5114 silly audit   '@tailwindcss/oxide-wasm32-wasi': [ '4.3.0' ],
5114 silly audit   '@tailwindcss/oxide-win32-arm64-msvc': [ '4.3.0' ],
5114 silly audit   '@tailwindcss/oxide-win32-x64-msvc': [ '4.3.0' ],
5114 silly audit   '@tanstack/query-core': [ '5.100.11' ],
5114 silly audit   '@tanstack/table-core': [ '8.21.3' ],
5114 silly audit   '@adobe/css-tools': [ '4.4.4' ],
5114 silly audit   'aria-query': [ '5.3.2' ],
5114 silly audit   'css.escape': [ '1.5.1' ],
5114 silly audit   'dom-accessibility-api': [ '0.6.3' ],
5114 silly audit   redent: [ '3.0.0' ],
5114 silly audit   '@types/babel__generator': [ '7.27.0' ],
5114 silly audit   '@types/babel__template': [ '7.4.4' ],
5114 silly audit   '@types/babel__traverse': [ '7.28.0' ],
5114 silly audit   '@types/lodash': [ '4.17.24' ],
5114 silly audit   '@types/braces': [ '3.0.5' ],
5114 silly audit   'undici-types': [ '6.21.0' ],
5114 silly audit   'pg-protocol': [ '1.14.0' ],
5114 silly audit   'pg-types': [ '4.1.0' ],
5114 silly audit   '@types/prop-types': [ '15.7.15' ],
5114 silly audit   '@types/google.maps': [ '3.64.1' ],
5114 silly audit   'fast-deep-equal': [ '3.1.3' ],
5114 silly audit   '@zag-js/dom-query': [ '0.16.0' ],
5114 silly audit   '@phc/format': [ '1.0.0' ],
5114 silly audit   'node-addon-api': [ '8.7.0' ],
5114 silly audit   'node-gyp-build': [ '4.8.4' ],
5114 silly audit   'caniuse-lite': [ '1.0.30001793' ],
5114 silly audit   'fraction.js': [ '5.3.4' ],
5114 silly audit   'postcss-value-parser': [ '4.2.0' ],
5114 silly audit   cosmiconfig: [ '7.1.0' ],
5114 silly audit   resolve: [ '1.22.12' ],
5114 silly audit   'baseline-browser-mapping': [ '2.10.31' ],
5114 silly audit   'electron-to-chromium': [ '1.5.360' ],
5114 silly audit   'node-releases': [ '2.0.45' ],
5114 silly audit   'update-browserslist-db': [ '1.2.3' ],
5114 silly audit   readdirp: [ '4.1.2', '3.6.0' ],
5114 silly audit   bytes: [ '3.1.2' ],
5114 silly audit   compressible: [ '2.0.18' ],
5114 silly audit   negotiator: [ '0.6.4', '0.6.3' ],
5114 silly audit   'on-headers': [ '1.1.0' ],
5114 silly audit   'safe-buffer': [ '5.2.1', '5.1.2' ],
5114 silly audit   vary: [ '1.1.2' ],
5114 silly audit   'mime-db': [ '1.54.0', '1.52.0' ],
5114 silly audit   'toggle-selection': [ '1.0.6' ],
5114 silly audit   '@types/parse-json': [ '4.0.2' ],
5114 silly audit   'import-fresh': [ '3.3.1' ],
5114 silly audit   'parse-json': [ '5.2.0' ],
5114 silly audit   'path-type': [ '4.0.0' ],
5114 silly audit   yaml: [ '1.10.3' ],
5114 silly audit   'tiny-invariant': [ '1.3.3' ],
5114 silly audit   ms: [ '2.1.3', '2.0.0' ],
5114 silly audit   'prop-types': [ '15.8.1' ],
5114 silly audit   'react-is': [ '18.3.1', '16.13.1', '17.0.2' ],
5114 silly audit   'embla-carousel': [ '8.0.0-rc15' ],
5114 silly audit   'embla-carousel-reactive-utils': [ '8.0.0-rc15' ],
5114 silly audit   'graceful-fs': [ '4.2.11' ],
5114 silly audit   tapable: [ '2.3.3' ],
5114 silly audit   accepts: [ '1.3.8' ],
5114 silly audit   'array-flatten': [ '1.1.1' ],
5114 silly audit   'body-parser': [ '1.20.5' ],
5114 silly audit   'content-disposition': [ '0.5.4' ],
5114 silly audit   'content-type': [ '1.0.5' ],
5114 silly audit   cookie: [ '0.7.2', '1.1.1' ],
5114 silly audit   'cookie-signature': [ '1.0.7' ],
5114 silly audit   depd: [ '2.0.0' ],
5114 silly audit   encodeurl: [ '2.0.0' ],
5114 silly audit   'escape-html': [ '1.0.3' ],
5114 silly audit   etag: [ '1.8.1' ],
5114 silly audit   finalhandler: [ '1.3.2' ],
5114 silly audit   fresh: [ '0.5.2' ],
5114 silly audit   'http-errors': [ '2.0.1' ],
5114 silly audit   'merge-descriptors': [ '1.0.3' ],
5114 silly audit   methods: [ '1.1.2' ],
5114 silly audit   'on-finished': [ '2.4.1', '2.3.0' ],
5114 silly audit   parseurl: [ '1.3.3' ],
5114 silly audit   'path-to-regexp': [ '0.1.13' ],
5114 silly audit   'proxy-addr': [ '2.0.7' ],
5114 silly audit   qs: [ '6.15.2' ],
5114 silly audit   'range-parser': [ '1.2.1' ],
5114 silly audit   send: [ '0.19.2' ],
5114 silly audit   'serve-static': [ '1.16.3' ],
5114 silly audit   setprototypeof: [ '1.2.0' ],
5114 silly audit   statuses: [ '2.0.2' ],
5114 silly audit   'type-is': [ '1.6.18' ],
5114 silly audit   'utils-merge': [ '1.0.1' ],
5114 silly audit   'mime-types': [ '2.1.35' ],
5114 silly audit   destroy: [ '1.2.0' ],
5114 silly audit   'iconv-lite': [ '0.4.24', '0.6.3' ],
5114 silly audit   'raw-body': [ '2.5.3' ],
5114 silly audit   unpipe: [ '1.0.0' ],
5114 silly audit   '@nodelib/fs.stat': [ '2.0.5' ],
5114 silly audit   '@nodelib/fs.walk': [ '1.2.8' ],
5114 silly audit   'glob-parent': [ '5.1.2', '6.0.2' ],
5114 silly audit   merge2: [ '1.4.1' ],
5114 silly audit   '@nodelib/fs.scandir': [ '2.1.5' ],
5114 silly audit   fastq: [ '1.20.1' ],
5114 silly audit   'run-parallel': [ '1.2.0' ],
5114 silly audit   reusify: [ '1.1.0' ],
5114 silly audit   'is-glob': [ '4.0.3' ],
5114 silly audit   inherits: [ '2.0.4' ],
5114 silly audit   toidentifier: [ '1.0.1' ],
5114 silly audit   'safer-buffer': [ '2.1.2' ],
5114 silly audit   'parent-module': [ '1.0.1' ],
5114 silly audit   'resolve-from': [ '4.0.0' ],
5114 silly audit   'is-extglob': [ '2.1.1' ],
5114 silly audit   cssstyle: [ '4.6.0' ],
5114 silly audit   'data-urls': [ '5.0.0' ],
5114 silly audit   'decimal.js': [ '10.6.0' ],
5114 silly audit   'html-encoding-sniffer': [ '4.0.0' ],
5114 silly audit   'http-proxy-agent': [ '7.0.2' ],
5114 silly audit   'https-proxy-agent': [ '7.0.6', '5.0.1' ],
5114 silly audit   'is-potential-custom-element-name': [ '1.0.1' ],
5114 silly audit   nwsapi: [ '2.2.23' ],
5114 silly audit   parse5: [ '7.3.0' ],
5114 silly audit   'rrweb-cssom': [ '0.8.0' ],
5114 silly audit   saxes: [ '6.0.0' ],
5114 silly audit   'symbol-tree': [ '3.2.4' ],
5114 silly audit   'tough-cookie': [ '5.1.2' ],
5114 silly audit   'w3c-xmlserializer': [ '5.0.0' ],
5114 silly audit   'webidl-conversions': [ '7.0.0', '3.0.1' ],
5114 silly audit   'whatwg-encoding': [ '3.1.1' ],
5114 silly audit   'whatwg-mimetype': [ '4.0.0' ],
5114 silly audit   'whatwg-url': [ '14.2.0', '5.0.0' ],
5114 silly audit   'xml-name-validator': [ '5.0.0' ],
5114 silly audit   '@asamuzakjp/css-color': [ '3.2.0' ],
5114 silly audit   '@csstools/css-calc': [ '2.1.4' ],
5114 silly audit   '@csstools/css-color-parser': [ '3.1.0' ],
5114 silly audit   '@csstools/css-parser-algorithms': [ '3.0.5' ],
5114 silly audit   '@csstools/css-tokenizer': [ '3.0.4' ],
5114 silly audit   '@csstools/color-helpers': [ '5.1.0' ],
5114 silly audit   'agent-base': [ '7.1.4', '6.0.2' ],
5114 silly audit   'detect-libc': [ '2.1.2' ],
5114 silly audit   'lightningcss-android-arm64': [ '1.32.0' ],
5114 silly audit   'lightningcss-darwin-arm64': [ '1.32.0' ],
5114 silly audit   'lightningcss-darwin-x64': [ '1.32.0' ],
5114 silly audit   'lightningcss-freebsd-x64': [ '1.32.0' ],
5114 silly audit   'lightningcss-linux-arm-gnueabihf': [ '1.32.0' ],
5114 silly audit   'lightningcss-linux-arm64-gnu': [ '1.32.0' ],
5114 silly audit   'lightningcss-linux-arm64-musl': [ '1.32.0' ],
5114 silly audit   'lightningcss-linux-x64-gnu': [ '1.32.0' ],
5114 silly audit   'lightningcss-linux-x64-musl': [ '1.32.0' ],
5114 silly audit   'lightningcss-win32-arm64-msvc': [ '1.32.0' ],
5114 silly audit   'lightningcss-win32-x64-msvc': [ '1.32.0' ],
5114 silly audit   yallist: [ '3.1.1', '4.0.0' ],
5114 silly audit   braces: [ '3.0.3' ],
5114 silly audit   picomatch: [ '2.3.2', '4.0.4' ],
5114 silly audit   'fill-range': [ '7.1.1' ],
5114 silly audit   'to-regex-range': [ '5.0.1' ],
5114 silly audit   'brace-expansion': [ '2.1.0', '1.1.14' ],
5114 silly audit   'balanced-match': [ '1.0.2' ],
5114 silly audit   'basic-auth': [ '2.0.1' ],
5114 silly audit   'framer-motion': [ '12.40.0' ],
5114 silly audit   'motion-dom': [ '12.40.0' ],
5114 silly audit   'motion-utils': [ '12.39.0' ],
5114 silly audit   'ee-first': [ '1.1.1' ],
5114 silly audit   callsites: [ '3.1.0' ],
5114 silly audit   'error-ex': [ '1.3.4' ],
5114 silly audit   'json-parse-even-better-errors': [ '2.3.1' ],
5114 silly audit   'lines-and-columns': [ '1.2.4' ],
5114 silly audit   'is-arrayish': [ '0.2.1' ],
5114 silly audit   entities: [ '6.0.1' ],
5114 silly audit   canvas: [ '2.11.2' ],
5114 silly audit   'path2d-polyfill': [ '2.0.1' ],
5114 silly audit   '@mapbox/node-pre-gyp': [ '1.0.11' ],
5114 silly audit   nan: [ '2.27.0' ],
5114 silly audit   'simple-get': [ '3.1.1' ],
5114 silly audit   'make-dir': [ '3.1.0' ],
5114 silly audit   'node-fetch': [ '2.7.0' ],
5114 silly audit   nopt: [ '5.0.0' ],
5114 silly audit   npmlog: [ '5.0.1' ],
5114 silly audit   rimraf: [ '3.0.2' ],
5114 silly audit   tar: [ '6.2.1' ],
5114 silly audit   abbrev: [ '1.1.1' ],
5114 silly audit   'are-we-there-yet': [ '2.0.0' ],
5114 silly audit   'console-control-strings': [ '1.1.0' ],
5114 silly audit   gauge: [ '3.0.2' ],
5114 silly audit   'set-blocking': [ '2.0.0' ],
5114 silly audit   delegates: [ '1.0.0' ],
5114 silly audit   'readable-stream': [ '3.6.2' ],
5114 silly audit   aproba: [ '2.1.0' ],
5114 silly audit   'color-support': [ '1.1.3' ],
5114 silly audit   'has-unicode': [ '2.0.1' ],
5114 silly audit   'object-assign': [ '4.1.1' ],
5114 silly audit   'signal-exit': [ '3.0.7' ],
5114 silly audit   'string-width': [ '4.2.3' ],
5114 silly audit   'strip-ansi': [ '6.0.1' ],
5114 silly audit   'wide-align': [ '1.1.5' ],
5114 silly audit   'pg-int8': [ '1.0.1' ],
5114 silly audit   'pg-numeric': [ '1.0.2' ],
5114 silly audit   'postgres-array': [ '3.0.4' ],
5114 silly audit   'postgres-bytea': [ '3.0.0' ],
5114 silly audit   'postgres-date': [ '2.1.0' ],
5114 silly audit   'postgres-interval': [ '3.0.0' ],
5114 silly audit   'postgres-range': [ '1.1.4' ],
5114 silly audit   confbox: [ '0.2.4' ],
5114 silly audit   exsolve: [ '1.0.8' ],
5114 silly audit   nanoid: [ '3.3.12' ],
5114 silly audit   obuf: [ '1.1.2' ],
5114 silly audit   'loose-envify': [ '1.4.0' ],
5114 silly audit   forwarded: [ '0.2.0' ],
5114 silly audit   'ipaddr.js': [ '1.9.1' ],
5114 silly audit   'side-channel': [ '1.1.0' ],
5114 silly audit   '@internationalized/date': [ '3.12.1' ],
5114 silly audit   '@internationalized/number': [ '3.6.6' ],
5114 silly audit   '@internationalized/string': [ '3.2.8' ],
5114 silly audit   '@react-types/shared': [ '3.34.0' ],
5114 silly audit   'react-stately': [ '3.46.0' ],
5114 silly audit   '@date-fns/tz': [ '1.5.0' ],
5114 silly audit   '@tabby_ai/hijri-converter': [ '1.0.5' ],
5114 silly audit   'date-fns-jalali': [ '4.1.0-0' ],
5114 silly audit   scheduler: [ '0.23.2' ],
5114 silly audit   'focus-lock': [ '1.3.6' ],
5114 silly audit   'react-clientside-effect': [ '1.2.8' ],
5114 silly audit   'use-callback-ref': [ '1.3.3' ],
5114 silly audit   'use-sidecar': [ '1.1.3' ],
5114 silly audit   '@types/hast': [ '2.3.10' ],
5114 silly audit   '@types/unist': [ '2.0.11', '3.0.3' ],
5114 silly audit   'comma-separated-tokens': [ '1.0.8' ],
5114 silly audit   'property-information': [ '5.6.0' ],
5114 silly audit   'remark-parse': [ '9.0.0', '11.0.0' ],
5114 silly audit   'remark-rehype': [ '8.1.0' ],
5114 silly audit   'space-separated-tokens': [ '1.1.5' ],
5114 silly audit   'style-to-object': [ '0.3.0' ],
5114 silly audit   unified: [ '9.2.2', '11.0.5' ],
5114 silly audit   'unist-util-visit': [ '2.0.3', '5.1.0' ],
5114 silly audit   vfile: [ '4.2.1', '6.0.3' ],
5114 silly audit   xtend: [ '4.0.2' ],
5114 silly audit   'react-remove-scroll-bar': [ '2.3.8' ],
5114 silly audit   'react-style-singleton': [ '2.2.3' ],
5114 silly audit   'set-cookie-parser': [ '2.7.2' ],
5114 silly audit   '@drizzle-team/brocli': [ '0.11.0' ],
5114 silly audit   '@hono/node-server': [ '1.19.14' ],
5114 silly audit   '@hono/node-ws': [ '1.3.0' ],
5114 silly audit   '@hono/vite-dev-server': [ '0.25.1' ],
5114 silly audit   'get-nonce': [ '1.0.1' ],
5114 silly audit   string_decoder: [ '1.3.0' ],
5114 silly audit   'util-deprecate': [ '1.0.2' ],
5114 silly audit   eventemitter3: [ '4.0.7' ],
5114 silly audit   'react-smooth': [ '4.0.4' ],
5114 silly audit   'recharts-scale': [ '0.4.5' ],
5114 silly audit   'victory-vendor': [ '36.9.2' ],
5114 silly audit   'fast-equals': [ '5.4.0' ],
5114 silly audit   'react-transition-group': [ '4.4.5' ],
5114 silly audit   'dom-helpers': [ '5.2.1' ],
5114 silly audit   'decimal.js-light': [ '2.5.1' ],
5114 silly audit   'indent-string': [ '4.0.0' ],
5114 silly audit   'strip-indent': [ '3.0.0' ],
5114 silly audit   '@types/mdast': [ '4.0.4', '3.0.15' ],
5114 silly audit   'mdast-util-gfm': [ '3.1.0' ],
5114 silly audit   'micromark-extension-gfm': [ '3.0.0' ],
5114 silly audit   'remark-stringify': [ '11.0.0' ],
5114 silly audit   'mdast-util-from-markdown': [ '2.0.3', '0.8.5' ],
5114 silly audit   'mdast-util-gfm-autolink-literal': [ '2.0.1' ],
5114 silly audit   'mdast-util-gfm-footnote': [ '2.1.0' ],
5114 silly audit   'mdast-util-gfm-strikethrough': [ '2.0.0' ],
5114 silly audit   'mdast-util-gfm-table': [ '2.0.0' ],
5114 silly audit   'mdast-util-gfm-task-list-item': [ '2.0.0' ],
5114 silly audit   'mdast-util-to-markdown': [ '2.1.2' ],
5114 silly audit   'decode-named-character-reference': [ '1.3.0' ],
5114 silly audit   devlop: [ '1.1.0' ],
5114 silly audit   'mdast-util-to-string': [ '4.0.0', '2.0.0' ],
5114 silly audit   micromark: [ '4.0.2', '2.11.4' ],
5114 silly audit   'micromark-util-decode-numeric-character-reference': [ '2.0.2' ],
5114 silly audit   'micromark-util-decode-string': [ '2.0.1' ],
5114 silly audit   'micromark-util-normalize-identifier': [ '2.0.1' ],
5114 silly audit   'micromark-util-symbol': [ '2.0.1' ],
5114 silly audit   'micromark-util-types': [ '2.0.2' ],
5114 silly audit   'unist-util-stringify-position': [ '4.0.0', '2.0.3' ],
5114 silly audit   'character-entities': [ '2.0.2', '1.2.4' ],
5114 silly audit   dequal: [ '2.0.3' ],
5114 silly audit   ccount: [ '2.0.1' ],
5114 silly audit   'mdast-util-find-and-replace': [ '3.0.2' ],
5114 silly audit   'micromark-util-character': [ '2.1.1' ],
5114 silly audit   'unist-util-is': [ '6.0.1', '4.1.0' ],
5114 silly audit   'unist-util-visit-parents': [ '6.0.2', '3.1.1' ],
5114 silly audit   'markdown-table': [ '3.0.4' ],
5114 silly audit   'longest-streak': [ '3.1.0' ],
5114 silly audit   'mdast-util-phrasing': [ '4.1.0' ],
5114 silly audit   'micromark-util-classify-character': [ '2.0.1' ],
5114 silly audit   zwitch: [ '2.0.4' ],
5114 silly audit   '@types/debug': [ '4.1.13' ],
5114 silly audit   'micromark-core-commonmark': [ '2.0.3' ],
5114 silly audit   'micromark-factory-space': [ '2.0.1' ],
5114 silly audit   'micromark-util-chunked': [ '2.0.1' ],
5114 silly audit   'micromark-util-combine-extensions': [ '2.0.1' ],
5114 silly audit   'micromark-util-encode': [ '2.0.1' ],
5114 silly audit   'micromark-util-resolve-all': [ '2.0.1' ],
5114 silly audit   'micromark-util-sanitize-uri': [ '2.0.1' ],
5114 silly audit   'micromark-util-subtokenize': [ '2.1.0' ],
5114 silly audit   '@types/ms': [ '2.1.0' ],
5114 silly audit   'micromark-factory-destination': [ '2.0.1' ],
5114 silly audit   'micromark-factory-label': [ '2.0.1' ],
5114 silly audit   'micromark-factory-title': [ '2.0.1' ],
5114 silly audit   'micromark-factory-whitespace': [ '2.0.1' ],
5114 silly audit   'micromark-util-html-tag-name': [ '2.0.1' ],
5114 silly audit   'micromark-extension-gfm-autolink-literal': [ '2.1.0' ],
5114 silly audit   'micromark-extension-gfm-footnote': [ '2.1.0' ],
5114 silly audit   'micromark-extension-gfm-strikethrough': [ '2.1.0' ],
5114 silly audit   'micromark-extension-gfm-table': [ '2.1.1' ],
5114 silly audit   'micromark-extension-gfm-tagfilter': [ '2.0.0' ],
5114 silly audit   'micromark-extension-gfm-task-list-item': [ '2.1.0' ],
5114 silly audit   'mdast-util-to-hast': [ '10.2.0' ],
5114 silly audit   'mdast-util-definitions': [ '4.0.0' ],
5114 silly audit   mdurl: [ '1.0.1' ],
5114 silly audit   'unist-builder': [ '2.0.3' ],
5114 silly audit   'unist-util-generated': [ '1.1.6' ],
5114 silly audit   'unist-util-position': [ '3.1.0' ],
5114 silly audit   'es-errors': [ '1.3.0' ],
5114 silly audit   'is-core-module': [ '2.16.2' ],
5114 silly audit   'path-parse': [ '1.0.7' ],
5114 silly audit   'supports-preserve-symlinks-flag': [ '1.0.0' ],
5114 silly audit   hasown: [ '2.0.3' ],
5114 silly audit   'function-bind': [ '1.1.2' ],
5114 silly audit   glob: [ '7.2.3' ],
5114 silly audit   'fs.realpath': [ '1.0.0' ],
5114 silly audit   inflight: [ '1.0.6' ],
5114 silly audit   once: [ '1.4.0' ],
5114 silly audit   'path-is-absolute': [ '1.0.1' ],
5114 silly audit   wrappy: [ '1.0.2' ],
5114 silly audit   'queue-microtask': [ '1.2.3' ],
5114 silly audit   xmlchars: [ '2.2.0' ],
5114 silly audit   mime: [ '1.6.0' ],
5114 silly audit   'type-fest': [ '4.41.0', '2.19.0' ],
5114 silly audit   'object-inspect': [ '1.13.4' ],
5114 silly audit   'side-channel-list': [ '1.0.1' ],
5114 silly audit   'side-channel-map': [ '1.0.1' ],
5114 silly audit   'side-channel-weakmap': [ '1.0.2' ],
5114 silly audit   'call-bound': [ '1.0.4' ],
5114 silly audit   'get-intrinsic': [ '1.3.0' ],
5114 silly audit   'call-bind-apply-helpers': [ '1.0.2' ],
5114 silly audit   'es-define-property': [ '1.0.1' ],
5114 silly audit   'es-object-atoms': [ '1.1.1' ],
5114 silly audit   'get-proto': [ '1.0.1' ],
5114 silly audit   gopd: [ '1.2.0' ],
5114 silly audit   'has-symbols': [ '1.1.0' ],
5114 silly audit   'math-intrinsics': [ '1.1.0' ],
5114 silly audit   'dunder-proto': [ '1.0.1' ],
5114 silly audit   'decompress-response': [ '4.2.1' ],
5114 silly audit   'simple-concat': [ '1.0.1' ],
5114 silly audit   'mimic-response': [ '2.1.0' ],
5114 silly audit   'buffer-from': [ '1.1.2' ],
5114 silly audit   'emoji-regex': [ '8.0.0' ],
5114 silly audit   'is-fullwidth-code-point': [ '3.0.0' ],
5114 silly audit   'ansi-regex': [ '5.0.1' ],
5114 silly audit   'min-indent': [ '1.0.1' ],
5114 silly audit   'inline-style-parser': [ '0.1.1' ],
5114 silly audit   'client-only': [ '0.0.1' ],
5114 silly audit   '@alloc/quick-lru': [ '5.2.0' ],
5114 silly audit   didyoumean: [ '1.2.2' ],
5114 silly audit   dlv: [ '1.1.3' ],
5114 silly audit   lilconfig: [ '3.1.3' ],
5114 silly audit   'normalize-path': [ '3.0.0' ],
5114 silly audit   'object-hash': [ '3.0.0' ],
5114 silly audit   'postcss-import': [ '15.1.0' ],
5114 silly audit   'postcss-js': [ '4.1.0' ],
5114 silly audit   'postcss-load-config': [ '6.0.1' ],
5114 silly audit   'postcss-nested': [ '6.2.0' ],
5114 silly audit   'postcss-selector-parser': [ '6.1.2' ],
5114 silly audit   sucrase: [ '3.35.1' ],
5114 silly audit   'read-cache': [ '1.0.0' ],
5114 silly audit   'camelcase-css': [ '2.0.1' ],
5114 silly audit   cssesc: [ '3.0.0' ],
5114 silly audit   pify: [ '2.3.0' ],
5114 silly audit   commander: [ '4.1.1' ],
5114 silly audit   mz: [ '2.7.0' ],
5114 silly audit   pirates: [ '4.0.7' ],
5114 silly audit   'ts-interface-checker': [ '0.1.13' ],
5114 silly audit   'any-promise': [ '1.3.0' ],
5114 silly audit   'thenify-all': [ '1.6.0' ],
5114 silly audit   chownr: [ '2.0.0' ],
5114 silly audit   'fs-minipass': [ '2.1.0' ],
5114 silly audit   minipass: [ '5.0.0', '3.3.6' ],
5114 silly audit   minizlib: [ '2.1.2' ],
5114 silly audit   mkdirp: [ '1.0.4' ],
5114 silly audit   thenify: [ '3.3.1' ],
5114 silly audit   fdir: [ '6.5.0' ],
5114 silly audit   'is-number': [ '7.0.0' ],
5114 silly audit   tldts: [ '6.1.86' ],
5114 silly audit   'tldts-core': [ '6.1.86' ],
5114 silly audit   'media-typer': [ '0.3.0' ],
5114 silly audit   bail: [ '1.0.5', '2.0.2' ],
5114 silly audit   extend: [ '3.0.2' ],
5114 silly audit   'is-buffer': [ '2.0.5' ],
5114 silly audit   'is-plain-obj': [ '2.1.0', '4.1.0' ],
5114 silly audit   trough: [ '1.0.5', '2.2.0' ],
5114 silly audit   escalade: [ '3.2.0' ],
5114 silly audit   'detect-node-es': [ '1.1.0' ],
5114 silly audit   'vfile-message': [ '2.0.4', '4.0.3' ],
5114 silly audit   '@types/d3-array': [ '3.2.2' ],
5114 silly audit   '@types/d3-ease': [ '3.0.2' ],
5114 silly audit   '@types/d3-interpolate': [ '3.0.4' ],
5114 silly audit   '@types/d3-scale': [ '4.0.9' ],
5114 silly audit   '@types/d3-shape': [ '3.1.8' ],
5114 silly audit   '@types/d3-time': [ '3.0.4' ],
5114 silly audit   '@types/d3-timer': [ '3.0.2' ],
5114 silly audit   'd3-array': [ '3.2.4' ],
5114 silly audit   'd3-ease': [ '3.0.1' ],
5114 silly audit   'd3-interpolate': [ '3.0.1' ],
5114 silly audit   'd3-scale': [ '4.0.2' ],
5114 silly audit   'd3-shape': [ '3.2.0' ],
5114 silly audit   'd3-time': [ '3.1.0' ],
5114 silly audit   'd3-timer': [ '3.0.1' ],
5114 silly audit   '@types/d3-color': [ '3.1.3' ],
5114 silly audit   '@types/d3-path': [ '3.1.1' ],
5114 silly audit   internmap: [ '2.0.3' ],
5114 silly audit   'd3-color': [ '3.1.0' ],
5114 silly audit   'd3-format': [ '3.1.2' ],
5114 silly audit   'd3-time-format': [ '4.1.0' ],
5114 silly audit   'd3-path': [ '3.1.0' ],
5114 silly audit   esbuild: [ '0.25.12' ],
5114 silly audit   fsevents: [ '2.3.3' ],
5114 silly audit   rollup: [ '4.60.4' ],
5114 silly audit   '@esbuild/aix-ppc64': [ '0.25.12' ],
5114 silly audit   '@esbuild/android-arm': [ '0.25.12' ],
5114 silly audit   '@esbuild/android-arm64': [ '0.25.12' ],
5114 silly audit   '@esbuild/android-x64': [ '0.25.12' ],
5114 silly audit   '@esbuild/darwin-arm64': [ '0.25.12' ],
5114 silly audit   '@esbuild/darwin-x64': [ '0.25.12' ],
5114 silly audit   '@esbuild/freebsd-arm64': [ '0.25.12' ],
5114 silly audit   '@esbuild/freebsd-x64': [ '0.25.12' ],
5114 silly audit   '@esbuild/linux-arm': [ '0.25.12' ],
5114 silly audit   '@esbuild/linux-arm64': [ '0.25.12' ],
5114 silly audit   '@esbuild/linux-ia32': [ '0.25.12' ],
5114 silly audit   '@esbuild/linux-loong64': [ '0.25.12' ],
5114 silly audit   '@esbuild/linux-mips64el': [ '0.25.12' ],
5114 silly audit   '@esbuild/linux-ppc64': [ '0.25.12' ],
5114 silly audit   '@esbuild/linux-riscv64': [ '0.25.12' ],
5114 silly audit   '@esbuild/linux-s390x': [ '0.25.12' ],
5114 silly audit   '@esbuild/linux-x64': [ '0.25.12' ],
5114 silly audit   '@esbuild/netbsd-arm64': [ '0.25.12' ],
5114 silly audit   '@esbuild/netbsd-x64': [ '0.25.12' ],
5114 silly audit   '@esbuild/openbsd-arm64': [ '0.25.12' ],
5114 silly audit   '@esbuild/openbsd-x64': [ '0.25.12' ],
5114 silly audit   '@esbuild/openharmony-arm64': [ '0.25.12' ],
5114 silly audit   '@esbuild/sunos-x64': [ '0.25.12' ],
5114 silly audit   '@esbuild/win32-arm64': [ '0.25.12' ],
5114 silly audit   '@esbuild/win32-ia32': [ '0.25.12' ],
5114 silly audit   '@esbuild/win32-x64': [ '0.25.12' ],
5114 silly audit   '@rollup/rollup-android-arm-eabi': [ '4.60.4' ],
5114 silly audit   '@rollup/rollup-android-arm64': [ '4.60.4' ],
5114 silly audit   '@rollup/rollup-darwin-arm64': [ '4.60.4' ],
5114 silly audit   '@rollup/rollup-darwin-x64': [ '4.60.4' ],
5114 silly audit   '@rollup/rollup-freebsd-arm64': [ '4.60.4' ],
5114 silly audit   '@rollup/rollup-freebsd-x64': [ '4.60.4' ],
5114 silly audit   '@rollup/rollup-linux-arm-gnueabihf': [ '4.60.4' ],
5114 silly audit   '@rollup/rollup-linux-arm-musleabihf': [ '4.60.4' ],
5114 silly audit   '@rollup/rollup-linux-arm64-gnu': [ '4.60.4' ],
5114 silly audit   '@rollup/rollup-linux-arm64-musl': [ '4.60.4' ],
5114 silly audit   '@rollup/rollup-linux-loong64-gnu': [ '4.60.4' ],
5114 silly audit   '@rollup/rollup-linux-loong64-musl': [ '4.60.4' ],
5114 silly audit   '@rollup/rollup-linux-ppc64-gnu': [ '4.60.4' ],
5114 silly audit   '@rollup/rollup-linux-ppc64-musl': [ '4.60.4' ],
5114 silly audit   '@rollup/rollup-linux-riscv64-gnu': [ '4.60.4' ],
5114 silly audit   '@rollup/rollup-linux-riscv64-musl': [ '4.60.4' ],
5114 silly audit   '@rollup/rollup-linux-s390x-gnu': [ '4.60.4' ],
5114 silly audit   '@rollup/rollup-linux-x64-gnu': [ '4.60.4' ],
5114 silly audit   '@rollup/rollup-linux-x64-musl': [ '4.60.4' ],
5114 silly audit   '@rollup/rollup-openbsd-x64': [ '4.60.4' ],
5114 silly audit   '@rollup/rollup-openharmony-arm64': [ '4.60.4' ],
5114 silly audit   '@rollup/rollup-win32-arm64-msvc': [ '4.60.4' ],
5114 silly audit   '@rollup/rollup-win32-ia32-msvc': [ '4.60.4' ],
5114 silly audit   '@rollup/rollup-win32-x64-gnu': [ '4.60.4' ],
5114 silly audit   '@rollup/rollup-win32-x64-msvc': [ '4.60.4' ],
5114 silly audit   '@types/estree': [ '1.0.8' ],
5114 silly audit   cac: [ '6.7.14' ],
5114 silly audit   globrex: [ '0.1.2' ],
5114 silly audit   tsconfck: [ '3.1.6' ],
5114 silly audit   '@types/chai': [ '5.2.3' ],
5114 silly audit   '@vitest/expect': [ '3.2.4' ],
5114 silly audit   '@vitest/mocker': [ '3.2.4' ],
5114 silly audit   '@vitest/pretty-format': [ '3.2.4' ],
5114 silly audit   '@vitest/runner': [ '3.2.4' ],
5114 silly audit   '@vitest/snapshot': [ '3.2.4' ],
5114 silly audit   '@vitest/spy': [ '3.2.4' ],
5114 silly audit   '@vitest/utils': [ '3.2.4' ],
5114 silly audit   chai: [ '5.3.3' ],
5114 silly audit   'expect-type': [ '1.3.0' ],
5114 silly audit   'std-env': [ '3.10.0' ],
5114 silly audit   tinybench: [ '2.9.0' ],
5114 silly audit   tinyexec: [ '0.3.2' ],
5114 silly audit   tinypool: [ '1.1.1' ],
5114 silly audit   tinyrainbow: [ '2.0.0' ],
5114 silly audit   'why-is-node-running': [ '2.3.0' ],
5114 silly audit   '@types/deep-eql': [ '4.0.2' ],
5114 silly audit   'assertion-error': [ '2.0.1' ],
5114 silly audit   'estree-walker': [ '3.0.3' ],
5114 silly audit   'strip-literal': [ '3.1.0' ],
5114 silly audit   tinyspy: [ '4.0.4' ],
5114 silly audit   loupe: [ '3.2.1' ],
5114 silly audit   'check-error': [ '2.1.3' ],
5114 silly audit   'deep-eql': [ '5.0.2' ],
5114 silly audit   pathval: [ '2.0.1' ],
5114 silly audit   tr46: [ '5.1.1', '0.0.3' ],
5114 silly audit   punycode: [ '2.3.1' ],
5114 silly audit   siginfo: [ '2.0.0' ],
5114 silly audit   stackback: [ '0.0.2' ],
5114 silly audit   'property-expr': [ '2.0.6' ],
5114 silly audit   'tiny-case': [ '1.0.3' ],
5114 silly audit   toposort: [ '2.0.2' ],
5114 silly audit   'concat-map': [ '0.0.1' ],
5114 silly audit   'parse-entities': [ '2.0.0' ],
5114 silly audit   'character-entities-legacy': [ '1.1.4' ],
5114 silly audit   'character-reference-invalid': [ '1.1.4' ],
5114 silly audit   'is-alphanumerical': [ '1.0.4' ],
5114 silly audit   'is-decimal': [ '1.0.4' ],
5114 silly audit   'is-hexadecimal': [ '1.0.4' ],
5114 silly audit   'is-alphabetical': [ '1.0.4' ],
5114 silly audit   anymatch: [ '3.1.3' ],
5114 silly audit   'is-binary-path': [ '2.1.0' ],
5114 silly audit   'binary-extensions': [ '2.3.0' ]
5114 silly audit }
5115 http cache is-binary-path@https://registry.npmjs.org/is-binary-path/-/is-binary-path-2.1.0.tgz 0ms (cache hit)
5116 http cache binary-extensions@https://registry.npmjs.org/binary-extensions/-/binary-extensions-2.3.0.tgz 0ms (cache hit)
5117 http cache anymatch@https://registry.npmjs.org/anymatch/-/anymatch-3.1.3.tgz 0ms (cache hit)
5118 http cache is-alphabetical@https://registry.npmjs.org/is-alphabetical/-/is-alphabetical-1.0.4.tgz 0ms (cache hit)
5119 http cache is-hexadecimal@https://registry.npmjs.org/is-hexadecimal/-/is-hexadecimal-1.0.4.tgz 0ms (cache hit)
5120 http cache is-decimal@https://registry.npmjs.org/is-decimal/-/is-decimal-1.0.4.tgz 0ms (cache hit)
5121 http cache is-alphanumerical@https://registry.npmjs.org/is-alphanumerical/-/is-alphanumerical-1.0.4.tgz 0ms (cache hit)
5122 http cache character-reference-invalid@https://registry.npmjs.org/character-reference-invalid/-/character-reference-invalid-1.1.4.tgz 0ms (cache hit)
5123 http cache character-entities-legacy@https://registry.npmjs.org/character-entities-legacy/-/character-entities-legacy-1.1.4.tgz 0ms (cache hit)
5124 http cache parse-entities@https://registry.npmjs.org/parse-entities/-/parse-entities-2.0.0.tgz 0ms (cache hit)
5125 http cache concat-map@https://registry.npmjs.org/concat-map/-/concat-map-0.0.1.tgz 0ms (cache hit)
5126 http cache toposort@https://registry.npmjs.org/toposort/-/toposort-2.0.2.tgz 0ms (cache hit)
5127 http cache tiny-case@https://registry.npmjs.org/tiny-case/-/tiny-case-1.0.3.tgz 0ms (cache hit)
5128 http cache property-expr@https://registry.npmjs.org/property-expr/-/property-expr-2.0.6.tgz 0ms (cache hit)
5129 http cache stackback@https://registry.npmjs.org/stackback/-/stackback-0.0.2.tgz 0ms (cache hit)
5130 http cache siginfo@https://registry.npmjs.org/siginfo/-/siginfo-2.0.0.tgz 0ms (cache hit)
5131 http cache punycode@https://registry.npmjs.org/punycode/-/punycode-2.3.1.tgz 0ms (cache hit)
5132 http cache pathval@https://registry.npmjs.org/pathval/-/pathval-2.0.1.tgz 0ms (cache hit)
5133 http cache deep-eql@https://registry.npmjs.org/deep-eql/-/deep-eql-5.0.2.tgz 1ms (cache hit)
5134 http cache check-error@https://registry.npmjs.org/check-error/-/check-error-2.1.3.tgz 0ms (cache hit)
5135 http cache loupe@https://registry.npmjs.org/loupe/-/loupe-3.2.1.tgz 0ms (cache hit)
5136 http cache tinyspy@https://registry.npmjs.org/tinyspy/-/tinyspy-4.0.4.tgz 0ms (cache hit)
5137 http cache strip-literal@https://registry.npmjs.org/strip-literal/-/strip-literal-3.1.0.tgz 0ms (cache hit)
5138 http cache estree-walker@https://registry.npmjs.org/estree-walker/-/estree-walker-3.0.3.tgz 0ms (cache hit)
5139 http cache assertion-error@https://registry.npmjs.org/assertion-error/-/assertion-error-2.0.1.tgz 0ms (cache hit)
5140 http cache @types/deep-eql@https://registry.npmjs.org/@types/deep-eql/-/deep-eql-4.0.2.tgz 0ms (cache hit)
5141 http cache why-is-node-running@https://registry.npmjs.org/why-is-node-running/-/why-is-node-running-2.3.0.tgz 0ms (cache hit)
5142 http cache tinyrainbow@https://registry.npmjs.org/tinyrainbow/-/tinyrainbow-2.0.0.tgz 0ms (cache hit)
5143 http cache tinypool@https://registry.npmjs.org/tinypool/-/tinypool-1.1.1.tgz 0ms (cache hit)
5144 http cache tinyexec@https://registry.npmjs.org/tinyexec/-/tinyexec-0.3.2.tgz 0ms (cache hit)
5145 http cache tinybench@https://registry.npmjs.org/tinybench/-/tinybench-2.9.0.tgz 0ms (cache hit)
5146 http cache std-env@https://registry.npmjs.org/std-env/-/std-env-3.10.0.tgz 0ms (cache hit)
5147 http cache expect-type@https://registry.npmjs.org/expect-type/-/expect-type-1.3.0.tgz 0ms (cache hit)
5148 http cache chai@https://registry.npmjs.org/chai/-/chai-5.3.3.tgz 0ms (cache hit)
5149 http cache @vitest/utils@https://registry.npmjs.org/@vitest/utils/-/utils-3.2.4.tgz 1ms (cache hit)
5150 http cache @vitest/spy@https://registry.npmjs.org/@vitest/spy/-/spy-3.2.4.tgz 0ms (cache hit)
5151 http cache @vitest/snapshot@https://registry.npmjs.org/@vitest/snapshot/-/snapshot-3.2.4.tgz 0ms (cache hit)
5152 http cache @vitest/runner@https://registry.npmjs.org/@vitest/runner/-/runner-3.2.4.tgz 0ms (cache hit)
5153 http cache @vitest/pretty-format@https://registry.npmjs.org/@vitest/pretty-format/-/pretty-format-3.2.4.tgz 0ms (cache hit)
5154 http cache @vitest/mocker@https://registry.npmjs.org/@vitest/mocker/-/mocker-3.2.4.tgz 0ms (cache hit)
5155 http cache @vitest/expect@https://registry.npmjs.org/@vitest/expect/-/expect-3.2.4.tgz 0ms (cache hit)
5156 http cache @types/chai@https://registry.npmjs.org/@types/chai/-/chai-5.2.3.tgz 0ms (cache hit)
5157 http cache tsconfck@https://registry.npmjs.org/tsconfck/-/tsconfck-3.1.6.tgz 0ms (cache hit)
5158 http cache globrex@https://registry.npmjs.org/globrex/-/globrex-0.1.2.tgz 0ms (cache hit)
5159 http cache cac@https://registry.npmjs.org/cac/-/cac-6.7.14.tgz 0ms (cache hit)
5160 http cache @types/estree@https://registry.npmjs.org/@types/estree/-/estree-1.0.8.tgz 0ms (cache hit)
5161 http cache @rollup/rollup-android-arm64@https://registry.npmjs.org/@rollup/rollup-android-arm64/-/rollup-android-arm64-4.60.4.tgz 0ms (cache hit)
5162 http cache @esbuild/android-arm64@https://registry.npmjs.org/@esbuild/android-arm64/-/android-arm64-0.25.12.tgz 0ms (cache hit)
5163 http cache rollup@https://registry.npmjs.org/rollup/-/rollup-4.60.4.tgz 0ms (cache hit)
5164 http cache esbuild@https://registry.npmjs.org/esbuild/-/esbuild-0.25.12.tgz 0ms (cache hit)
5165 http cache d3-path@https://registry.npmjs.org/d3-path/-/d3-path-3.1.0.tgz 0ms (cache hit)
5166 http cache d3-time-format@https://registry.npmjs.org/d3-time-format/-/d3-time-format-4.1.0.tgz 0ms (cache hit)
5167 http cache d3-format@https://registry.npmjs.org/d3-format/-/d3-format-3.1.2.tgz 0ms (cache hit)
5168 http cache d3-color@https://registry.npmjs.org/d3-color/-/d3-color-3.1.0.tgz 0ms (cache hit)
5169 http cache internmap@https://registry.npmjs.org/internmap/-/internmap-2.0.3.tgz 0ms (cache hit)
5170 http cache @types/d3-path@https://registry.npmjs.org/@types/d3-path/-/d3-path-3.1.1.tgz 0ms (cache hit)
5171 http cache @types/d3-color@https://registry.npmjs.org/@types/d3-color/-/d3-color-3.1.3.tgz 0ms (cache hit)
5172 http cache d3-timer@https://registry.npmjs.org/d3-timer/-/d3-timer-3.0.1.tgz 0ms (cache hit)
5173 http cache d3-time@https://registry.npmjs.org/d3-time/-/d3-time-3.1.0.tgz 0ms (cache hit)
5174 http cache d3-shape@https://registry.npmjs.org/d3-shape/-/d3-shape-3.2.0.tgz 0ms (cache hit)
5175 http cache d3-scale@https://registry.npmjs.org/d3-scale/-/d3-scale-4.0.2.tgz 0ms (cache hit)
5176 http cache d3-interpolate@https://registry.npmjs.org/d3-interpolate/-/d3-interpolate-3.0.1.tgz 0ms (cache hit)
5177 http cache d3-ease@https://registry.npmjs.org/d3-ease/-/d3-ease-3.0.1.tgz 0ms (cache hit)
5178 http cache d3-array@https://registry.npmjs.org/d3-array/-/d3-array-3.2.4.tgz 0ms (cache hit)
5179 http cache @types/d3-timer@https://registry.npmjs.org/@types/d3-timer/-/d3-timer-3.0.2.tgz 0ms (cache hit)
5180 http cache @types/d3-time@https://registry.npmjs.org/@types/d3-time/-/d3-time-3.0.4.tgz 0ms (cache hit)
5181 http cache @types/d3-interpolate@https://registry.npmjs.org/@types/d3-interpolate/-/d3-interpolate-3.0.4.tgz 0ms (cache hit)
5182 http cache @types/d3-ease@https://registry.npmjs.org/@types/d3-ease/-/d3-ease-3.0.2.tgz 0ms (cache hit)
5183 http cache @types/d3-array@https://registry.npmjs.org/@types/d3-array/-/d3-array-3.2.2.tgz 0ms (cache hit)
5184 http cache vfile-message@https://registry.npmjs.org/vfile-message/-/vfile-message-2.0.4.tgz 0ms (cache hit)
5185 http cache detect-node-es@https://registry.npmjs.org/detect-node-es/-/detect-node-es-1.1.0.tgz 0ms (cache hit)
5186 http cache escalade@https://registry.npmjs.org/escalade/-/escalade-3.2.0.tgz 0ms (cache hit)
5187 http cache @types/d3-shape@https://registry.npmjs.org/@types/d3-shape/-/d3-shape-3.1.8.tgz 0ms (cache hit)
5188 http cache trough@https://registry.npmjs.org/trough/-/trough-1.0.5.tgz 0ms (cache hit)
5189 http cache is-buffer@https://registry.npmjs.org/is-buffer/-/is-buffer-2.0.5.tgz 0ms (cache hit)
5190 http cache is-plain-obj@https://registry.npmjs.org/is-plain-obj/-/is-plain-obj-2.1.0.tgz 0ms (cache hit)
5191 http cache tr46@https://registry.npmjs.org/tr46/-/tr46-5.1.1.tgz 0ms (cache hit)
5192 http cache extend@https://registry.npmjs.org/extend/-/extend-3.0.2.tgz 0ms (cache hit)
5193 http cache tldts-core@https://registry.npmjs.org/tldts-core/-/tldts-core-6.1.86.tgz 0ms (cache hit)
5194 http cache bail@https://registry.npmjs.org/bail/-/bail-1.0.5.tgz 0ms (cache hit)
5195 http cache @types/d3-scale@https://registry.npmjs.org/@types/d3-scale/-/d3-scale-4.0.9.tgz 0ms (cache hit)
5196 http cache tldts@https://registry.npmjs.org/tldts/-/tldts-6.1.86.tgz 0ms (cache hit)
5197 http cache fdir@https://registry.npmjs.org/fdir/-/fdir-6.5.0.tgz 0ms (cache hit)
5198 http cache is-number@https://registry.npmjs.org/is-number/-/is-number-7.0.0.tgz 0ms (cache hit)
5199 http cache thenify@https://registry.npmjs.org/thenify/-/thenify-3.3.1.tgz 0ms (cache hit)
5200 http cache media-typer@https://registry.npmjs.org/media-typer/-/media-typer-0.3.0.tgz 0ms (cache hit)
5201 http cache mkdirp@https://registry.npmjs.org/mkdirp/-/mkdirp-1.0.4.tgz 0ms (cache hit)
5202 http cache minipass@https://registry.npmjs.org/minipass/-/minipass-5.0.0.tgz 0ms (cache hit)
5203 http cache chownr@https://registry.npmjs.org/chownr/-/chownr-2.0.0.tgz 0ms (cache hit)
5204 http cache minizlib@https://registry.npmjs.org/minizlib/-/minizlib-2.1.2.tgz 0ms (cache hit)
5205 http cache fs-minipass@https://registry.npmjs.org/fs-minipass/-/fs-minipass-2.1.0.tgz 0ms (cache hit)
5206 http cache thenify-all@https://registry.npmjs.org/thenify-all/-/thenify-all-1.6.0.tgz 0ms (cache hit)
5207 http cache any-promise@https://registry.npmjs.org/any-promise/-/any-promise-1.3.0.tgz 0ms (cache hit)
5208 http cache mz@https://registry.npmjs.org/mz/-/mz-2.7.0.tgz 0ms (cache hit)
5209 http cache pirates@https://registry.npmjs.org/pirates/-/pirates-4.0.7.tgz 0ms (cache hit)
5210 http cache ts-interface-checker@https://registry.npmjs.org/ts-interface-checker/-/ts-interface-checker-0.1.13.tgz 0ms (cache hit)
5211 http cache commander@https://registry.npmjs.org/commander/-/commander-4.1.1.tgz 0ms (cache hit)
5212 http cache pify@https://registry.npmjs.org/pify/-/pify-2.3.0.tgz 0ms (cache hit)
5213 http cache cssesc@https://registry.npmjs.org/cssesc/-/cssesc-3.0.0.tgz 0ms (cache hit)
5214 http cache camelcase-css@https://registry.npmjs.org/camelcase-css/-/camelcase-css-2.0.1.tgz 0ms (cache hit)
5215 http cache read-cache@https://registry.npmjs.org/read-cache/-/read-cache-1.0.0.tgz 0ms (cache hit)
5216 http cache sucrase@https://registry.npmjs.org/sucrase/-/sucrase-3.35.1.tgz 0ms (cache hit)
5217 http cache postcss-selector-parser@https://registry.npmjs.org/postcss-selector-parser/-/postcss-selector-parser-6.1.2.tgz 0ms (cache hit)
5218 http cache postcss-load-config@https://registry.npmjs.org/postcss-load-config/-/postcss-load-config-6.0.1.tgz 0ms (cache hit)
5219 http cache postcss-nested@https://registry.npmjs.org/postcss-nested/-/postcss-nested-6.2.0.tgz 0ms (cache hit)
5220 http cache postcss-js@https://registry.npmjs.org/postcss-js/-/postcss-js-4.1.0.tgz 0ms (cache hit)
5221 http cache postcss-import@https://registry.npmjs.org/postcss-import/-/postcss-import-15.1.0.tgz 0ms (cache hit)
5222 http cache object-hash@https://registry.npmjs.org/object-hash/-/object-hash-3.0.0.tgz 0ms (cache hit)
5223 http cache normalize-path@https://registry.npmjs.org/normalize-path/-/normalize-path-3.0.0.tgz 0ms (cache hit)
5224 http cache lilconfig@https://registry.npmjs.org/lilconfig/-/lilconfig-3.1.3.tgz 0ms (cache hit)
5225 http cache didyoumean@https://registry.npmjs.org/didyoumean/-/didyoumean-1.2.2.tgz 0ms (cache hit)
5226 http cache dlv@https://registry.npmjs.org/dlv/-/dlv-1.1.3.tgz 0ms (cache hit)
5227 http cache @alloc/quick-lru@https://registry.npmjs.org/@alloc/quick-lru/-/quick-lru-5.2.0.tgz 0ms (cache hit)
5228 http cache client-only@https://registry.npmjs.org/client-only/-/client-only-0.0.1.tgz 0ms (cache hit)
5229 http cache inline-style-parser@https://registry.npmjs.org/inline-style-parser/-/inline-style-parser-0.1.1.tgz 0ms (cache hit)
5230 http cache min-indent@https://registry.npmjs.org/min-indent/-/min-indent-1.0.1.tgz 0ms (cache hit)
5231 http cache ansi-regex@https://registry.npmjs.org/ansi-regex/-/ansi-regex-5.0.1.tgz 0ms (cache hit)
5232 http cache emoji-regex@https://registry.npmjs.org/emoji-regex/-/emoji-regex-8.0.0.tgz 0ms (cache hit)
5233 http cache buffer-from@https://registry.npmjs.org/buffer-from/-/buffer-from-1.1.2.tgz 0ms (cache hit)
5234 http cache is-fullwidth-code-point@https://registry.npmjs.org/is-fullwidth-code-point/-/is-fullwidth-code-point-3.0.0.tgz 0ms (cache hit)
5235 http cache mimic-response@https://registry.npmjs.org/mimic-response/-/mimic-response-2.1.0.tgz 0ms (cache hit)
5236 http cache simple-concat@https://registry.npmjs.org/simple-concat/-/simple-concat-1.0.1.tgz 0ms (cache hit)
5237 http cache decompress-response@https://registry.npmjs.org/decompress-response/-/decompress-response-4.2.1.tgz 0ms (cache hit)
5238 http cache dunder-proto@https://registry.npmjs.org/dunder-proto/-/dunder-proto-1.0.1.tgz 1ms (cache hit)
5239 http cache math-intrinsics@https://registry.npmjs.org/math-intrinsics/-/math-intrinsics-1.1.0.tgz 0ms (cache hit)
5240 http cache has-symbols@https://registry.npmjs.org/has-symbols/-/has-symbols-1.1.0.tgz 0ms (cache hit)
5241 http cache gopd@https://registry.npmjs.org/gopd/-/gopd-1.2.0.tgz 0ms (cache hit)
5242 http cache get-proto@https://registry.npmjs.org/get-proto/-/get-proto-1.0.1.tgz 0ms (cache hit)
5243 http cache es-define-property@https://registry.npmjs.org/es-define-property/-/es-define-property-1.0.1.tgz 0ms (cache hit)
5244 http cache es-object-atoms@https://registry.npmjs.org/es-object-atoms/-/es-object-atoms-1.1.1.tgz 0ms (cache hit)
5245 http cache call-bind-apply-helpers@https://registry.npmjs.org/call-bind-apply-helpers/-/call-bind-apply-helpers-1.0.2.tgz 0ms (cache hit)
5246 http cache get-intrinsic@https://registry.npmjs.org/get-intrinsic/-/get-intrinsic-1.3.0.tgz 0ms (cache hit)
5247 http cache call-bound@https://registry.npmjs.org/call-bound/-/call-bound-1.0.4.tgz 0ms (cache hit)
5248 http cache side-channel-weakmap@https://registry.npmjs.org/side-channel-weakmap/-/side-channel-weakmap-1.0.2.tgz 0ms (cache hit)
5249 http cache side-channel-map@https://registry.npmjs.org/side-channel-map/-/side-channel-map-1.0.1.tgz 0ms (cache hit)
5250 http cache side-channel-list@https://registry.npmjs.org/side-channel-list/-/side-channel-list-1.0.1.tgz 0ms (cache hit)
5251 http cache object-inspect@https://registry.npmjs.org/object-inspect/-/object-inspect-1.13.4.tgz 1ms (cache hit)
5252 http cache type-fest@https://registry.npmjs.org/type-fest/-/type-fest-4.41.0.tgz 0ms (cache hit)
5253 http cache mime@https://registry.npmjs.org/mime/-/mime-1.6.0.tgz 0ms (cache hit)
5254 http cache xmlchars@https://registry.npmjs.org/xmlchars/-/xmlchars-2.2.0.tgz 0ms (cache hit)
5255 http cache queue-microtask@https://registry.npmjs.org/queue-microtask/-/queue-microtask-1.2.3.tgz 0ms (cache hit)
5256 http cache wrappy@https://registry.npmjs.org/wrappy/-/wrappy-1.0.2.tgz 0ms (cache hit)
5257 http cache path-is-absolute@https://registry.npmjs.org/path-is-absolute/-/path-is-absolute-1.0.1.tgz 0ms (cache hit)
5258 http cache once@https://registry.npmjs.org/once/-/once-1.4.0.tgz 0ms (cache hit)
5259 http cache inflight@https://registry.npmjs.org/inflight/-/inflight-1.0.6.tgz 0ms (cache hit)
5260 http cache fs.realpath@https://registry.npmjs.org/fs.realpath/-/fs.realpath-1.0.0.tgz 0ms (cache hit)
5261 http cache glob@https://registry.npmjs.org/glob/-/glob-7.2.3.tgz 0ms (cache hit)
5262 http cache function-bind@https://registry.npmjs.org/function-bind/-/function-bind-1.1.2.tgz 0ms (cache hit)
5263 http cache hasown@https://registry.npmjs.org/hasown/-/hasown-2.0.3.tgz 0ms (cache hit)
5264 http cache supports-preserve-symlinks-flag@https://registry.npmjs.org/supports-preserve-symlinks-flag/-/supports-preserve-symlinks-flag-1.0.0.tgz 0ms (cache hit)
5265 http cache path-parse@https://registry.npmjs.org/path-parse/-/path-parse-1.0.7.tgz 0ms (cache hit)
5266 http cache is-core-module@https://registry.npmjs.org/is-core-module/-/is-core-module-2.16.2.tgz 0ms (cache hit)
5267 http cache es-errors@https://registry.npmjs.org/es-errors/-/es-errors-1.3.0.tgz 0ms (cache hit)
5268 http cache unist-util-position@https://registry.npmjs.org/unist-util-position/-/unist-util-position-3.1.0.tgz 0ms (cache hit)
5269 http cache unist-util-generated@https://registry.npmjs.org/unist-util-generated/-/unist-util-generated-1.1.6.tgz 0ms (cache hit)
5270 http cache unist-builder@https://registry.npmjs.org/unist-builder/-/unist-builder-2.0.3.tgz 0ms (cache hit)
5271 http cache mdurl@https://registry.npmjs.org/mdurl/-/mdurl-1.0.1.tgz 0ms (cache hit)
5272 http cache mdast-util-definitions@https://registry.npmjs.org/mdast-util-definitions/-/mdast-util-definitions-4.0.0.tgz 0ms (cache hit)
5273 http cache mdast-util-to-hast@https://registry.npmjs.org/mdast-util-to-hast/-/mdast-util-to-hast-10.2.0.tgz 0ms (cache hit)
5274 http cache micromark-extension-gfm-task-list-item@https://registry.npmjs.org/micromark-extension-gfm-task-list-item/-/micromark-extension-gfm-task-list-item-2.1.0.tgz 0ms (cache hit)
5275 http cache micromark-extension-gfm-tagfilter@https://registry.npmjs.org/micromark-extension-gfm-tagfilter/-/micromark-extension-gfm-tagfilter-2.0.0.tgz 0ms (cache hit)
5276 http cache micromark-extension-gfm-table@https://registry.npmjs.org/micromark-extension-gfm-table/-/micromark-extension-gfm-table-2.1.1.tgz 0ms (cache hit)
5277 http cache micromark-extension-gfm-strikethrough@https://registry.npmjs.org/micromark-extension-gfm-strikethrough/-/micromark-extension-gfm-strikethrough-2.1.0.tgz 0ms (cache hit)
5278 http cache micromark-extension-gfm-footnote@https://registry.npmjs.org/micromark-extension-gfm-footnote/-/micromark-extension-gfm-footnote-2.1.0.tgz 0ms (cache hit)
5279 http cache micromark-extension-gfm-autolink-literal@https://registry.npmjs.org/micromark-extension-gfm-autolink-literal/-/micromark-extension-gfm-autolink-literal-2.1.0.tgz 0ms (cache hit)
5280 http cache micromark-util-html-tag-name@https://registry.npmjs.org/micromark-util-html-tag-name/-/micromark-util-html-tag-name-2.0.1.tgz 0ms (cache hit)
5281 http cache micromark-factory-whitespace@https://registry.npmjs.org/micromark-factory-whitespace/-/micromark-factory-whitespace-2.0.1.tgz 0ms (cache hit)
5282 http cache micromark-factory-title@https://registry.npmjs.org/micromark-factory-title/-/micromark-factory-title-2.0.1.tgz 0ms (cache hit)
5283 http cache micromark-factory-label@https://registry.npmjs.org/micromark-factory-label/-/micromark-factory-label-2.0.1.tgz 0ms (cache hit)
5284 http cache micromark-factory-destination@https://registry.npmjs.org/micromark-factory-destination/-/micromark-factory-destination-2.0.1.tgz 0ms (cache hit)
5285 http cache @types/ms@https://registry.npmjs.org/@types/ms/-/ms-2.1.0.tgz 0ms (cache hit)
5286 http cache micromark-util-subtokenize@https://registry.npmjs.org/micromark-util-subtokenize/-/micromark-util-subtokenize-2.1.0.tgz 0ms (cache hit)
5287 http cache micromark-util-sanitize-uri@https://registry.npmjs.org/micromark-util-sanitize-uri/-/micromark-util-sanitize-uri-2.0.1.tgz 0ms (cache hit)
5288 http cache micromark-util-resolve-all@https://registry.npmjs.org/micromark-util-resolve-all/-/micromark-util-resolve-all-2.0.1.tgz 0ms (cache hit)
5289 http cache micromark-util-encode@https://registry.npmjs.org/micromark-util-encode/-/micromark-util-encode-2.0.1.tgz 0ms (cache hit)
5290 http cache micromark-util-combine-extensions@https://registry.npmjs.org/micromark-util-combine-extensions/-/micromark-util-combine-extensions-2.0.1.tgz 0ms (cache hit)
5291 http cache micromark-util-chunked@https://registry.npmjs.org/micromark-util-chunked/-/micromark-util-chunked-2.0.1.tgz 0ms (cache hit)
5292 http cache micromark-factory-space@https://registry.npmjs.org/micromark-factory-space/-/micromark-factory-space-2.0.1.tgz 1ms (cache hit)
5293 http cache micromark-core-commonmark@https://registry.npmjs.org/micromark-core-commonmark/-/micromark-core-commonmark-2.0.3.tgz 0ms (cache hit)
5294 http cache @types/debug@https://registry.npmjs.org/@types/debug/-/debug-4.1.13.tgz 0ms (cache hit)
5295 http cache zwitch@https://registry.npmjs.org/zwitch/-/zwitch-2.0.4.tgz 0ms (cache hit)
5296 http cache micromark-util-classify-character@https://registry.npmjs.org/micromark-util-classify-character/-/micromark-util-classify-character-2.0.1.tgz 0ms (cache hit)
5297 http cache mdast-util-phrasing@https://registry.npmjs.org/mdast-util-phrasing/-/mdast-util-phrasing-4.1.0.tgz 0ms (cache hit)
5298 http cache longest-streak@https://registry.npmjs.org/longest-streak/-/longest-streak-3.1.0.tgz 0ms (cache hit)
5299 http cache markdown-table@https://registry.npmjs.org/markdown-table/-/markdown-table-3.0.4.tgz 0ms (cache hit)
5300 http cache unist-util-visit-parents@https://registry.npmjs.org/unist-util-visit-parents/-/unist-util-visit-parents-6.0.2.tgz 0ms (cache hit)
5301 http cache unist-util-is@https://registry.npmjs.org/unist-util-is/-/unist-util-is-6.0.1.tgz 0ms (cache hit)
5302 http cache micromark-util-character@https://registry.npmjs.org/micromark-util-character/-/micromark-util-character-2.1.1.tgz 0ms (cache hit)
5303 http cache ccount@https://registry.npmjs.org/ccount/-/ccount-2.0.1.tgz 0ms (cache hit)
5304 http cache mdast-util-find-and-replace@https://registry.npmjs.org/mdast-util-find-and-replace/-/mdast-util-find-and-replace-3.0.2.tgz 0ms (cache hit)
5305 http cache dequal@https://registry.npmjs.org/dequal/-/dequal-2.0.3.tgz 0ms (cache hit)
5306 http cache character-entities@https://registry.npmjs.org/character-entities/-/character-entities-2.0.2.tgz 0ms (cache hit)
5307 http cache unist-util-stringify-position@https://registry.npmjs.org/unist-util-stringify-position/-/unist-util-stringify-position-4.0.0.tgz 0ms (cache hit)
5308 http cache micromark-util-types@https://registry.npmjs.org/micromark-util-types/-/micromark-util-types-2.0.2.tgz 0ms (cache hit)
5309 http cache micromark-util-symbol@https://registry.npmjs.org/micromark-util-symbol/-/micromark-util-symbol-2.0.1.tgz 0ms (cache hit)
5310 http cache micromark-util-normalize-identifier@https://registry.npmjs.org/micromark-util-normalize-identifier/-/micromark-util-normalize-identifier-2.0.1.tgz 0ms (cache hit)
5311 http cache micromark-util-decode-string@https://registry.npmjs.org/micromark-util-decode-string/-/micromark-util-decode-string-2.0.1.tgz 0ms (cache hit)
5312 http cache micromark-util-decode-numeric-character-reference@https://registry.npmjs.org/micromark-util-decode-numeric-character-reference/-/micromark-util-decode-numeric-character-reference-2.0.2.tgz 0ms (cache hit)
5313 http cache micromark@https://registry.npmjs.org/micromark/-/micromark-4.0.2.tgz 0ms (cache hit)
5314 http cache mdast-util-to-string@https://registry.npmjs.org/mdast-util-to-string/-/mdast-util-to-string-4.0.0.tgz 0ms (cache hit)
5315 http cache devlop@https://registry.npmjs.org/devlop/-/devlop-1.1.0.tgz 0ms (cache hit)
5316 http cache decode-named-character-reference@https://registry.npmjs.org/decode-named-character-reference/-/decode-named-character-reference-1.3.0.tgz 0ms (cache hit)
5317 http cache mdast-util-to-markdown@https://registry.npmjs.org/mdast-util-to-markdown/-/mdast-util-to-markdown-2.1.2.tgz 0ms (cache hit)
5318 http cache mdast-util-gfm-task-list-item@https://registry.npmjs.org/mdast-util-gfm-task-list-item/-/mdast-util-gfm-task-list-item-2.0.0.tgz 0ms (cache hit)
5319 http cache mdast-util-gfm-table@https://registry.npmjs.org/mdast-util-gfm-table/-/mdast-util-gfm-table-2.0.0.tgz 0ms (cache hit)
5320 http cache mdast-util-gfm-strikethrough@https://registry.npmjs.org/mdast-util-gfm-strikethrough/-/mdast-util-gfm-strikethrough-2.0.0.tgz 0ms (cache hit)
5321 http cache mdast-util-gfm-footnote@https://registry.npmjs.org/mdast-util-gfm-footnote/-/mdast-util-gfm-footnote-2.1.0.tgz 0ms (cache hit)
5322 http cache mdast-util-gfm-autolink-literal@https://registry.npmjs.org/mdast-util-gfm-autolink-literal/-/mdast-util-gfm-autolink-literal-2.0.1.tgz 0ms (cache hit)
5323 http cache mdast-util-from-markdown@https://registry.npmjs.org/mdast-util-from-markdown/-/mdast-util-from-markdown-2.0.3.tgz 0ms (cache hit)
5324 http cache remark-stringify@https://registry.npmjs.org/remark-stringify/-/remark-stringify-11.0.0.tgz 0ms (cache hit)
5325 http cache micromark-extension-gfm@https://registry.npmjs.org/micromark-extension-gfm/-/micromark-extension-gfm-3.0.0.tgz 0ms (cache hit)
5326 http cache mdast-util-gfm@https://registry.npmjs.org/mdast-util-gfm/-/mdast-util-gfm-3.1.0.tgz 0ms (cache hit)
5327 http cache @types/mdast@https://registry.npmjs.org/@types/mdast/-/mdast-4.0.4.tgz 0ms (cache hit)
5328 http cache strip-indent@https://registry.npmjs.org/strip-indent/-/strip-indent-3.0.0.tgz 0ms (cache hit)
5329 http cache indent-string@https://registry.npmjs.org/indent-string/-/indent-string-4.0.0.tgz 0ms (cache hit)
5330 http cache decimal.js-light@https://registry.npmjs.org/decimal.js-light/-/decimal.js-light-2.5.1.tgz 0ms (cache hit)
5331 http cache dom-helpers@https://registry.npmjs.org/dom-helpers/-/dom-helpers-5.2.1.tgz 0ms (cache hit)
5332 http cache react-transition-group@https://registry.npmjs.org/react-transition-group/-/react-transition-group-4.4.5.tgz 0ms (cache hit)
5333 http cache fast-equals@https://registry.npmjs.org/fast-equals/-/fast-equals-5.4.0.tgz 0ms (cache hit)
5334 http cache recharts-scale@https://registry.npmjs.org/recharts-scale/-/recharts-scale-0.4.5.tgz 0ms (cache hit)
5335 http cache victory-vendor@https://registry.npmjs.org/victory-vendor/-/victory-vendor-36.9.2.tgz 0ms (cache hit)
5336 http cache react-smooth@https://registry.npmjs.org/react-smooth/-/react-smooth-4.0.4.tgz 0ms (cache hit)
5337 http cache eventemitter3@https://registry.npmjs.org/eventemitter3/-/eventemitter3-4.0.7.tgz 0ms (cache hit)
5338 http cache util-deprecate@https://registry.npmjs.org/util-deprecate/-/util-deprecate-1.0.2.tgz 0ms (cache hit)
5339 http cache string_decoder@https://registry.npmjs.org/string_decoder/-/string_decoder-1.3.0.tgz 0ms (cache hit)
5340 http cache get-nonce@https://registry.npmjs.org/get-nonce/-/get-nonce-1.0.1.tgz 0ms (cache hit)
5341 http cache @hono/node-ws@https://registry.npmjs.org/@hono/node-ws/-/node-ws-1.3.0.tgz 0ms (cache hit)
5342 http cache @hono/vite-dev-server@https://registry.npmjs.org/@hono/vite-dev-server/-/vite-dev-server-0.25.1.tgz 0ms (cache hit)
5343 http cache @hono/node-server@https://registry.npmjs.org/@hono/node-server/-/node-server-1.19.14.tgz 0ms (cache hit)
5344 http cache set-cookie-parser@https://registry.npmjs.org/set-cookie-parser/-/set-cookie-parser-2.7.2.tgz 0ms (cache hit)
5345 http cache @drizzle-team/brocli@https://registry.npmjs.org/@drizzle-team/brocli/-/brocli-0.11.0.tgz 0ms (cache hit)
5346 http cache react-style-singleton@https://registry.npmjs.org/react-style-singleton/-/react-style-singleton-2.2.3.tgz 0ms (cache hit)
5347 http cache react-remove-scroll-bar@https://registry.npmjs.org/react-remove-scroll-bar/-/react-remove-scroll-bar-2.3.8.tgz 0ms (cache hit)
5348 http cache xtend@https://registry.npmjs.org/xtend/-/xtend-4.0.2.tgz 0ms (cache hit)
5349 http cache vfile@https://registry.npmjs.org/vfile/-/vfile-4.2.1.tgz 0ms (cache hit)
5350 http cache unist-util-visit@https://registry.npmjs.org/unist-util-visit/-/unist-util-visit-2.0.3.tgz 0ms (cache hit)
5351 http cache unified@https://registry.npmjs.org/unified/-/unified-9.2.2.tgz 0ms (cache hit)
5352 http cache style-to-object@https://registry.npmjs.org/style-to-object/-/style-to-object-0.3.0.tgz 0ms (cache hit)
5353 http cache space-separated-tokens@https://registry.npmjs.org/space-separated-tokens/-/space-separated-tokens-1.1.5.tgz 0ms (cache hit)
5354 http cache remark-rehype@https://registry.npmjs.org/remark-rehype/-/remark-rehype-8.1.0.tgz 0ms (cache hit)
5355 http cache remark-parse@https://registry.npmjs.org/remark-parse/-/remark-parse-9.0.0.tgz 0ms (cache hit)
5356 http cache property-information@https://registry.npmjs.org/property-information/-/property-information-5.6.0.tgz 0ms (cache hit)
5357 http cache comma-separated-tokens@https://registry.npmjs.org/comma-separated-tokens/-/comma-separated-tokens-1.0.8.tgz 0ms (cache hit)
5358 http cache @types/unist@https://registry.npmjs.org/@types/unist/-/unist-2.0.11.tgz 0ms (cache hit)
5359 http cache @types/hast@https://registry.npmjs.org/@types/hast/-/hast-2.3.10.tgz 0ms (cache hit)
5360 http cache use-sidecar@https://registry.npmjs.org/use-sidecar/-/use-sidecar-1.1.3.tgz 0ms (cache hit)
5361 http cache use-callback-ref@https://registry.npmjs.org/use-callback-ref/-/use-callback-ref-1.3.3.tgz 0ms (cache hit)
5362 http cache react-clientside-effect@https://registry.npmjs.org/react-clientside-effect/-/react-clientside-effect-1.2.8.tgz 0ms (cache hit)
5363 http cache focus-lock@https://registry.npmjs.org/focus-lock/-/focus-lock-1.3.6.tgz 0ms (cache hit)
5364 http cache scheduler@https://registry.npmjs.org/scheduler/-/scheduler-0.23.2.tgz 0ms (cache hit)
5365 http cache date-fns-jalali@https://registry.npmjs.org/date-fns-jalali/-/date-fns-jalali-4.1.0-0.tgz 0ms (cache hit)
5366 http cache @tabby_ai/hijri-converter@https://registry.npmjs.org/@tabby_ai/hijri-converter/-/hijri-converter-1.0.5.tgz 0ms (cache hit)
5367 http cache react-stately@https://registry.npmjs.org/react-stately/-/react-stately-3.46.0.tgz 1ms (cache hit)
5368 http cache @date-fns/tz@https://registry.npmjs.org/@date-fns/tz/-/tz-1.5.0.tgz 0ms (cache hit)
5369 http cache @react-types/shared@https://registry.npmjs.org/@react-types/shared/-/shared-3.34.0.tgz 0ms (cache hit)
5370 http cache @internationalized/string@https://registry.npmjs.org/@internationalized/string/-/string-3.2.8.tgz 0ms (cache hit)
5371 http cache @internationalized/number@https://registry.npmjs.org/@internationalized/number/-/number-3.6.6.tgz 0ms (cache hit)
5372 http cache @internationalized/date@https://registry.npmjs.org/@internationalized/date/-/date-3.12.1.tgz 0ms (cache hit)
5373 http cache side-channel@https://registry.npmjs.org/side-channel/-/side-channel-1.1.0.tgz 0ms (cache hit)
5374 http cache ipaddr.js@https://registry.npmjs.org/ipaddr.js/-/ipaddr.js-1.9.1.tgz 0ms (cache hit)
5375 http cache forwarded@https://registry.npmjs.org/forwarded/-/forwarded-0.2.0.tgz 0ms (cache hit)
5376 http cache loose-envify@https://registry.npmjs.org/loose-envify/-/loose-envify-1.4.0.tgz 0ms (cache hit)
5377 http cache obuf@https://registry.npmjs.org/obuf/-/obuf-1.1.2.tgz 0ms (cache hit)
5378 http cache nanoid@https://registry.npmjs.org/nanoid/-/nanoid-3.3.12.tgz 0ms (cache hit)
5379 http cache exsolve@https://registry.npmjs.org/exsolve/-/exsolve-1.0.8.tgz 0ms (cache hit)
5380 http cache confbox@https://registry.npmjs.org/confbox/-/confbox-0.2.4.tgz 0ms (cache hit)
5381 http cache postgres-range@https://registry.npmjs.org/postgres-range/-/postgres-range-1.1.4.tgz 0ms (cache hit)
5382 http cache postgres-interval@https://registry.npmjs.org/postgres-interval/-/postgres-interval-3.0.0.tgz 0ms (cache hit)
5383 http cache postgres-date@https://registry.npmjs.org/postgres-date/-/postgres-date-2.1.0.tgz 0ms (cache hit)
5384 http cache postgres-bytea@https://registry.npmjs.org/postgres-bytea/-/postgres-bytea-3.0.0.tgz 0ms (cache hit)
5385 http cache postgres-array@https://registry.npmjs.org/postgres-array/-/postgres-array-3.0.4.tgz 0ms (cache hit)
5386 http cache pg-numeric@https://registry.npmjs.org/pg-numeric/-/pg-numeric-1.0.2.tgz 0ms (cache hit)
5387 http cache pg-int8@https://registry.npmjs.org/pg-int8/-/pg-int8-1.0.1.tgz 0ms (cache hit)
5388 http cache wide-align@https://registry.npmjs.org/wide-align/-/wide-align-1.1.5.tgz 0ms (cache hit)
5389 http cache strip-ansi@https://registry.npmjs.org/strip-ansi/-/strip-ansi-6.0.1.tgz 0ms (cache hit)
5390 http cache string-width@https://registry.npmjs.org/string-width/-/string-width-4.2.3.tgz 0ms (cache hit)
5391 http cache signal-exit@https://registry.npmjs.org/signal-exit/-/signal-exit-3.0.7.tgz 0ms (cache hit)
5392 http cache has-unicode@https://registry.npmjs.org/has-unicode/-/has-unicode-2.0.1.tgz 0ms (cache hit)
5393 http cache object-assign@https://registry.npmjs.org/object-assign/-/object-assign-4.1.1.tgz 0ms (cache hit)
5394 http cache color-support@https://registry.npmjs.org/color-support/-/color-support-1.1.3.tgz 0ms (cache hit)
5395 http cache aproba@https://registry.npmjs.org/aproba/-/aproba-2.1.0.tgz 0ms (cache hit)
5396 http cache readable-stream@https://registry.npmjs.org/readable-stream/-/readable-stream-3.6.2.tgz 0ms (cache hit)
5397 http cache delegates@https://registry.npmjs.org/delegates/-/delegates-1.0.0.tgz 0ms (cache hit)
5398 http cache set-blocking@https://registry.npmjs.org/set-blocking/-/set-blocking-2.0.0.tgz 0ms (cache hit)
5399 http cache gauge@https://registry.npmjs.org/gauge/-/gauge-3.0.2.tgz 0ms (cache hit)
5400 http cache are-we-there-yet@https://registry.npmjs.org/are-we-there-yet/-/are-we-there-yet-2.0.0.tgz 0ms (cache hit)
5401 http cache console-control-strings@https://registry.npmjs.org/console-control-strings/-/console-control-strings-1.1.0.tgz 0ms (cache hit)
5402 http cache abbrev@https://registry.npmjs.org/abbrev/-/abbrev-1.1.1.tgz 0ms (cache hit)
5403 http cache rimraf@https://registry.npmjs.org/rimraf/-/rimraf-3.0.2.tgz 0ms (cache hit)
5404 http cache tar@https://registry.npmjs.org/tar/-/tar-6.2.1.tgz 0ms (cache hit)
5405 http cache npmlog@https://registry.npmjs.org/npmlog/-/npmlog-5.0.1.tgz 0ms (cache hit)
5406 http cache nopt@https://registry.npmjs.org/nopt/-/nopt-5.0.0.tgz 0ms (cache hit)
5407 http cache node-fetch@https://registry.npmjs.org/node-fetch/-/node-fetch-2.7.0.tgz 0ms (cache hit)
5408 http cache make-dir@https://registry.npmjs.org/make-dir/-/make-dir-3.1.0.tgz 0ms (cache hit)
5409 http cache simple-get@https://registry.npmjs.org/simple-get/-/simple-get-3.1.1.tgz 0ms (cache hit)
5410 http cache nan@https://registry.npmjs.org/nan/-/nan-2.27.0.tgz 0ms (cache hit)
5411 http cache @mapbox/node-pre-gyp@https://registry.npmjs.org/@mapbox/node-pre-gyp/-/node-pre-gyp-1.0.11.tgz 0ms (cache hit)
5412 http cache path2d-polyfill@https://registry.npmjs.org/path2d-polyfill/-/path2d-polyfill-2.0.1.tgz 0ms (cache hit)
5413 http cache canvas@https://registry.npmjs.org/canvas/-/canvas-2.11.2.tgz 0ms (cache hit)
5414 http cache entities@https://registry.npmjs.org/entities/-/entities-6.0.1.tgz 0ms (cache hit)
5415 http cache is-arrayish@https://registry.npmjs.org/is-arrayish/-/is-arrayish-0.2.1.tgz 0ms (cache hit)
5416 http cache lines-and-columns@https://registry.npmjs.org/lines-and-columns/-/lines-and-columns-1.2.4.tgz 0ms (cache hit)
5417 http cache json-parse-even-better-errors@https://registry.npmjs.org/json-parse-even-better-errors/-/json-parse-even-better-errors-2.3.1.tgz 0ms (cache hit)
5418 http cache error-ex@https://registry.npmjs.org/error-ex/-/error-ex-1.3.4.tgz 0ms (cache hit)
5419 http cache callsites@https://registry.npmjs.org/callsites/-/callsites-3.1.0.tgz 0ms (cache hit)
5420 http cache ee-first@https://registry.npmjs.org/ee-first/-/ee-first-1.1.1.tgz 0ms (cache hit)
5421 http cache motion-utils@https://registry.npmjs.org/motion-utils/-/motion-utils-12.39.0.tgz 0ms (cache hit)
5422 http cache motion-dom@https://registry.npmjs.org/motion-dom/-/motion-dom-12.40.0.tgz 0ms (cache hit)
5423 http cache framer-motion@https://registry.npmjs.org/framer-motion/-/framer-motion-12.40.0.tgz 0ms (cache hit)
5424 http cache basic-auth@https://registry.npmjs.org/basic-auth/-/basic-auth-2.0.1.tgz 0ms (cache hit)
5425 http cache balanced-match@https://registry.npmjs.org/balanced-match/-/balanced-match-1.0.2.tgz 0ms (cache hit)
5426 http cache brace-expansion@https://registry.npmjs.org/brace-expansion/-/brace-expansion-2.1.0.tgz 0ms (cache hit)
5427 http cache to-regex-range@https://registry.npmjs.org/to-regex-range/-/to-regex-range-5.0.1.tgz 0ms (cache hit)
5428 http cache fill-range@https://registry.npmjs.org/fill-range/-/fill-range-7.1.1.tgz 0ms (cache hit)
5429 http cache picomatch@https://registry.npmjs.org/picomatch/-/picomatch-2.3.2.tgz 0ms (cache hit)
5430 http cache braces@https://registry.npmjs.org/braces/-/braces-3.0.3.tgz 0ms (cache hit)
5431 http cache yallist@https://registry.npmjs.org/yallist/-/yallist-3.1.1.tgz 0ms (cache hit)
5432 http cache detect-libc@https://registry.npmjs.org/detect-libc/-/detect-libc-2.1.2.tgz 0ms (cache hit)
5433 http cache agent-base@https://registry.npmjs.org/agent-base/-/agent-base-7.1.4.tgz 0ms (cache hit)
5434 http cache @csstools/color-helpers@https://registry.npmjs.org/@csstools/color-helpers/-/color-helpers-5.1.0.tgz 0ms (cache hit)
5435 http cache @csstools/css-tokenizer@https://registry.npmjs.org/@csstools/css-tokenizer/-/css-tokenizer-3.0.4.tgz 0ms (cache hit)
5436 http cache @csstools/css-parser-algorithms@https://registry.npmjs.org/@csstools/css-parser-algorithms/-/css-parser-algorithms-3.0.5.tgz 0ms (cache hit)
5437 http cache @csstools/css-color-parser@https://registry.npmjs.org/@csstools/css-color-parser/-/css-color-parser-3.1.0.tgz 0ms (cache hit)
5438 http cache @csstools/css-calc@https://registry.npmjs.org/@csstools/css-calc/-/css-calc-2.1.4.tgz 0ms (cache hit)
5439 http cache xml-name-validator@https://registry.npmjs.org/xml-name-validator/-/xml-name-validator-5.0.0.tgz 0ms (cache hit)
5440 http cache whatwg-url@https://registry.npmjs.org/whatwg-url/-/whatwg-url-14.2.0.tgz 0ms (cache hit)
5441 http cache whatwg-mimetype@https://registry.npmjs.org/whatwg-mimetype/-/whatwg-mimetype-4.0.0.tgz 0ms (cache hit)
5442 http cache @asamuzakjp/css-color@https://registry.npmjs.org/@asamuzakjp/css-color/-/css-color-3.2.0.tgz 0ms (cache hit)
5443 http cache whatwg-encoding@https://registry.npmjs.org/whatwg-encoding/-/whatwg-encoding-3.1.1.tgz 0ms (cache hit)
5444 http cache lightningcss-android-arm64@https://registry.npmjs.org/lightningcss-android-arm64/-/lightningcss-android-arm64-1.32.0.tgz 0ms (cache hit)
5445 http cache webidl-conversions@https://registry.npmjs.org/webidl-conversions/-/webidl-conversions-7.0.0.tgz 0ms (cache hit)
5446 http cache tough-cookie@https://registry.npmjs.org/tough-cookie/-/tough-cookie-5.1.2.tgz 0ms (cache hit)
5447 http cache w3c-xmlserializer@https://registry.npmjs.org/w3c-xmlserializer/-/w3c-xmlserializer-5.0.0.tgz 0ms (cache hit)
5448 http cache symbol-tree@https://registry.npmjs.org/symbol-tree/-/symbol-tree-3.2.4.tgz 0ms (cache hit)
5449 http cache saxes@https://registry.npmjs.org/saxes/-/saxes-6.0.0.tgz 0ms (cache hit)
5450 http cache rrweb-cssom@https://registry.npmjs.org/rrweb-cssom/-/rrweb-cssom-0.8.0.tgz 0ms (cache hit)
5451 http cache parse5@https://registry.npmjs.org/parse5/-/parse5-7.3.0.tgz 0ms (cache hit)
5452 http cache is-potential-custom-element-name@https://registry.npmjs.org/is-potential-custom-element-name/-/is-potential-custom-element-name-1.0.1.tgz 0ms (cache hit)
5453 http cache nwsapi@https://registry.npmjs.org/nwsapi/-/nwsapi-2.2.23.tgz 0ms (cache hit)
5454 http cache https-proxy-agent@https://registry.npmjs.org/https-proxy-agent/-/https-proxy-agent-7.0.6.tgz 0ms (cache hit)
5455 http cache http-proxy-agent@https://registry.npmjs.org/http-proxy-agent/-/http-proxy-agent-7.0.2.tgz 0ms (cache hit)
5456 http cache html-encoding-sniffer@https://registry.npmjs.org/html-encoding-sniffer/-/html-encoding-sniffer-4.0.0.tgz 0ms (cache hit)
5457 http cache decimal.js@https://registry.npmjs.org/decimal.js/-/decimal.js-10.6.0.tgz 0ms (cache hit)
5458 http cache data-urls@https://registry.npmjs.org/data-urls/-/data-urls-5.0.0.tgz 0ms (cache hit)
5459 http cache cssstyle@https://registry.npmjs.org/cssstyle/-/cssstyle-4.6.0.tgz 0ms (cache hit)
5460 http cache is-extglob@https://registry.npmjs.org/is-extglob/-/is-extglob-2.1.1.tgz 0ms (cache hit)
5461 http cache resolve-from@https://registry.npmjs.org/resolve-from/-/resolve-from-4.0.0.tgz 0ms (cache hit)
5462 http cache parent-module@https://registry.npmjs.org/parent-module/-/parent-module-1.0.1.tgz 0ms (cache hit)
5463 http cache safer-buffer@https://registry.npmjs.org/safer-buffer/-/safer-buffer-2.1.2.tgz 0ms (cache hit)
5464 http cache toidentifier@https://registry.npmjs.org/toidentifier/-/toidentifier-1.0.1.tgz 0ms (cache hit)
5465 http cache inherits@https://registry.npmjs.org/inherits/-/inherits-2.0.4.tgz 0ms (cache hit)
5466 http cache is-glob@https://registry.npmjs.org/is-glob/-/is-glob-4.0.3.tgz 0ms (cache hit)
5467 http cache reusify@https://registry.npmjs.org/reusify/-/reusify-1.1.0.tgz 0ms (cache hit)
5468 http cache run-parallel@https://registry.npmjs.org/run-parallel/-/run-parallel-1.2.0.tgz 0ms (cache hit)
5469 http cache fastq@https://registry.npmjs.org/fastq/-/fastq-1.20.1.tgz 0ms (cache hit)
5470 http cache @nodelib/fs.scandir@https://registry.npmjs.org/@nodelib/fs.scandir/-/fs.scandir-2.1.5.tgz 0ms (cache hit)
5471 http cache merge2@https://registry.npmjs.org/merge2/-/merge2-1.4.1.tgz 0ms (cache hit)
5472 http cache glob-parent@https://registry.npmjs.org/glob-parent/-/glob-parent-5.1.2.tgz 0ms (cache hit)
5473 http cache @nodelib/fs.walk@https://registry.npmjs.org/@nodelib/fs.walk/-/fs.walk-1.2.8.tgz 0ms (cache hit)
5474 http cache unpipe@https://registry.npmjs.org/unpipe/-/unpipe-1.0.0.tgz 0ms (cache hit)
5475 http cache @nodelib/fs.stat@https://registry.npmjs.org/@nodelib/fs.stat/-/fs.stat-2.0.5.tgz 0ms (cache hit)
5476 http cache raw-body@https://registry.npmjs.org/raw-body/-/raw-body-2.5.3.tgz 0ms (cache hit)
5477 http cache iconv-lite@https://registry.npmjs.org/iconv-lite/-/iconv-lite-0.4.24.tgz 0ms (cache hit)
5478 http cache destroy@https://registry.npmjs.org/destroy/-/destroy-1.2.0.tgz 0ms (cache hit)
5479 http cache mime-types@https://registry.npmjs.org/mime-types/-/mime-types-2.1.35.tgz 0ms (cache hit)
5480 http cache utils-merge@https://registry.npmjs.org/utils-merge/-/utils-merge-1.0.1.tgz 0ms (cache hit)
5481 http cache type-is@https://registry.npmjs.org/type-is/-/type-is-1.6.18.tgz 0ms (cache hit)
5482 http cache statuses@https://registry.npmjs.org/statuses/-/statuses-2.0.2.tgz 0ms (cache hit)
5483 http cache setprototypeof@https://registry.npmjs.org/setprototypeof/-/setprototypeof-1.2.0.tgz 0ms (cache hit)
5484 http cache serve-static@https://registry.npmjs.org/serve-static/-/serve-static-1.16.3.tgz 0ms (cache hit)
5485 http cache range-parser@https://registry.npmjs.org/range-parser/-/range-parser-1.2.1.tgz 0ms (cache hit)
5486 http cache send@https://registry.npmjs.org/send/-/send-0.19.2.tgz 0ms (cache hit)
5487 http cache qs@https://registry.npmjs.org/qs/-/qs-6.15.2.tgz 0ms (cache hit)
5488 http cache proxy-addr@https://registry.npmjs.org/proxy-addr/-/proxy-addr-2.0.7.tgz 0ms (cache hit)
5489 http cache path-to-regexp@https://registry.npmjs.org/path-to-regexp/-/path-to-regexp-0.1.13.tgz 0ms (cache hit)
5490 http cache parseurl@https://registry.npmjs.org/parseurl/-/parseurl-1.3.3.tgz 0ms (cache hit)
5491 http cache on-finished@https://registry.npmjs.org/on-finished/-/on-finished-2.4.1.tgz 0ms (cache hit)
5492 http cache methods@https://registry.npmjs.org/methods/-/methods-1.1.2.tgz 0ms (cache hit)
5493 http cache merge-descriptors@https://registry.npmjs.org/merge-descriptors/-/merge-descriptors-1.0.3.tgz 0ms (cache hit)
5494 http cache http-errors@https://registry.npmjs.org/http-errors/-/http-errors-2.0.1.tgz 0ms (cache hit)
5495 http cache fresh@https://registry.npmjs.org/fresh/-/fresh-0.5.2.tgz 0ms (cache hit)
5496 http cache finalhandler@https://registry.npmjs.org/finalhandler/-/finalhandler-1.3.2.tgz 0ms (cache hit)
5497 http cache etag@https://registry.npmjs.org/etag/-/etag-1.8.1.tgz 0ms (cache hit)
5498 http cache escape-html@https://registry.npmjs.org/escape-html/-/escape-html-1.0.3.tgz 0ms (cache hit)
5499 http cache encodeurl@https://registry.npmjs.org/encodeurl/-/encodeurl-2.0.0.tgz 0ms (cache hit)
5500 http cache depd@https://registry.npmjs.org/depd/-/depd-2.0.0.tgz 0ms (cache hit)
5501 http cache cookie-signature@https://registry.npmjs.org/cookie-signature/-/cookie-signature-1.0.7.tgz 0ms (cache hit)
5502 http cache cookie@https://registry.npmjs.org/cookie/-/cookie-0.7.2.tgz 0ms (cache hit)
5503 http cache content-type@https://registry.npmjs.org/content-type/-/content-type-1.0.5.tgz 0ms (cache hit)
5504 http cache content-disposition@https://registry.npmjs.org/content-disposition/-/content-disposition-0.5.4.tgz 0ms (cache hit)
5505 http cache body-parser@https://registry.npmjs.org/body-parser/-/body-parser-1.20.5.tgz 0ms (cache hit)
5506 http cache array-flatten@https://registry.npmjs.org/array-flatten/-/array-flatten-1.1.1.tgz 0ms (cache hit)
5507 http cache accepts@https://registry.npmjs.org/accepts/-/accepts-1.3.8.tgz 1ms (cache hit)
5508 http cache tapable@https://registry.npmjs.org/tapable/-/tapable-2.3.3.tgz 0ms (cache hit)
5509 http cache graceful-fs@https://registry.npmjs.org/graceful-fs/-/graceful-fs-4.2.11.tgz 0ms (cache hit)
5510 http cache embla-carousel-reactive-utils@https://registry.npmjs.org/embla-carousel-reactive-utils/-/embla-carousel-reactive-utils-8.0.0-rc15.tgz 0ms (cache hit)
5511 http cache embla-carousel@https://registry.npmjs.org/embla-carousel/-/embla-carousel-8.0.0-rc15.tgz 0ms (cache hit)
5512 http cache react-is@https://registry.npmjs.org/react-is/-/react-is-18.3.1.tgz 0ms (cache hit)
5513 http cache prop-types@https://registry.npmjs.org/prop-types/-/prop-types-15.8.1.tgz 0ms (cache hit)
5514 http cache ms@https://registry.npmjs.org/ms/-/ms-2.1.3.tgz 0ms (cache hit)
5515 http cache tiny-invariant@https://registry.npmjs.org/tiny-invariant/-/tiny-invariant-1.3.3.tgz 0ms (cache hit)
5516 http cache yaml@https://registry.npmjs.org/yaml/-/yaml-1.10.3.tgz 0ms (cache hit)
5517 http cache path-type@https://registry.npmjs.org/path-type/-/path-type-4.0.0.tgz 0ms (cache hit)
5518 http cache parse-json@https://registry.npmjs.org/parse-json/-/parse-json-5.2.0.tgz 0ms (cache hit)
5519 http cache import-fresh@https://registry.npmjs.org/import-fresh/-/import-fresh-3.3.1.tgz 0ms (cache hit)
5520 http cache @types/parse-json@https://registry.npmjs.org/@types/parse-json/-/parse-json-4.0.2.tgz 0ms (cache hit)
5521 http cache mime-db@https://registry.npmjs.org/mime-db/-/mime-db-1.54.0.tgz 0ms (cache hit)
5522 http cache vary@https://registry.npmjs.org/vary/-/vary-1.1.2.tgz 0ms (cache hit)
5523 http cache toggle-selection@https://registry.npmjs.org/toggle-selection/-/toggle-selection-1.0.6.tgz 0ms (cache hit)
5524 http cache safe-buffer@https://registry.npmjs.org/safe-buffer/-/safe-buffer-5.2.1.tgz 0ms (cache hit)
5525 http cache on-headers@https://registry.npmjs.org/on-headers/-/on-headers-1.1.0.tgz 0ms (cache hit)
5526 http cache negotiator@https://registry.npmjs.org/negotiator/-/negotiator-0.6.4.tgz 0ms (cache hit)
5527 http cache bytes@https://registry.npmjs.org/bytes/-/bytes-3.1.2.tgz 0ms (cache hit)
5528 http cache compressible@https://registry.npmjs.org/compressible/-/compressible-2.0.18.tgz 0ms (cache hit)
5529 http cache readdirp@https://registry.npmjs.org/readdirp/-/readdirp-4.1.2.tgz 0ms (cache hit)
5530 http cache update-browserslist-db@https://registry.npmjs.org/update-browserslist-db/-/update-browserslist-db-1.2.3.tgz 0ms (cache hit)
5531 http cache node-releases@https://registry.npmjs.org/node-releases/-/node-releases-2.0.45.tgz 0ms (cache hit)
5532 http cache electron-to-chromium@https://registry.npmjs.org/electron-to-chromium/-/electron-to-chromium-1.5.360.tgz 0ms (cache hit)
5533 http cache baseline-browser-mapping@https://registry.npmjs.org/baseline-browser-mapping/-/baseline-browser-mapping-2.10.31.tgz 0ms (cache hit)
5534 http cache cosmiconfig@https://registry.npmjs.org/cosmiconfig/-/cosmiconfig-7.1.0.tgz 0ms (cache hit)
5535 http cache resolve@https://registry.npmjs.org/resolve/-/resolve-1.22.12.tgz 0ms (cache hit)
5536 http cache postcss-value-parser@https://registry.npmjs.org/postcss-value-parser/-/postcss-value-parser-4.2.0.tgz 0ms (cache hit)
5537 http cache fraction.js@https://registry.npmjs.org/fraction.js/-/fraction.js-5.3.4.tgz 0ms (cache hit)
5538 http cache caniuse-lite@https://registry.npmjs.org/caniuse-lite/-/caniuse-lite-1.0.30001793.tgz 0ms (cache hit)
5539 http cache node-gyp-build@https://registry.npmjs.org/node-gyp-build/-/node-gyp-build-4.8.4.tgz 0ms (cache hit)
5540 http cache node-addon-api@https://registry.npmjs.org/node-addon-api/-/node-addon-api-8.7.0.tgz 0ms (cache hit)
5541 http cache @phc/format@https://registry.npmjs.org/@phc/format/-/format-1.0.0.tgz 0ms (cache hit)
5542 http cache fast-deep-equal@https://registry.npmjs.org/fast-deep-equal/-/fast-deep-equal-3.1.3.tgz 0ms (cache hit)
5543 http cache @types/google.maps@https://registry.npmjs.org/@types/google.maps/-/google.maps-3.64.1.tgz 0ms (cache hit)
5544 http cache @zag-js/dom-query@https://registry.npmjs.org/@zag-js/dom-query/-/dom-query-0.16.0.tgz 0ms (cache hit)
5545 http cache @types/prop-types@https://registry.npmjs.org/@types/prop-types/-/prop-types-15.7.15.tgz 0ms (cache hit)
5546 http cache pg-types@https://registry.npmjs.org/pg-types/-/pg-types-4.1.0.tgz 0ms (cache hit)
5547 http cache pg-protocol@https://registry.npmjs.org/pg-protocol/-/pg-protocol-1.14.0.tgz 0ms (cache hit)
5548 http cache undici-types@https://registry.npmjs.org/undici-types/-/undici-types-6.21.0.tgz 0ms (cache hit)
5549 http cache @types/braces@https://registry.npmjs.org/@types/braces/-/braces-3.0.5.tgz 0ms (cache hit)
5550 http cache @types/lodash@https://registry.npmjs.org/@types/lodash/-/lodash-4.17.24.tgz 0ms (cache hit)
5551 http cache @types/babel__traverse@https://registry.npmjs.org/@types/babel__traverse/-/babel__traverse-7.28.0.tgz 0ms (cache hit)
5552 http cache @types/babel__template@https://registry.npmjs.org/@types/babel__template/-/babel__template-7.4.4.tgz 1ms (cache hit)
5553 http cache @types/babel__generator@https://registry.npmjs.org/@types/babel__generator/-/babel__generator-7.27.0.tgz 0ms (cache hit)
5554 http cache redent@https://registry.npmjs.org/redent/-/redent-3.0.0.tgz 0ms (cache hit)
5555 http cache dom-accessibility-api@https://registry.npmjs.org/dom-accessibility-api/-/dom-accessibility-api-0.6.3.tgz 0ms (cache hit)
5556 http cache css.escape@https://registry.npmjs.org/css.escape/-/css.escape-1.5.1.tgz 0ms (cache hit)
5557 http cache aria-query@https://registry.npmjs.org/aria-query/-/aria-query-5.3.2.tgz 0ms (cache hit)
5558 http cache @adobe/css-tools@https://registry.npmjs.org/@adobe/css-tools/-/css-tools-4.4.4.tgz 0ms (cache hit)
5559 http cache @tanstack/table-core@https://registry.npmjs.org/@tanstack/table-core/-/table-core-8.21.3.tgz 0ms (cache hit)
5560 http cache @tanstack/query-core@https://registry.npmjs.org/@tanstack/query-core/-/query-core-5.100.11.tgz 0ms (cache hit)
5561 http cache @tailwindcss/oxide-android-arm64@https://registry.npmjs.org/@tailwindcss/oxide-android-arm64/-/oxide-android-arm64-4.3.0.tgz 1ms (cache hit)
5562 http cache source-map-js@https://registry.npmjs.org/source-map-js/-/source-map-js-1.2.1.tgz 0ms (cache hit)
5563 http cache magic-string@https://registry.npmjs.org/magic-string/-/magic-string-0.30.21.tgz 0ms (cache hit)
5564 http cache lightningcss@https://registry.npmjs.org/lightningcss/-/lightningcss-1.32.0.tgz 0ms (cache hit)
5565 http cache @tailwindcss/oxide@https://registry.npmjs.org/@tailwindcss/oxide/-/oxide-4.3.0.tgz 0ms (cache hit)
5566 http cache enhanced-resolve@https://registry.npmjs.org/enhanced-resolve/-/enhanced-resolve-5.21.6.tgz 0ms (cache hit)
5567 http cache @tailwindcss/node@https://registry.npmjs.org/@tailwindcss/node/-/node-4.3.0.tgz 0ms (cache hit)
5568 http cache source-map-support@https://registry.npmjs.org/source-map-support/-/source-map-support-0.5.21.tgz 0ms (cache hit)
5569 http cache morgan@https://registry.npmjs.org/morgan/-/morgan-1.10.1.tgz 0ms (cache hit)
5570 http cache get-port@https://registry.npmjs.org/get-port/-/get-port-5.1.1.tgz 0ms (cache hit)
5571 http cache jiti@https://registry.npmjs.org/jiti/-/jiti-2.7.0.tgz 0ms (cache hit)
5572 http cache express@https://registry.npmjs.org/express/-/express-4.22.2.tgz 0ms (cache hit)
5573 http cache compression@https://registry.npmjs.org/compression/-/compression-1.8.1.tgz 0ms (cache hit)
5574 http cache @react-router/express@https://registry.npmjs.org/@react-router/express/-/express-7.15.1.tgz 0ms (cache hit)
5575 http cache minimatch@https://registry.npmjs.org/minimatch/-/minimatch-9.0.9.tgz 0ms (cache hit)
5576 http cache @mjackson/node-fetch-server@https://registry.npmjs.org/@mjackson/node-fetch-server/-/node-fetch-server-0.2.0.tgz 0ms (cache hit)
5577 http cache vite-node@https://registry.npmjs.org/vite-node/-/vite-node-3.2.4.tgz 0ms (cache hit)
5578 http cache valibot@https://registry.npmjs.org/valibot/-/valibot-1.4.0.tgz 0ms (cache hit)
5579 http cache tinyglobby@https://registry.npmjs.org/tinyglobby/-/tinyglobby-0.2.16.tgz 0ms (cache hit)
5580 http cache react-refresh@https://registry.npmjs.org/react-refresh/-/react-refresh-0.14.2.tgz 0ms (cache hit)
5581 http cache pkg-types@https://registry.npmjs.org/pkg-types/-/pkg-types-2.3.1.tgz 0ms (cache hit)
5582 http cache prettier@https://registry.npmjs.org/prettier/-/prettier-3.8.3.tgz 0ms (cache hit)
5583 http cache pathe@https://registry.npmjs.org/pathe/-/pathe-1.1.2.tgz 0ms (cache hit)
5584 http cache lodash@https://registry.npmjs.org/lodash/-/lodash-4.18.1.tgz 0ms (cache hit)
5585 http cache p-map@https://registry.npmjs.org/p-map/-/p-map-7.0.4.tgz 0ms (cache hit)
5586 http cache exit-hook@https://registry.npmjs.org/exit-hook/-/exit-hook-2.2.1.tgz 0ms (cache hit)
5587 http cache es-module-lexer@https://registry.npmjs.org/es-module-lexer/-/es-module-lexer-1.7.0.tgz 0ms (cache hit)
5588 http cache dedent@https://registry.npmjs.org/dedent/-/dedent-1.7.2.tgz 0ms (cache hit)
5589 http cache chokidar@https://registry.npmjs.org/chokidar/-/chokidar-4.0.3.tgz 0ms (cache hit)
5590 http cache babel-dead-code-elimination@https://registry.npmjs.org/babel-dead-code-elimination/-/babel-dead-code-elimination-1.0.12.tgz 0ms (cache hit)
5591 http cache arg@https://registry.npmjs.org/arg/-/arg-5.0.2.tgz 0ms (cache hit)
5592 http cache @remix-run/node-fetch-server@https://registry.npmjs.org/@remix-run/node-fetch-server/-/node-fetch-server-0.13.3.tgz 0ms (cache hit)
5593 http cache react-aria@https://registry.npmjs.org/react-aria/-/react-aria-3.48.0.tgz 0ms (cache hit)
5594 http cache use-sync-external-store@https://registry.npmjs.org/use-sync-external-store/-/use-sync-external-store-1.6.0.tgz 0ms (cache hit)
5595 http cache @swc/helpers@https://registry.npmjs.org/@swc/helpers/-/helpers-0.5.21.tgz 0ms (cache hit)
5596 http cache @radix-ui/react-use-effect-event@https://registry.npmjs.org/@radix-ui/react-use-effect-event/-/react-use-effect-event-0.0.2.tgz 0ms (cache hit)
5597 http cache @radix-ui/number@https://registry.npmjs.org/@radix-ui/number/-/number-1.1.1.tgz 0ms (cache hit)
5598 http cache @floating-ui/utils@https://registry.npmjs.org/@floating-ui/utils/-/utils-0.2.11.tgz 0ms (cache hit)
5599 http cache @floating-ui/core@https://registry.npmjs.org/@floating-ui/core/-/core-1.7.5.tgz 0ms (cache hit)
5600 http cache @floating-ui/dom@https://registry.npmjs.org/@floating-ui/dom/-/dom-1.7.6.tgz 0ms (cache hit)
5601 http cache @radix-ui/rect@https://registry.npmjs.org/@radix-ui/rect/-/rect-1.1.1.tgz 0ms (cache hit)
5602 http cache @radix-ui/react-use-rect@https://registry.npmjs.org/@radix-ui/react-use-rect/-/react-use-rect-1.1.1.tgz 0ms (cache hit)
5603 http cache @radix-ui/react-arrow@https://registry.npmjs.org/@radix-ui/react-arrow/-/react-arrow-1.1.7.tgz 0ms (cache hit)
5604 http cache @floating-ui/react-dom@https://registry.npmjs.org/@floating-ui/react-dom/-/react-dom-2.1.8.tgz 0ms (cache hit)
5605 http cache @radix-ui/react-roving-focus@https://registry.npmjs.org/@radix-ui/react-roving-focus/-/react-roving-focus-1.1.11.tgz 0ms (cache hit)
5606 http cache @radix-ui/react-visually-hidden@https://registry.npmjs.org/@radix-ui/react-visually-hidden/-/react-visually-hidden-1.2.3.tgz 0ms (cache hit)
5607 http cache @radix-ui/react-popper@https://registry.npmjs.org/@radix-ui/react-popper/-/react-popper-1.2.8.tgz 0ms (cache hit)
5608 http cache @radix-ui/react-use-escape-keydown@https://registry.npmjs.org/@radix-ui/react-use-escape-keydown/-/react-use-escape-keydown-1.1.1.tgz 0ms (cache hit)
5609 http cache @radix-ui/react-portal@https://registry.npmjs.org/@radix-ui/react-portal/-/react-portal-1.1.9.tgz 0ms (cache hit)
5610 http cache @radix-ui/react-focus-scope@https://registry.npmjs.org/@radix-ui/react-focus-scope/-/react-focus-scope-1.1.7.tgz 0ms (cache hit)
5611 http cache @radix-ui/react-focus-guards@https://registry.npmjs.org/@radix-ui/react-focus-guards/-/react-focus-guards-1.1.3.tgz 0ms (cache hit)
5612 http cache @radix-ui/react-dismissable-layer@https://registry.npmjs.org/@radix-ui/react-dismissable-layer/-/react-dismissable-layer-1.1.11.tgz 0ms (cache hit)
5613 http cache @radix-ui/react-menu@https://registry.npmjs.org/@radix-ui/react-menu/-/react-menu-2.1.16.tgz 0ms (cache hit)
5614 http cache @radix-ui/react-use-size@https://registry.npmjs.org/@radix-ui/react-use-size/-/react-use-size-1.1.1.tgz 0ms (cache hit)
5615 http cache @radix-ui/react-use-previous@https://registry.npmjs.org/@radix-ui/react-use-previous/-/react-use-previous-1.1.1.tgz 0ms (cache hit)
5616 http cache @radix-ui/react-presence@https://registry.npmjs.org/@radix-ui/react-presence/-/react-presence-1.1.5.tgz 0ms (cache hit)
5617 http cache @radix-ui/react-use-is-hydrated@https://registry.npmjs.org/@radix-ui/react-use-is-hydrated/-/react-use-is-hydrated-0.1.0.tgz 0ms (cache hit)
5618 http cache @radix-ui/react-use-layout-effect@https://registry.npmjs.org/@radix-ui/react-use-layout-effect/-/react-use-layout-effect-1.1.1.tgz 1ms (cache hit)
5619 http cache @radix-ui/react-use-callback-ref@https://registry.npmjs.org/@radix-ui/react-use-callback-ref/-/react-use-callback-ref-1.1.1.tgz 0ms (cache hit)
5620 http cache @radix-ui/react-use-controllable-state@https://registry.npmjs.org/@radix-ui/react-use-controllable-state/-/react-use-controllable-state-1.2.2.tgz 0ms (cache hit)
5621 http cache @radix-ui/react-primitive@https://registry.npmjs.org/@radix-ui/react-primitive/-/react-primitive-2.1.3.tgz 0ms (cache hit)
5622 http cache @radix-ui/react-id@https://registry.npmjs.org/@radix-ui/react-id/-/react-id-1.1.1.tgz 0ms (cache hit)
5623 http cache @radix-ui/react-context@https://registry.npmjs.org/@radix-ui/react-context/-/react-context-1.1.2.tgz 0ms (cache hit)
5624 http cache @radix-ui/react-direction@https://registry.npmjs.org/@radix-ui/react-direction/-/react-direction-1.1.1.tgz 0ms (cache hit)
5625 http cache @radix-ui/react-compose-refs@https://registry.npmjs.org/@radix-ui/react-compose-refs/-/react-compose-refs-1.1.2.tgz 0ms (cache hit)
5626 http cache @radix-ui/react-collection@https://registry.npmjs.org/@radix-ui/react-collection/-/react-collection-1.1.7.tgz 0ms (cache hit)
5627 http cache @radix-ui/primitive@https://registry.npmjs.org/@radix-ui/primitive/-/primitive-1.1.3.tgz 0ms (cache hit)
5628 http cache @types/pg@https://registry.npmjs.org/@types/pg/-/pg-8.11.6.tgz 0ms (cache hit)
5629 http cache undefined@https://registry.npmjs.org/undefined/-/undefined-0.1.0.tgz 0ms (cache hit)
5630 http cache next-themes@https://registry.npmjs.org/next-themes/-/next-themes-0.3.0.tgz 0ms (cache hit)
5631 http cache input-otp@https://registry.npmjs.org/input-otp/-/input-otp-1.4.2.tgz 0ms (cache hit)
5632 http cache embla-carousel-react@https://registry.npmjs.org/embla-carousel-react/-/embla-carousel-react-8.0.0-rc15.tgz 0ms (cache hit)
5633 http cache clsx@https://registry.npmjs.org/clsx/-/clsx-2.1.1.tgz 0ms (cache hit)
5634 http cache class-variance-authority@https://registry.npmjs.org/class-variance-authority/-/class-variance-authority-0.7.1.tgz 0ms (cache hit)
5635 http cache @radix-ui/react-tooltip@https://registry.npmjs.org/@radix-ui/react-tooltip/-/react-tooltip-1.2.8.tgz 0ms (cache hit)
5636 http cache @radix-ui/react-toggle-group@https://registry.npmjs.org/@radix-ui/react-toggle-group/-/react-toggle-group-1.1.11.tgz 0ms (cache hit)
5637 http cache @radix-ui/react-toggle@https://registry.npmjs.org/@radix-ui/react-toggle/-/react-toggle-1.1.10.tgz 0ms (cache hit)
5638 http cache @radix-ui/react-toast@https://registry.npmjs.org/@radix-ui/react-toast/-/react-toast-1.2.15.tgz 0ms (cache hit)
5639 http cache @radix-ui/react-tabs@https://registry.npmjs.org/@radix-ui/react-tabs/-/react-tabs-1.1.13.tgz 0ms (cache hit)
5640 http cache @radix-ui/react-switch@https://registry.npmjs.org/@radix-ui/react-switch/-/react-switch-1.2.6.tgz 0ms (cache hit)
5641 http cache @radix-ui/react-slot@https://registry.npmjs.org/@radix-ui/react-slot/-/react-slot-1.2.4.tgz 0ms (cache hit)
5642 http cache @radix-ui/react-slider@https://registry.npmjs.org/@radix-ui/react-slider/-/react-slider-1.3.6.tgz 0ms (cache hit)
5643 http cache @radix-ui/react-separator@https://registry.npmjs.org/@radix-ui/react-separator/-/react-separator-1.1.8.tgz 0ms (cache hit)
5644 http cache @radix-ui/react-select@https://registry.npmjs.org/@radix-ui/react-select/-/react-select-2.2.6.tgz 0ms (cache hit)
5645 http cache @radix-ui/react-scroll-area@https://registry.npmjs.org/@radix-ui/react-scroll-area/-/react-scroll-area-1.2.10.tgz 0ms (cache hit)
5646 http cache @radix-ui/react-radio-group@https://registry.npmjs.org/@radix-ui/react-radio-group/-/react-radio-group-1.3.8.tgz 0ms (cache hit)
5647 http cache @radix-ui/react-progress@https://registry.npmjs.org/@radix-ui/react-progress/-/react-progress-1.1.8.tgz 0ms (cache hit)
5648 http cache @radix-ui/react-popover@https://registry.npmjs.org/@radix-ui/react-popover/-/react-popover-1.1.15.tgz 0ms (cache hit)
5649 http cache @radix-ui/react-navigation-menu@https://registry.npmjs.org/@radix-ui/react-navigation-menu/-/react-navigation-menu-1.2.14.tgz 0ms (cache hit)
5650 http cache @radix-ui/react-menubar@https://registry.npmjs.org/@radix-ui/react-menubar/-/react-menubar-1.1.16.tgz 0ms (cache hit)
5651 http cache @radix-ui/react-label@https://registry.npmjs.org/@radix-ui/react-label/-/react-label-2.1.8.tgz 0ms (cache hit)
5652 http cache @radix-ui/react-hover-card@https://registry.npmjs.org/@radix-ui/react-hover-card/-/react-hover-card-1.1.15.tgz 0ms (cache hit)
5653 http cache @radix-ui/react-dropdown-menu@https://registry.npmjs.org/@radix-ui/react-dropdown-menu/-/react-dropdown-menu-2.1.16.tgz 0ms (cache hit)
5654 http cache @radix-ui/react-dialog@https://registry.npmjs.org/@radix-ui/react-dialog/-/react-dialog-1.1.15.tgz 0ms (cache hit)
5655 http cache @radix-ui/react-context-menu@https://registry.npmjs.org/@radix-ui/react-context-menu/-/react-context-menu-2.2.16.tgz 0ms (cache hit)
5656 http cache @radix-ui/react-collapsible@https://registry.npmjs.org/@radix-ui/react-collapsible/-/react-collapsible-1.1.12.tgz 0ms (cache hit)
5657 http cache @radix-ui/react-checkbox@https://registry.npmjs.org/@radix-ui/react-checkbox/-/react-checkbox-1.3.3.tgz 0ms (cache hit)
5658 http cache @radix-ui/react-avatar@https://registry.npmjs.org/@radix-ui/react-avatar/-/react-avatar-1.1.11.tgz 0ms (cache hit)
5659 http cache @radix-ui/react-aspect-ratio@https://registry.npmjs.org/@radix-ui/react-aspect-ratio/-/react-aspect-ratio-1.1.8.tgz 0ms (cache hit)
5660 http cache @radix-ui/react-alert-dialog@https://registry.npmjs.org/@radix-ui/react-alert-dialog/-/react-alert-dialog-1.1.15.tgz 0ms (cache hit)
5661 http cache @radix-ui/react-accordion@https://registry.npmjs.org/@radix-ui/react-accordion/-/react-accordion-1.2.12.tgz 0ms (cache hit)
5662 http cache @hookform/resolvers@https://registry.npmjs.org/@hookform/resolvers/-/resolvers-3.10.0.tgz 0ms (cache hit)
5663 http cache @jridgewell/resolve-uri@https://registry.npmjs.org/@jridgewell/resolve-uri/-/resolve-uri-3.1.2.tgz 0ms (cache hit)
5664 http cache @jridgewell/sourcemap-codec@https://registry.npmjs.org/@jridgewell/sourcemap-codec/-/sourcemap-codec-1.5.5.tgz 0ms (cache hit)
5665 http cache @emotion/is-prop-valid@https://registry.npmjs.org/@emotion/is-prop-valid/-/is-prop-valid-1.4.0.tgz 0ms (cache hit)
5666 http cache @emotion/unitless@https://registry.npmjs.org/@emotion/unitless/-/unitless-0.10.0.tgz 0ms (cache hit)
5667 http cache @emotion/sheet@https://registry.npmjs.org/@emotion/sheet/-/sheet-1.4.0.tgz 0ms (cache hit)
5668 http cache stylis@https://registry.npmjs.org/stylis/-/stylis-4.2.0.tgz 0ms (cache hit)
5669 http cache source-map@https://registry.npmjs.org/source-map/-/source-map-0.5.7.tgz 0ms (cache hit)
5670 http cache find-root@https://registry.npmjs.org/find-root/-/find-root-1.1.0.tgz 0ms (cache hit)
5671 http cache escape-string-regexp@https://registry.npmjs.org/escape-string-regexp/-/escape-string-regexp-4.0.0.tgz 0ms (cache hit)
5672 http cache babel-plugin-macros@https://registry.npmjs.org/babel-plugin-macros/-/babel-plugin-macros-3.1.0.tgz 0ms (cache hit)
5673 http cache @emotion/memoize@https://registry.npmjs.org/@emotion/memoize/-/memoize-0.9.0.tgz 0ms (cache hit)
5674 http cache @emotion/hash@https://registry.npmjs.org/@emotion/hash/-/hash-0.9.2.tgz 0ms (cache hit)
5675 http cache hoist-non-react-statics@https://registry.npmjs.org/hoist-non-react-statics/-/hoist-non-react-statics-3.3.2.tgz 0ms (cache hit)
5676 http cache @emotion/weak-memoize@https://registry.npmjs.org/@emotion/weak-memoize/-/weak-memoize-0.3.1.tgz 0ms (cache hit)
5677 http cache @emotion/utils@https://registry.npmjs.org/@emotion/utils/-/utils-1.4.2.tgz 0ms (cache hit)
5678 http cache @emotion/serialize@https://registry.npmjs.org/@emotion/serialize/-/serialize-1.3.3.tgz 0ms (cache hit)
5679 http cache @emotion/use-insertion-effect-with-fallbacks@https://registry.npmjs.org/@emotion/use-insertion-effect-with-fallbacks/-/use-insertion-effect-with-fallbacks-1.2.0.tgz 0ms (cache hit)
5680 http cache @emotion/cache@https://registry.npmjs.org/@emotion/cache/-/cache-11.14.0.tgz 0ms (cache hit)
5681 http cache @emotion/babel-plugin@https://registry.npmjs.org/@emotion/babel-plugin/-/babel-plugin-11.13.5.tgz 0ms (cache hit)
5682 http cache tslib@https://registry.npmjs.org/tslib/-/tslib-2.8.1.tgz 0ms (cache hit)
5683 http cache @babel/runtime@https://registry.npmjs.org/@babel/runtime/-/runtime-7.29.2.tgz 0ms (cache hit)
5684 http cache @dnd-kit/utilities@https://registry.npmjs.org/@dnd-kit/utilities/-/utilities-3.2.2.tgz 0ms (cache hit)
5685 http cache css-box-model@https://registry.npmjs.org/css-box-model/-/css-box-model-1.2.1.tgz 0ms (cache hit)
5686 http cache @dnd-kit/accessibility@https://registry.npmjs.org/@dnd-kit/accessibility/-/accessibility-3.1.1.tgz 0ms (cache hit)
5687 http cache @types/lodash.mergewith@https://registry.npmjs.org/@types/lodash.mergewith/-/lodash.mergewith-4.6.7.tgz 0ms (cache hit)
5688 http cache @chakra-ui/theme-tools@https://registry.npmjs.org/@chakra-ui/theme-tools/-/theme-tools-2.1.2.tgz 0ms (cache hit)
5689 http cache @chakra-ui/react-use-timeout@https://registry.npmjs.org/@chakra-ui/react-use-timeout/-/react-use-timeout-2.1.0.tgz 0ms (cache hit)
5690 http cache @chakra-ui/anatomy@https://registry.npmjs.org/@chakra-ui/anatomy/-/anatomy-2.2.2.tgz 0ms (cache hit)
5691 http cache react-fast-compare@https://registry.npmjs.org/react-fast-compare/-/react-fast-compare-3.2.2.tgz 0ms (cache hit)
5692 http cache @chakra-ui/color-mode@https://registry.npmjs.org/@chakra-ui/color-mode/-/color-mode-2.2.0.tgz 0ms (cache hit)
5693 http cache lodash.mergewith@https://registry.npmjs.org/lodash.mergewith/-/lodash.mergewith-4.6.2.tgz 0ms (cache hit)
5694 http cache csstype@https://registry.npmjs.org/csstype/-/csstype-3.2.3.tgz 0ms (cache hit)
5695 http cache @zag-js/element-size@https://registry.npmjs.org/@zag-js/element-size/-/element-size-0.10.5.tgz 0ms (cache hit)
5696 http cache framesync@https://registry.npmjs.org/framesync/-/framesync-6.1.2.tgz 0ms (cache hit)
5697 http cache @chakra-ui/event-utils@https://registry.npmjs.org/@chakra-ui/event-utils/-/event-utils-2.0.8.tgz 0ms (cache hit)
5698 http cache @chakra-ui/react-use-size@https://registry.npmjs.org/@chakra-ui/react-use-size/-/react-use-size-2.1.0.tgz 0ms (cache hit)
5699 http cache @chakra-ui/react-use-pan-event@https://registry.npmjs.org/@chakra-ui/react-use-pan-event/-/react-use-pan-event-2.1.0.tgz 0ms (cache hit)
5700 http cache @chakra-ui/react-use-latest-ref@https://registry.npmjs.org/@chakra-ui/react-use-latest-ref/-/react-use-latest-ref-2.1.0.tgz 0ms (cache hit)
5701 http cache @chakra-ui/react-use-previous@https://registry.npmjs.org/@chakra-ui/react-use-previous/-/react-use-previous-2.1.0.tgz 0ms (cache hit)
5702 http cache @popperjs/core@https://registry.npmjs.org/@popperjs/core/-/core-2.11.8.tgz 0ms (cache hit)
5703 http cache @chakra-ui/react-use-interval@https://registry.npmjs.org/@chakra-ui/react-use-interval/-/react-use-interval-2.1.0.tgz 0ms (cache hit)
5704 http cache @chakra-ui/react-use-event-listener@https://registry.npmjs.org/@chakra-ui/react-use-event-listener/-/react-use-event-listener-2.1.0.tgz 0ms (cache hit)
5705 http cache react-remove-scroll@https://registry.npmjs.org/react-remove-scroll/-/react-remove-scroll-2.7.2.tgz 0ms (cache hit)
5706 http cache aria-hidden@https://registry.npmjs.org/aria-hidden/-/aria-hidden-1.2.6.tgz 0ms (cache hit)
5707 http cache @chakra-ui/react-use-outside-click@https://registry.npmjs.org/@chakra-ui/react-use-outside-click/-/react-use-outside-click-2.2.0.tgz 0ms (cache hit)
5708 http cache @chakra-ui/react-use-focus-effect@https://registry.npmjs.org/@chakra-ui/react-use-focus-effect/-/react-use-focus-effect-2.1.0.tgz 0ms (cache hit)
5709 http cache @chakra-ui/react-use-disclosure@https://registry.npmjs.org/@chakra-ui/react-use-disclosure/-/react-use-disclosure-2.1.0.tgz 0ms (cache hit)
5710 http cache @chakra-ui/react-use-animation-state@https://registry.npmjs.org/@chakra-ui/react-use-animation-state/-/react-use-animation-state-2.1.0.tgz 0ms (cache hit)
5711 http cache @chakra-ui/lazy-utils@https://registry.npmjs.org/@chakra-ui/lazy-utils/-/lazy-utils-2.0.5.tgz 0ms (cache hit)
5712 http cache @chakra-ui/clickable@https://registry.npmjs.org/@chakra-ui/clickable/-/clickable-2.1.0.tgz 0ms (cache hit)
5713 http cache @chakra-ui/breakpoint-utils@https://registry.npmjs.org/@chakra-ui/breakpoint-utils/-/breakpoint-utils-2.0.8.tgz 0ms (cache hit)
5714 http cache @chakra-ui/object-utils@https://registry.npmjs.org/@chakra-ui/object-utils/-/object-utils-2.1.0.tgz 0ms (cache hit)
5715 http cache copy-to-clipboard@https://registry.npmjs.org/copy-to-clipboard/-/copy-to-clipboard-3.3.3.tgz 0ms (cache hit)
5716 http cache compute-scroll-into-view@https://registry.npmjs.org/compute-scroll-into-view/-/compute-scroll-into-view-3.0.3.tgz 0ms (cache hit)
5717 http cache @chakra-ui/react-utils@https://registry.npmjs.org/@chakra-ui/react-utils/-/react-utils-2.0.12.tgz 0ms (cache hit)
5718 http cache react-focus-lock@https://registry.npmjs.org/react-focus-lock/-/react-focus-lock-2.13.7.tgz 0ms (cache hit)
5719 http cache @chakra-ui/dom-utils@https://registry.npmjs.org/@chakra-ui/dom-utils/-/dom-utils-2.1.0.tgz 0ms (cache hit)
5720 http cache @chakra-ui/react-use-focus-on-pointer-down@https://registry.npmjs.org/@chakra-ui/react-use-focus-on-pointer-down/-/react-use-focus-on-pointer-down-2.1.0.tgz 0ms (cache hit)
5721 http cache @chakra-ui/number-utils@https://registry.npmjs.org/@chakra-ui/number-utils/-/number-utils-2.0.7.tgz 0ms (cache hit)
5722 http cache @zag-js/focus-visible@https://registry.npmjs.org/@zag-js/focus-visible/-/focus-visible-0.16.0.tgz 0ms (cache hit)
5723 http cache @chakra-ui/react-use-update-effect@https://registry.npmjs.org/@chakra-ui/react-use-update-effect/-/react-use-update-effect-2.1.0.tgz 0ms (cache hit)
5724 http cache @chakra-ui/react-use-safe-layout-effect@https://registry.npmjs.org/@chakra-ui/react-use-safe-layout-effect/-/react-use-safe-layout-effect-2.1.0.tgz 0ms (cache hit)
5725 http cache @chakra-ui/react-use-callback-ref@https://registry.npmjs.org/@chakra-ui/react-use-callback-ref/-/react-use-callback-ref-2.1.0.tgz 0ms (cache hit)
5726 http cache @chakra-ui/react-types@https://registry.npmjs.org/@chakra-ui/react-types/-/react-types-2.0.7.tgz 0ms (cache hit)
5727 http cache @chakra-ui/react-children-utils@https://registry.npmjs.org/@chakra-ui/react-children-utils/-/react-children-utils-2.0.6.tgz 0ms (cache hit)
5728 http cache @chakra-ui/shared-utils@https://registry.npmjs.org/@chakra-ui/shared-utils/-/shared-utils-2.0.5.tgz 0ms (cache hit)
5729 http cache @chakra-ui/react-use-merge-refs@https://registry.npmjs.org/@chakra-ui/react-use-merge-refs/-/react-use-merge-refs-2.1.0.tgz 0ms (cache hit)
5730 http cache @chakra-ui/react-use-controllable-state@https://registry.npmjs.org/@chakra-ui/react-use-controllable-state/-/react-use-controllable-state-2.1.0.tgz 0ms (cache hit)
5731 http cache @chakra-ui/react-context@https://registry.npmjs.org/@chakra-ui/react-context/-/react-context-2.1.0.tgz 1ms (cache hit)
5732 http cache @chakra-ui/descendant@https://registry.npmjs.org/@chakra-ui/descendant/-/descendant-3.1.0.tgz 0ms (cache hit)
5733 http cache @chakra-ui/visually-hidden@https://registry.npmjs.org/@chakra-ui/visually-hidden/-/visually-hidden-2.2.0.tgz 0ms (cache hit)
5734 http cache @chakra-ui/utils@https://registry.npmjs.org/@chakra-ui/utils/-/utils-2.0.15.tgz 0ms (cache hit)
5735 http cache @chakra-ui/transition@https://registry.npmjs.org/@chakra-ui/transition/-/transition-2.1.0.tgz 0ms (cache hit)
5736 http cache @chakra-ui/toast@https://registry.npmjs.org/@chakra-ui/toast/-/toast-7.0.2.tgz 0ms (cache hit)
5737 http cache @chakra-ui/tooltip@https://registry.npmjs.org/@chakra-ui/tooltip/-/tooltip-2.3.1.tgz 0ms (cache hit)
5738 http cache @chakra-ui/theme-utils@https://registry.npmjs.org/@chakra-ui/theme-utils/-/theme-utils-2.0.21.tgz 0ms (cache hit)
5739 http cache @chakra-ui/theme@https://registry.npmjs.org/@chakra-ui/theme/-/theme-3.3.1.tgz 0ms (cache hit)
5740 http cache @chakra-ui/textarea@https://registry.npmjs.org/@chakra-ui/textarea/-/textarea-2.1.2.tgz 0ms (cache hit)
5741 http cache @chakra-ui/tag@https://registry.npmjs.org/@chakra-ui/tag/-/tag-3.1.1.tgz 0ms (cache hit)
5742 http cache @chakra-ui/tabs@https://registry.npmjs.org/@chakra-ui/tabs/-/tabs-3.0.0.tgz 0ms (cache hit)
5743 http cache @chakra-ui/system@https://registry.npmjs.org/@chakra-ui/system/-/system-2.6.2.tgz 0ms (cache hit)
5744 http cache @chakra-ui/table@https://registry.npmjs.org/@chakra-ui/table/-/table-2.1.0.tgz 0ms (cache hit)
5745 http cache @chakra-ui/switch@https://registry.npmjs.org/@chakra-ui/switch/-/switch-2.1.2.tgz 0ms (cache hit)
5746 http cache @chakra-ui/styled-system@https://registry.npmjs.org/@chakra-ui/styled-system/-/styled-system-2.9.2.tgz 0ms (cache hit)
5747 http cache @chakra-ui/stepper@https://registry.npmjs.org/@chakra-ui/stepper/-/stepper-2.3.1.tgz 0ms (cache hit)
5748 http cache @chakra-ui/stat@https://registry.npmjs.org/@chakra-ui/stat/-/stat-2.1.1.tgz 0ms (cache hit)
5749 http cache @chakra-ui/spinner@https://registry.npmjs.org/@chakra-ui/spinner/-/spinner-2.1.0.tgz 0ms (cache hit)
5750 http cache @chakra-ui/slider@https://registry.npmjs.org/@chakra-ui/slider/-/slider-2.1.0.tgz 0ms (cache hit)
5751 http cache @chakra-ui/skip-nav@https://registry.npmjs.org/@chakra-ui/skip-nav/-/skip-nav-2.1.0.tgz 0ms (cache hit)
5752 http cache @chakra-ui/skeleton@https://registry.npmjs.org/@chakra-ui/skeleton/-/skeleton-2.1.0.tgz 0ms (cache hit)
5753 http cache @chakra-ui/select@https://registry.npmjs.org/@chakra-ui/select/-/select-2.1.2.tgz 0ms (cache hit)
5754 http cache @chakra-ui/react-env@https://registry.npmjs.org/@chakra-ui/react-env/-/react-env-3.1.0.tgz 0ms (cache hit)
5755 http cache @chakra-ui/radio@https://registry.npmjs.org/@chakra-ui/radio/-/radio-2.1.2.tgz 0ms (cache hit)
5756 http cache @chakra-ui/provider@https://registry.npmjs.org/@chakra-ui/provider/-/provider-2.4.2.tgz 0ms (cache hit)
5757 http cache @chakra-ui/progress@https://registry.npmjs.org/@chakra-ui/progress/-/progress-2.2.0.tgz 0ms (cache hit)
5758 http cache @chakra-ui/portal@https://registry.npmjs.org/@chakra-ui/portal/-/portal-2.1.0.tgz 0ms (cache hit)
5759 http cache @chakra-ui/popper@https://registry.npmjs.org/@chakra-ui/popper/-/popper-3.1.0.tgz 0ms (cache hit)
5760 http cache @chakra-ui/popover@https://registry.npmjs.org/@chakra-ui/popover/-/popover-2.2.1.tgz 0ms (cache hit)
5761 http cache @chakra-ui/pin-input@https://registry.npmjs.org/@chakra-ui/pin-input/-/pin-input-2.1.0.tgz 0ms (cache hit)
5762 http cache @chakra-ui/number-input@https://registry.npmjs.org/@chakra-ui/number-input/-/number-input-2.1.2.tgz 0ms (cache hit)
5763 http cache @chakra-ui/modal@https://registry.npmjs.org/@chakra-ui/modal/-/modal-2.3.1.tgz 0ms (cache hit)
5764 http cache @chakra-ui/menu@https://registry.npmjs.org/@chakra-ui/menu/-/menu-2.2.1.tgz 0ms (cache hit)
5765 http cache @chakra-ui/media-query@https://registry.npmjs.org/@chakra-ui/media-query/-/media-query-3.3.0.tgz 0ms (cache hit)
5766 http cache @chakra-ui/live-region@https://registry.npmjs.org/@chakra-ui/live-region/-/live-region-2.1.0.tgz 0ms (cache hit)
5767 http cache @chakra-ui/layout@https://registry.npmjs.org/@chakra-ui/layout/-/layout-2.3.1.tgz 0ms (cache hit)
5768 http cache @chakra-ui/input@https://registry.npmjs.org/@chakra-ui/input/-/input-2.1.2.tgz 0ms (cache hit)
5769 http cache @chakra-ui/image@https://registry.npmjs.org/@chakra-ui/image/-/image-2.1.0.tgz 0ms (cache hit)
5770 http cache @chakra-ui/icon@https://registry.npmjs.org/@chakra-ui/icon/-/icon-3.2.0.tgz 0ms (cache hit)
5771 http cache @chakra-ui/hooks@https://registry.npmjs.org/@chakra-ui/hooks/-/hooks-2.2.1.tgz 0ms (cache hit)
5772 http cache @chakra-ui/form-control@https://registry.npmjs.org/@chakra-ui/form-control/-/form-control-2.2.0.tgz 0ms (cache hit)
5773 http cache @chakra-ui/focus-lock@https://registry.npmjs.org/@chakra-ui/focus-lock/-/focus-lock-2.1.0.tgz 0ms (cache hit)
5774 http cache @chakra-ui/editable@https://registry.npmjs.org/@chakra-ui/editable/-/editable-3.1.0.tgz 0ms (cache hit)
5775 http cache @chakra-ui/css-reset@https://registry.npmjs.org/@chakra-ui/css-reset/-/css-reset-2.3.0.tgz 0ms (cache hit)
5776 http cache @chakra-ui/counter@https://registry.npmjs.org/@chakra-ui/counter/-/counter-2.1.0.tgz 0ms (cache hit)
5777 http cache @chakra-ui/control-box@https://registry.npmjs.org/@chakra-ui/control-box/-/control-box-2.1.0.tgz 0ms (cache hit)
5778 http cache @chakra-ui/close-button@https://registry.npmjs.org/@chakra-ui/close-button/-/close-button-2.1.1.tgz 0ms (cache hit)
5779 http cache @chakra-ui/checkbox@https://registry.npmjs.org/@chakra-ui/checkbox/-/checkbox-2.3.2.tgz 0ms (cache hit)
5780 http cache @chakra-ui/card@https://registry.npmjs.org/@chakra-ui/card/-/card-2.2.0.tgz 0ms (cache hit)
5781 http cache @chakra-ui/button@https://registry.npmjs.org/@chakra-ui/button/-/button-2.1.0.tgz 0ms (cache hit)
5782 http cache @chakra-ui/breadcrumb@https://registry.npmjs.org/@chakra-ui/breadcrumb/-/breadcrumb-2.2.0.tgz 0ms (cache hit)
5783 http cache @chakra-ui/avatar@https://registry.npmjs.org/@chakra-ui/avatar/-/avatar-2.3.0.tgz 0ms (cache hit)
5784 http cache @chakra-ui/alert@https://registry.npmjs.org/@chakra-ui/alert/-/alert-2.2.2.tgz 0ms (cache hit)
5785 http cache @chakra-ui/accordion@https://registry.npmjs.org/@chakra-ui/accordion/-/accordion-2.3.1.tgz 0ms (cache hit)
5786 http cache @babel/helper-string-parser@https://registry.npmjs.org/@babel/helper-string-parser/-/helper-string-parser-7.27.1.tgz 0ms (cache hit)
5787 http cache @babel/helper-globals@https://registry.npmjs.org/@babel/helper-globals/-/helper-globals-7.28.0.tgz 0ms (cache hit)
5788 http cache @babel/helper-replace-supers@https://registry.npmjs.org/@babel/helper-replace-supers/-/helper-replace-supers-7.28.6.tgz 0ms (cache hit)
5789 http cache @babel/helper-optimise-call-expression@https://registry.npmjs.org/@babel/helper-optimise-call-expression/-/helper-optimise-call-expression-7.27.1.tgz 0ms (cache hit)
5790 http cache @babel/helper-member-expression-to-functions@https://registry.npmjs.org/@babel/helper-member-expression-to-functions/-/helper-member-expression-to-functions-7.28.5.tgz 0ms (cache hit)
5791 http cache @babel/plugin-syntax-typescript@https://registry.npmjs.org/@babel/plugin-syntax-typescript/-/plugin-syntax-typescript-7.28.6.tgz 0ms (cache hit)
5792 http cache @babel/helper-skip-transparent-expression-wrappers@https://registry.npmjs.org/@babel/helper-skip-transparent-expression-wrappers/-/helper-skip-transparent-expression-wrappers-7.27.1.tgz 0ms (cache hit)
5793 http cache @babel/helper-create-class-features-plugin@https://registry.npmjs.org/@babel/helper-create-class-features-plugin/-/helper-create-class-features-plugin-7.29.3.tgz 0ms (cache hit)
5794 http cache @babel/plugin-transform-typescript@https://registry.npmjs.org/@babel/plugin-transform-typescript/-/plugin-transform-typescript-7.28.6.tgz 0ms (cache hit)
5795 http cache @babel/plugin-transform-modules-commonjs@https://registry.npmjs.org/@babel/plugin-transform-modules-commonjs/-/plugin-transform-modules-commonjs-7.28.6.tgz 0ms (cache hit)
5796 http cache @babel/plugin-transform-react-pure-annotations@https://registry.npmjs.org/@babel/plugin-transform-react-pure-annotations/-/plugin-transform-react-pure-annotations-7.27.1.tgz 0ms (cache hit)
5797 http cache @babel/plugin-transform-react-jsx-development@https://registry.npmjs.org/@babel/plugin-transform-react-jsx-development/-/plugin-transform-react-jsx-development-7.27.1.tgz 0ms (cache hit)
5798 http cache @babel/plugin-transform-react-display-name@https://registry.npmjs.org/@babel/plugin-transform-react-display-name/-/plugin-transform-react-display-name-7.28.0.tgz 0ms (cache hit)
5799 http cache @babel/plugin-syntax-jsx@https://registry.npmjs.org/@babel/plugin-syntax-jsx/-/plugin-syntax-jsx-7.28.6.tgz 0ms (cache hit)
5800 http cache @babel/helper-plugin-utils@https://registry.npmjs.org/@babel/helper-plugin-utils/-/helper-plugin-utils-7.28.6.tgz 0ms (cache hit)
5801 http cache @babel/helper-annotate-as-pure@https://registry.npmjs.org/@babel/helper-annotate-as-pure/-/helper-annotate-as-pure-7.27.3.tgz 0ms (cache hit)
5802 http cache @babel/helper-module-imports@https://registry.npmjs.org/@babel/helper-module-imports/-/helper-module-imports-7.28.6.tgz 0ms (cache hit)
5803 http cache lru-cache@https://registry.npmjs.org/lru-cache/-/lru-cache-5.1.1.tgz 0ms (cache hit)
5804 http cache browserslist@https://registry.npmjs.org/browserslist/-/browserslist-4.28.2.tgz 0ms (cache hit)
5805 http cache @babel/helper-validator-option@https://registry.npmjs.org/@babel/helper-validator-option/-/helper-validator-option-7.27.1.tgz 0ms (cache hit)
5806 http cache @babel/compat-data@https://registry.npmjs.org/@babel/compat-data/-/compat-data-7.29.3.tgz 0ms (cache hit)
5807 http cache jsesc@https://registry.npmjs.org/jsesc/-/jsesc-3.1.0.tgz 0ms (cache hit)
5808 http cache @jridgewell/trace-mapping@https://registry.npmjs.org/@jridgewell/trace-mapping/-/trace-mapping-0.3.31.tgz 0ms (cache hit)
5809 http cache picocolors@https://registry.npmjs.org/picocolors/-/picocolors-1.1.1.tgz 0ms (cache hit)
5810 http cache @jridgewell/gen-mapping@https://registry.npmjs.org/@jridgewell/gen-mapping/-/gen-mapping-0.3.13.tgz 0ms (cache hit)
5811 http cache js-tokens@https://registry.npmjs.org/js-tokens/-/js-tokens-4.0.0.tgz 0ms (cache hit)
5812 http cache @babel/helper-validator-identifier@https://registry.npmjs.org/@babel/helper-validator-identifier/-/helper-validator-identifier-7.28.5.tgz 0ms (cache hit)
5813 http cache semver@https://registry.npmjs.org/semver/-/semver-6.3.1.tgz 1ms (cache hit)
5814 http cache json5@https://registry.npmjs.org/json5/-/json5-2.2.3.tgz 0ms (cache hit)
5815 http cache gensync@https://registry.npmjs.org/gensync/-/gensync-1.0.0-beta.2.tgz 1ms (cache hit)
5816 http cache debug@https://registry.npmjs.org/debug/-/debug-4.4.3.tgz 0ms (cache hit)
5817 http cache convert-source-map@https://registry.npmjs.org/convert-source-map/-/convert-source-map-2.0.0.tgz 0ms (cache hit)
5818 http cache @babel/template@https://registry.npmjs.org/@babel/template/-/template-7.28.6.tgz 0ms (cache hit)
5819 http cache @jridgewell/remapping@https://registry.npmjs.org/@jridgewell/remapping/-/remapping-2.3.5.tgz 0ms (cache hit)
5820 http cache @babel/parser@https://registry.npmjs.org/@babel/parser/-/parser-7.29.3.tgz 0ms (cache hit)
5821 http cache @babel/helpers@https://registry.npmjs.org/@babel/helpers/-/helpers-7.29.2.tgz 0ms (cache hit)
5822 http cache @babel/helper-module-transforms@https://registry.npmjs.org/@babel/helper-module-transforms/-/helper-module-transforms-7.28.6.tgz 0ms (cache hit)
5823 http cache @babel/helper-compilation-targets@https://registry.npmjs.org/@babel/helper-compilation-targets/-/helper-compilation-targets-7.28.6.tgz 0ms (cache hit)
5824 http cache @babel/code-frame@https://registry.npmjs.org/@babel/code-frame/-/code-frame-7.29.0.tgz 0ms (cache hit)
5825 http cache preact-render-to-string@https://registry.npmjs.org/preact-render-to-string/-/preact-render-to-string-6.5.11.tgz 0ms (cache hit)
5826 http cache preact@https://registry.npmjs.org/preact/-/preact-10.24.3.tgz 0ms (cache hit)
5827 http cache oauth4webapi@https://registry.npmjs.org/oauth4webapi/-/oauth4webapi-3.8.6.tgz 0ms (cache hit)
5828 http cache jose@https://registry.npmjs.org/jose/-/jose-5.10.0.tgz 0ms (cache hit)
5829 http cache @panva/hkdf@https://registry.npmjs.org/@panva/hkdf/-/hkdf-1.2.1.tgz 0ms (cache hit)
5830 http cache zustand@https://registry.npmjs.org/zustand/-/zustand-5.0.13.tgz 0ms (cache hit)
5831 http cache yup@https://registry.npmjs.org/yup/-/yup-1.7.1.tgz 0ms (cache hit)
5832 http cache ws@https://registry.npmjs.org/ws/-/ws-8.20.1.tgz 0ms (cache hit)
5833 http cache vitest@https://registry.npmjs.org/vitest/-/vitest-3.2.4.tgz 0ms (cache hit)
5834 http cache vite-tsconfig-paths@https://registry.npmjs.org/vite-tsconfig-paths/-/vite-tsconfig-paths-5.1.4.tgz 0ms (cache hit)
5835 http cache vite-plugin-babel@https://registry.npmjs.org/vite-plugin-babel/-/vite-plugin-babel-1.7.3.tgz 0ms (cache hit)
5836 http cache vite@https://registry.npmjs.org/vite/-/vite-6.4.2.tgz 0ms (cache hit)
5837 http cache vaul@https://registry.npmjs.org/vaul/-/vaul-1.1.2.tgz 0ms (cache hit)
5838 http cache typescript@https://registry.npmjs.org/typescript/-/typescript-5.9.3.tgz 0ms (cache hit)
5839 http cache tailwindcss@https://registry.npmjs.org/tailwindcss/-/tailwindcss-3.4.19.tgz 0ms (cache hit)
5840 http cache three@https://registry.npmjs.org/three/-/three-0.175.0.tgz 0ms (cache hit)
5841 http cache tailwind-merge@https://registry.npmjs.org/tailwind-merge/-/tailwind-merge-3.6.0.tgz 0ms (cache hit)
5842 http cache styled-jsx@https://registry.npmjs.org/styled-jsx/-/styled-jsx-5.1.7.tgz 0ms (cache hit)
5843 http cache stripe@https://registry.npmjs.org/stripe/-/stripe-18.5.0.tgz 0ms (cache hit)
5844 http cache sonner@https://registry.npmjs.org/sonner/-/sonner-2.0.7.tgz 0ms (cache hit)
5845 http cache serialize-error@https://registry.npmjs.org/serialize-error/-/serialize-error-12.0.0.tgz 0ms (cache hit)
5846 http cache remark-gfm@https://registry.npmjs.org/remark-gfm/-/remark-gfm-4.0.0.tgz 0ms (cache hit)
5847 http cache recharts@https://registry.npmjs.org/recharts/-/recharts-2.15.4.tgz 0ms (cache hit)
5848 http cache react-router-hono-server@https://registry.npmjs.org/react-router-hono-server/-/react-router-hono-server-2.26.0.tgz 0ms (cache hit)
5849 http cache react-router-dom@https://registry.npmjs.org/react-router-dom/-/react-router-dom-7.15.1.tgz 0ms (cache hit)
5850 http cache react-router@https://registry.npmjs.org/react-router/-/react-router-7.15.1.tgz 0ms (cache hit)
5851 http cache react-resizable-panels@https://registry.npmjs.org/react-resizable-panels/-/react-resizable-panels-2.1.9.tgz 0ms (cache hit)
5852 http cache react-markdown@https://registry.npmjs.org/react-markdown/-/react-markdown-6.0.3.tgz 0ms (cache hit)
5853 http cache react-idle-timer@https://registry.npmjs.org/react-idle-timer/-/react-idle-timer-5.7.3.tgz 0ms (cache hit)
5854 http cache react-hook-form@https://registry.npmjs.org/react-hook-form/-/react-hook-form-7.76.0.tgz 0ms (cache hit)
5855 http cache react-dom@https://registry.npmjs.org/react-dom/-/react-dom-18.3.1.tgz 0ms (cache hit)
5856 http cache react-day-picker@https://registry.npmjs.org/react-day-picker/-/react-day-picker-9.14.0.tgz 0ms (cache hit)
5857 http cache react-colorful@https://registry.npmjs.org/react-colorful/-/react-colorful-5.7.0.tgz 0ms (cache hit)
5858 http cache react@https://registry.npmjs.org/react/-/react-18.3.1.tgz 0ms (cache hit)
5859 http cache postcss@https://registry.npmjs.org/postcss/-/postcss-8.5.15.tgz 0ms (cache hit)
5860 http cache pdfjs-dist@https://registry.npmjs.org/pdfjs-dist/-/pdfjs-dist-3.11.174.tgz 0ms (cache hit)
5861 http cache papaparse@https://registry.npmjs.org/papaparse/-/papaparse-5.5.3.tgz 0ms (cache hit)
5862 http cache motion@https://registry.npmjs.org/motion/-/motion-12.40.0.tgz 0ms (cache hit)
5863 http cache micromatch@https://registry.npmjs.org/micromatch/-/micromatch-4.0.8.tgz 0ms (cache hit)
5864 http cache lucide-react@https://registry.npmjs.org/lucide-react/-/lucide-react-0.358.0.tgz 0ms (cache hit)
5865 http cache lodash-es@https://registry.npmjs.org/lodash-es/-/lodash-es-4.18.1.tgz 0ms (cache hit)
5866 http cache jsdom@https://registry.npmjs.org/jsdom/-/jsdom-26.1.0.tgz 0ms (cache hit)
5867 http cache isbot@https://registry.npmjs.org/isbot/-/isbot-5.1.40.tgz 0ms (cache hit)
5868 http cache html-to-image@https://registry.npmjs.org/html-to-image/-/html-to-image-1.11.13.tgz 0ms (cache hit)
5869 http cache fast-glob@https://registry.npmjs.org/fast-glob/-/fast-glob-3.3.3.tgz 0ms (cache hit)
5870 http cache downshift@https://registry.npmjs.org/downshift/-/downshift-9.3.3.tgz 0ms (cache hit)
5871 http cache date-fns@https://registry.npmjs.org/date-fns/-/date-fns-4.2.1.tgz 0ms (cache hit)
5872 http cache color2k@https://registry.npmjs.org/color2k/-/color2k-2.0.3.tgz 0ms (cache hit)
5873 http cache cmdk@https://registry.npmjs.org/cmdk/-/cmdk-1.1.1.tgz 0ms (cache hit)
5874 http cache classnames@https://registry.npmjs.org/classnames/-/classnames-2.5.1.tgz 0ms (cache hit)
5875 http cache clean-stack@https://registry.npmjs.org/clean-stack/-/clean-stack-5.3.0.tgz 0ms (cache hit)
5876 http cache babel-plugin-react-require@https://registry.npmjs.org/babel-plugin-react-require/-/babel-plugin-react-require-4.0.3.tgz 0ms (cache hit)
5877 http cache argon2@https://registry.npmjs.org/argon2/-/argon2-0.43.1.tgz 0ms (cache hit)
5878 http cache autoprefixer@https://registry.npmjs.org/autoprefixer/-/autoprefixer-10.5.0.tgz 0ms (cache hit)
5879 http cache @vis.gl/react-google-maps@https://registry.npmjs.org/@vis.gl/react-google-maps/-/react-google-maps-0.8.3.tgz 0ms (cache hit)
5880 http cache @types/react-dom@https://registry.npmjs.org/@types/react-dom/-/react-dom-18.3.7.tgz 0ms (cache hit)
5881 http cache @types/ws@https://registry.npmjs.org/@types/ws/-/ws-8.18.1.tgz 0ms (cache hit)
5882 http cache @types/react@https://registry.npmjs.org/@types/react/-/react-18.3.29.tgz 0ms (cache hit)
5883 http cache @types/micromatch@https://registry.npmjs.org/@types/micromatch/-/micromatch-4.0.10.tgz 0ms (cache hit)
5884 http cache @types/node@https://registry.npmjs.org/@types/node/-/node-20.19.41.tgz 0ms (cache hit)
5885 http cache @types/babel__core@https://registry.npmjs.org/@types/babel__core/-/babel__core-7.20.5.tgz 0ms (cache hit)
5886 http cache @testing-library/jest-dom@https://registry.npmjs.org/@testing-library/jest-dom/-/jest-dom-6.9.1.tgz 0ms (cache hit)
5887 http cache @testing-library/react@https://registry.npmjs.org/@testing-library/react/-/react-16.3.2.tgz 0ms (cache hit)
5888 http cache @tanstack/react-table@https://registry.npmjs.org/@tanstack/react-table/-/react-table-8.21.3.tgz 0ms (cache hit)
5889 http cache @tailwindcss/vite@https://registry.npmjs.org/@tailwindcss/vite/-/vite-4.3.0.tgz 0ms (cache hit)
5890 http cache @tanstack/react-query@https://registry.npmjs.org/@tanstack/react-query/-/react-query-5.100.11.tgz 1ms (cache hit)
5891 http cache @react-router/serve@https://registry.npmjs.org/@react-router/serve/-/serve-7.15.1.tgz 0ms (cache hit)
5892 http cache @react-router/node@https://registry.npmjs.org/@react-router/node/-/node-7.15.1.tgz 0ms (cache hit)
5893 http cache @react-router/fs-routes@https://registry.npmjs.org/@react-router/fs-routes/-/fs-routes-7.15.1.tgz 0ms (cache hit)
5894 http cache @react-router/dev@https://registry.npmjs.org/@react-router/dev/-/dev-7.15.1.tgz 0ms (cache hit)
5895 http cache @react-aria/button@https://registry.npmjs.org/@react-aria/button/-/button-3.15.0.tgz 0ms (cache hit)
5896 http cache @neondatabase/serverless@https://registry.npmjs.org/@neondatabase/serverless/-/serverless-0.10.4.tgz 1ms (cache hit)
5897 http cache @lshay/ui@https://registry.npmjs.org/@lshay/ui/-/ui-0.1.32.tgz 0ms (cache hit)
5898 http cache @emotion/styled@https://registry.npmjs.org/@emotion/styled/-/styled-11.11.0.tgz 0ms (cache hit)
5899 http cache @hono/auth-js@https://registry.npmjs.org/@hono/auth-js/-/auth-js-1.1.1.tgz 0ms (cache hit)
5900 http cache @emotion/react@https://registry.npmjs.org/@emotion/react/-/react-11.11.4.tgz 0ms (cache hit)
5901 http cache @dnd-kit/core@https://registry.npmjs.org/@dnd-kit/core/-/core-6.3.1.tgz 0ms (cache hit)
5902 http cache @dnd-kit/sortable@https://registry.npmjs.org/@dnd-kit/sortable/-/sortable-10.0.0.tgz 0ms (cache hit)
5903 http cache @chakra-ui/react@https://registry.npmjs.org/@chakra-ui/react/-/react-2.8.2.tgz 0ms (cache hit)
5904 http cache @babel/types@https://registry.npmjs.org/@babel/types/-/types-7.29.0.tgz 0ms (cache hit)
5905 http cache @babel/traverse@https://registry.npmjs.org/@babel/traverse/-/traverse-7.29.0.tgz 0ms (cache hit)
5906 http cache @babel/preset-typescript@https://registry.npmjs.org/@babel/preset-typescript/-/preset-typescript-7.28.5.tgz 0ms (cache hit)
5907 http cache @babel/preset-react@https://registry.npmjs.org/@babel/preset-react/-/preset-react-7.28.5.tgz 0ms (cache hit)
5908 http cache @babel/plugin-transform-react-jsx@https://registry.npmjs.org/@babel/plugin-transform-react-jsx/-/plugin-transform-react-jsx-7.28.6.tgz 0ms (cache hit)
5909 http cache @babel/generator@https://registry.npmjs.org/@babel/generator/-/generator-7.29.1.tgz 0ms (cache hit)
5910 http cache @babel/core@https://registry.npmjs.org/@babel/core/-/core-7.29.0.tgz 0ms (cache hit)
5911 http cache @auth/core@https://registry.npmjs.org/@auth/core/-/core-0.37.4.tgz 0ms (cache hit)
5912 http cache character-entities@https://registry.npmjs.org/character-entities/-/character-entities-1.2.4.tgz 0ms (cache hit)
5913 http cache js-tokens@https://registry.npmjs.org/js-tokens/-/js-tokens-9.0.1.tgz 1ms (cache hit)
5914 http cache pathe@https://registry.npmjs.org/pathe/-/pathe-2.0.3.tgz 0ms (cache hit)
5915 http cache pathe@https://registry.npmjs.org/pathe/-/pathe-2.0.3.tgz 0ms (cache hit)
5916 http cache unist-util-stringify-position@https://registry.npmjs.org/unist-util-stringify-position/-/unist-util-stringify-position-2.0.3.tgz 0ms (cache hit)
5917 http cache minipass@https://registry.npmjs.org/minipass/-/minipass-3.3.6.tgz 0ms (cache hit)
5918 http cache yallist@https://registry.npmjs.org/yallist/-/yallist-4.0.0.tgz 0ms (cache hit)
5919 http cache yallist@https://registry.npmjs.org/yallist/-/yallist-4.0.0.tgz 0ms (cache hit)
5920 http cache minipass@https://registry.npmjs.org/minipass/-/minipass-3.3.6.tgz 0ms (cache hit)
5921 http cache brace-expansion@https://registry.npmjs.org/brace-expansion/-/brace-expansion-1.1.14.tgz 0ms (cache hit)
5922 http cache minimatch@https://registry.npmjs.org/minimatch/-/minimatch-3.1.5.tgz 0ms (cache hit)
5923 http cache @types/mdast@https://registry.npmjs.org/@types/mdast/-/mdast-3.0.15.tgz 0ms (cache hit)
5924 http cache @types/unist@https://registry.npmjs.org/@types/unist/-/unist-3.0.3.tgz 0ms (cache hit)
5925 http cache @types/unist@https://registry.npmjs.org/@types/unist/-/unist-3.0.3.tgz 0ms (cache hit)
5926 http cache escape-string-regexp@https://registry.npmjs.org/escape-string-regexp/-/escape-string-regexp-5.0.0.tgz 0ms (cache hit)
5927 http cache unist-util-visit@https://registry.npmjs.org/unist-util-visit/-/unist-util-visit-5.1.0.tgz 0ms (cache hit)
5928 http cache @types/unist@https://registry.npmjs.org/@types/unist/-/unist-3.0.3.tgz 0ms (cache hit)
5929 http cache @types/unist@https://registry.npmjs.org/@types/unist/-/unist-3.0.3.tgz 0ms (cache hit)
5930 http cache vfile@https://registry.npmjs.org/vfile/-/vfile-6.0.3.tgz 0ms (cache hit)
5931 http cache vfile-message@https://registry.npmjs.org/vfile-message/-/vfile-message-4.0.3.tgz 0ms (cache hit)
5932 http cache @types/unist@https://registry.npmjs.org/@types/unist/-/unist-3.0.3.tgz 0ms (cache hit)
5933 http cache trough@https://registry.npmjs.org/trough/-/trough-2.2.0.tgz 0ms (cache hit)
5934 http cache is-plain-obj@https://registry.npmjs.org/is-plain-obj/-/is-plain-obj-4.1.0.tgz 0ms (cache hit)
5935 http cache bail@https://registry.npmjs.org/bail/-/bail-2.0.2.tgz 0ms (cache hit)
5936 http cache @types/unist@https://registry.npmjs.org/@types/unist/-/unist-3.0.3.tgz 0ms (cache hit)
5937 http cache unified@https://registry.npmjs.org/unified/-/unified-11.0.5.tgz 0ms (cache hit)
5938 http cache unist-util-stringify-position@https://registry.npmjs.org/unist-util-stringify-position/-/unist-util-stringify-position-2.0.3.tgz 0ms (cache hit)
5939 http cache unist-util-visit-parents@https://registry.npmjs.org/unist-util-visit-parents/-/unist-util-visit-parents-3.1.1.tgz 0ms (cache hit)
5940 http cache unist-util-is@https://registry.npmjs.org/unist-util-is/-/unist-util-is-4.1.0.tgz 1ms (cache hit)
5941 http cache unist-util-stringify-position@https://registry.npmjs.org/unist-util-stringify-position/-/unist-util-stringify-position-2.0.3.tgz 0ms (cache hit)
5942 http cache micromark@https://registry.npmjs.org/micromark/-/micromark-2.11.4.tgz 0ms (cache hit)
5943 http cache mdast-util-to-string@https://registry.npmjs.org/mdast-util-to-string/-/mdast-util-to-string-2.0.0.tgz 0ms (cache hit)
5944 http cache @types/mdast@https://registry.npmjs.org/@types/mdast/-/mdast-3.0.15.tgz 0ms (cache hit)
5945 http cache mdast-util-from-markdown@https://registry.npmjs.org/mdast-util-from-markdown/-/mdast-util-from-markdown-0.8.5.tgz 0ms (cache hit)
5946 http cache yallist@https://registry.npmjs.org/yallist/-/yallist-4.0.0.tgz 0ms (cache hit)
5947 http cache webidl-conversions@https://registry.npmjs.org/webidl-conversions/-/webidl-conversions-3.0.1.tgz 0ms (cache hit)
5948 http cache whatwg-url@https://registry.npmjs.org/whatwg-url/-/whatwg-url-5.0.0.tgz 0ms (cache hit)
5949 http cache tr46@https://registry.npmjs.org/tr46/-/tr46-0.0.3.tgz 0ms (cache hit)
5950 http cache agent-base@https://registry.npmjs.org/agent-base/-/agent-base-6.0.2.tgz 0ms (cache hit)
5951 http cache https-proxy-agent@https://registry.npmjs.org/https-proxy-agent/-/https-proxy-agent-5.0.1.tgz 0ms (cache hit)
5952 http cache semver@https://registry.npmjs.org/semver/-/semver-7.8.1.tgz 0ms (cache hit)
5953 http cache safe-buffer@https://registry.npmjs.org/safe-buffer/-/safe-buffer-5.1.2.tgz 0ms (cache hit)
5954 http cache iconv-lite@https://registry.npmjs.org/iconv-lite/-/iconv-lite-0.6.3.tgz 0ms (cache hit)
5955 http cache lru-cache@https://registry.npmjs.org/lru-cache/-/lru-cache-10.4.3.tgz 0ms (cache hit)
5956 http cache mime-db@https://registry.npmjs.org/mime-db/-/mime-db-1.52.0.tgz 0ms (cache hit)
5957 http cache debug@https://registry.npmjs.org/debug/-/debug-2.6.9.tgz 0ms (cache hit)
5958 http cache ms@https://registry.npmjs.org/ms/-/ms-2.0.0.tgz 0ms (cache hit)
5959 http cache ms@https://registry.npmjs.org/ms/-/ms-2.0.0.tgz 0ms (cache hit)
5960 http cache debug@https://registry.npmjs.org/debug/-/debug-2.6.9.tgz 0ms (cache hit)
5961 http cache ms@https://registry.npmjs.org/ms/-/ms-2.0.0.tgz 0ms (cache hit)
5962 http cache debug@https://registry.npmjs.org/debug/-/debug-2.6.9.tgz 0ms (cache hit)
5963 http cache negotiator@https://registry.npmjs.org/negotiator/-/negotiator-0.6.3.tgz 0ms (cache hit)
5964 http cache react-is@https://registry.npmjs.org/react-is/-/react-is-16.13.1.tgz 0ms (cache hit)
5965 http cache tailwindcss@https://registry.npmjs.org/tailwindcss/-/tailwindcss-4.3.0.tgz 0ms (cache hit)
5966 http cache source-map@https://registry.npmjs.org/source-map/-/source-map-0.6.1.tgz 0ms (cache hit)
5967 http cache ms@https://registry.npmjs.org/ms/-/ms-2.0.0.tgz 0ms (cache hit)
5968 http cache on-finished@https://registry.npmjs.org/on-finished/-/on-finished-2.3.0.tgz 0ms (cache hit)
5969 http cache debug@https://registry.npmjs.org/debug/-/debug-2.6.9.tgz 0ms (cache hit)
5970 http cache ms@https://registry.npmjs.org/ms/-/ms-2.0.0.tgz 0ms (cache hit)
5971 http cache debug@https://registry.npmjs.org/debug/-/debug-2.6.9.tgz 0ms (cache hit)
5972 http cache ms@https://registry.npmjs.org/ms/-/ms-2.0.0.tgz 0ms (cache hit)
5973 http cache debug@https://registry.npmjs.org/debug/-/debug-2.6.9.tgz 0ms (cache hit)
5974 http cache pathe@https://registry.npmjs.org/pathe/-/pathe-2.0.3.tgz 0ms (cache hit)
5975 http cache picomatch@https://registry.npmjs.org/picomatch/-/picomatch-4.0.4.tgz 0ms (cache hit)
5976 http cache pathe@https://registry.npmjs.org/pathe/-/pathe-2.0.3.tgz 0ms (cache hit)
5977 http cache @radix-ui/react-slot@https://registry.npmjs.org/@radix-ui/react-slot/-/react-slot-1.2.3.tgz 0ms (cache hit)
5978 http cache @radix-ui/react-slot@https://registry.npmjs.org/@radix-ui/react-slot/-/react-slot-1.2.3.tgz 0ms (cache hit)
5979 http cache @radix-ui/react-slot@https://registry.npmjs.org/@radix-ui/react-slot/-/react-slot-1.2.3.tgz 0ms (cache hit)
5980 http cache @radix-ui/react-slot@https://registry.npmjs.org/@radix-ui/react-slot/-/react-slot-1.2.3.tgz 0ms (cache hit)
5981 http cache @radix-ui/react-primitive@https://registry.npmjs.org/@radix-ui/react-primitive/-/react-primitive-2.1.4.tgz 0ms (cache hit)
5982 http cache @radix-ui/react-slot@https://registry.npmjs.org/@radix-ui/react-slot/-/react-slot-1.2.3.tgz 0ms (cache hit)
5983 http cache @radix-ui/react-primitive@https://registry.npmjs.org/@radix-ui/react-primitive/-/react-primitive-2.1.4.tgz 0ms (cache hit)
5984 http cache @radix-ui/react-context@https://registry.npmjs.org/@radix-ui/react-context/-/react-context-1.1.3.tgz 0ms (cache hit)
5985 http cache @radix-ui/react-slot@https://registry.npmjs.org/@radix-ui/react-slot/-/react-slot-1.2.3.tgz 0ms (cache hit)
5986 http cache @radix-ui/react-slot@https://registry.npmjs.org/@radix-ui/react-slot/-/react-slot-1.2.3.tgz 0ms (cache hit)
5987 http cache @radix-ui/react-primitive@https://registry.npmjs.org/@radix-ui/react-primitive/-/react-primitive-2.1.4.tgz 0ms (cache hit)
5988 http cache @radix-ui/react-primitive@https://registry.npmjs.org/@radix-ui/react-primitive/-/react-primitive-2.1.4.tgz 0ms (cache hit)
5989 http cache @radix-ui/react-context@https://registry.npmjs.org/@radix-ui/react-context/-/react-context-1.1.3.tgz 0ms (cache hit)
5990 http cache @radix-ui/react-primitive@https://registry.npmjs.org/@radix-ui/react-primitive/-/react-primitive-2.1.4.tgz 0ms (cache hit)
5991 http cache @radix-ui/react-slot@https://registry.npmjs.org/@radix-ui/react-slot/-/react-slot-1.2.3.tgz 0ms (cache hit)
5992 http cache react-is@https://registry.npmjs.org/react-is/-/react-is-16.13.1.tgz 0ms (cache hit)
5993 http cache @emotion/weak-memoize@https://registry.npmjs.org/@emotion/weak-memoize/-/weak-memoize-0.4.0.tgz 0ms (cache hit)
5994 http cache convert-source-map@https://registry.npmjs.org/convert-source-map/-/convert-source-map-1.9.0.tgz 0ms (cache hit)
5995 http cache tslib@https://registry.npmjs.org/tslib/-/tslib-2.4.0.tgz 0ms (cache hit)
5996 http cache pathe@https://registry.npmjs.org/pathe/-/pathe-2.0.3.tgz 0ms (cache hit)
5997 http cache picomatch@https://registry.npmjs.org/picomatch/-/picomatch-4.0.4.tgz 0ms (cache hit)
5998 http cache type-fest@https://registry.npmjs.org/type-fest/-/type-fest-2.19.0.tgz 0ms (cache hit)
5999 http cache picomatch@https://registry.npmjs.org/picomatch/-/picomatch-4.0.4.tgz 0ms (cache hit)
6000 http cache jiti@https://registry.npmjs.org/jiti/-/jiti-1.21.7.tgz 0ms (cache hit)
6001 http cache readdirp@https://registry.npmjs.org/readdirp/-/readdirp-3.6.0.tgz 0ms (cache hit)
6002 http cache glob-parent@https://registry.npmjs.org/glob-parent/-/glob-parent-6.0.2.tgz 0ms (cache hit)
6003 http cache chokidar@https://registry.npmjs.org/chokidar/-/chokidar-3.6.0.tgz 0ms (cache hit)
6004 http cache glob-parent@https://registry.npmjs.org/glob-parent/-/glob-parent-5.1.2.tgz 0ms (cache hit)
6005 http cache vfile@https://registry.npmjs.org/vfile/-/vfile-6.0.3.tgz 1ms (cache hit)
6006 http cache trough@https://registry.npmjs.org/trough/-/trough-2.2.0.tgz 0ms (cache hit)
6007 http cache vfile-message@https://registry.npmjs.org/vfile-message/-/vfile-message-4.0.3.tgz 0ms (cache hit)
6008 http cache is-plain-obj@https://registry.npmjs.org/is-plain-obj/-/is-plain-obj-4.1.0.tgz 0ms (cache hit)
6009 http cache bail@https://registry.npmjs.org/bail/-/bail-2.0.2.tgz 0ms (cache hit)
6010 http cache @types/unist@https://registry.npmjs.org/@types/unist/-/unist-3.0.3.tgz 0ms (cache hit)
6011 http cache unified@https://registry.npmjs.org/unified/-/unified-11.0.5.tgz 0ms (cache hit)
6012 http cache remark-parse@https://registry.npmjs.org/remark-parse/-/remark-parse-11.0.0.tgz 0ms (cache hit)
6013 http cache cookie@https://registry.npmjs.org/cookie/-/cookie-1.1.1.tgz 0ms (cache hit)
6014 http cache react-is@https://registry.npmjs.org/react-is/-/react-is-17.0.2.tgz 0ms (cache hit)
6015 http cache compute-scroll-into-view@https://registry.npmjs.org/compute-scroll-into-view/-/compute-scroll-into-view-3.1.1.tgz 0ms (cache hit)
6016 http cache escape-string-regexp@https://registry.npmjs.org/escape-string-regexp/-/escape-string-regexp-5.0.0.tgz 0ms (cache hit)
6017 http cache tailwindcss@https://registry.npmjs.org/tailwindcss/-/tailwindcss-4.3.0.tgz 0ms (cache hit)
6018 http cache semver@https://registry.npmjs.org/semver/-/semver-7.8.1.tgz 0ms (cache hit)
6019 http cache jsesc@https://registry.npmjs.org/jsesc/-/jsesc-3.0.2.tgz 0ms (cache hit)
6020 http cache @radix-ui/react-use-layout-effect@https://registry.npmjs.org/@radix-ui/react-use-layout-effect/-/react-use-layout-effect-1.0.0.tgz 0ms (cache hit)
6021 http cache @radix-ui/react-use-callback-ref@https://registry.npmjs.org/@radix-ui/react-use-callback-ref/-/react-use-callback-ref-1.0.0.tgz 0ms (cache hit)
6022 http cache @radix-ui/react-use-escape-keydown@https://registry.npmjs.org/@radix-ui/react-use-escape-keydown/-/react-use-escape-keydown-1.0.0.tgz 0ms (cache hit)
6023 http cache react-remove-scroll@https://registry.npmjs.org/react-remove-scroll/-/react-remove-scroll-2.5.4.tgz 0ms (cache hit)
6024 http cache @radix-ui/react-use-controllable-state@https://registry.npmjs.org/@radix-ui/react-use-controllable-state/-/react-use-controllable-state-1.0.0.tgz 0ms (cache hit)
6025 http cache @radix-ui/react-primitive@https://registry.npmjs.org/@radix-ui/react-primitive/-/react-primitive-1.0.0.tgz 0ms (cache hit)
6026 http cache @radix-ui/react-presence@https://registry.npmjs.org/@radix-ui/react-presence/-/react-presence-1.0.0.tgz 0ms (cache hit)
6027 http cache @radix-ui/react-portal@https://registry.npmjs.org/@radix-ui/react-portal/-/react-portal-1.0.0.tgz 0ms (cache hit)
6028 http cache @radix-ui/react-slot@https://registry.npmjs.org/@radix-ui/react-slot/-/react-slot-1.0.0.tgz 0ms (cache hit)
6029 http cache @radix-ui/react-id@https://registry.npmjs.org/@radix-ui/react-id/-/react-id-1.0.0.tgz 0ms (cache hit)
6030 http cache @radix-ui/react-focus-scope@https://registry.npmjs.org/@radix-ui/react-focus-scope/-/react-focus-scope-1.0.0.tgz 0ms (cache hit)
6031 http cache @radix-ui/react-focus-guards@https://registry.npmjs.org/@radix-ui/react-focus-guards/-/react-focus-guards-1.0.0.tgz 0ms (cache hit)
6032 http cache @radix-ui/react-context@https://registry.npmjs.org/@radix-ui/react-context/-/react-context-1.0.0.tgz 0ms (cache hit)
6033 http cache @radix-ui/react-dismissable-layer@https://registry.npmjs.org/@radix-ui/react-dismissable-layer/-/react-dismissable-layer-1.0.0.tgz 0ms (cache hit)
6034 http cache @radix-ui/react-compose-refs@https://registry.npmjs.org/@radix-ui/react-compose-refs/-/react-compose-refs-1.0.0.tgz 0ms (cache hit)
6035 http cache @radix-ui/primitive@https://registry.npmjs.org/@radix-ui/primitive/-/primitive-1.0.0.tgz 0ms (cache hit)
6036 http cache vaul@https://registry.npmjs.org/vaul/-/vaul-0.2.3.tgz 0ms (cache hit)
6037 http cache tailwind-merge@https://registry.npmjs.org/tailwind-merge/-/tailwind-merge-2.6.1.tgz 0ms (cache hit)
6038 http cache sonner@https://registry.npmjs.org/sonner/-/sonner-1.7.4.tgz 0ms (cache hit)
6039 http cache react-resizable-panels@https://registry.npmjs.org/react-resizable-panels/-/react-resizable-panels-0.0.55.tgz 0ms (cache hit)
6040 http cache react-day-picker@https://registry.npmjs.org/react-day-picker/-/react-day-picker-8.10.2.tgz 0ms (cache hit)
6041 http cache date-fns@https://registry.npmjs.org/date-fns/-/date-fns-2.30.0.tgz 0ms (cache hit)
6042 http cache cmdk@https://registry.npmjs.org/cmdk/-/cmdk-0.2.1.tgz 0ms (cache hit)
6043 http cache @radix-ui/react-slot@https://registry.npmjs.org/@radix-ui/react-slot/-/react-slot-1.0.0.tgz 0ms (cache hit)
6044 http cache @radix-ui/react-dialog@https://registry.npmjs.org/@radix-ui/react-dialog/-/react-dialog-1.0.0.tgz 0ms (cache hit)
6045 silly tarball no local data for @date-fns/tz@https://registry.npmjs.org/@date-fns/tz/-/tz-1.5.0.tgz. Extracting by manifest.
6046 silly tarball no local data for motion-dom@https://registry.npmjs.org/motion-dom/-/motion-dom-12.40.0.tgz. Extracting by manifest.
6047 silly tarball no local data for framer-motion@https://registry.npmjs.org/framer-motion/-/framer-motion-12.40.0.tgz. Extracting by manifest.
6048 silly tarball no local data for node-releases@https://registry.npmjs.org/node-releases/-/node-releases-2.0.45.tgz. Extracting by manifest.
6049 silly tarball no local data for @remix-run/node-fetch-server@https://registry.npmjs.org/@remix-run/node-fetch-server/-/node-fetch-server-0.13.3.tgz. Extracting by manifest.
6050 silly tarball no local data for motion@https://registry.npmjs.org/motion/-/motion-12.40.0.tgz. Extracting by manifest.
6051 http fetch POST 200 https://registry.npmjs.org/-/npm/v1/security/advisories/bulk 1715ms
6052 silly audit report {
6052 silly audit report   'pdfjs-dist': [
6052 silly audit report     {
6052 silly audit report       id: 1118732,
6052 silly audit report       url: 'https://github.com/advisories/GHSA-wgrm-67xf-hhpq',
6052 silly audit report       title: 'PDF.js vulnerable to arbitrary JavaScript execution upon opening a malicious PDF',
6052 silly audit report       severity: 'high',
6052 silly audit report       vulnerable_versions: '<=4.1.392',
6052 silly audit report       cwe: [Array],
6052 silly audit report       cvss: [Object]
6052 silly audit report     }
6052 silly audit report   ],
6052 silly audit report   tar: [
6052 silly audit report     {
6052 silly audit report       id: 1112659,
6052 silly audit report       url: 'https://github.com/advisories/GHSA-34x7-hfp2-rc4v',
6052 silly audit report       title: 'node-tar Vulnerable to Arbitrary File Creation/Overwrite via Hardlink Path Traversal',
6052 silly audit report       severity: 'high',
6052 silly audit report       vulnerable_versions: '<7.5.7',
6052 silly audit report       cwe: [Array],
6052 silly audit report       cvss: [Object]
6052 silly audit report     },
6052 silly audit report     {
6052 silly audit report       id: 1113300,
6052 silly audit report       url: 'https://github.com/advisories/GHSA-8qq5-rm4j-mr97',
6052 silly audit report       title: 'node-tar is Vulnerable to Arbitrary File Overwrite and Symlink Poisoning via Insufficient Path Sanitization',
6052 silly audit report       severity: 'high',
6052 silly audit report       vulnerable_versions: '<=7.5.2',
6052 silly audit report       cwe: [Array],
6052 silly audit report       cvss: [Object]
6052 silly audit report     },
6052 silly audit report     {
6052 silly audit report       id: 1113375,
6052 silly audit report       url: 'https://github.com/advisories/GHSA-83g3-92jg-28cx',
6052 silly audit report       title: 'Arbitrary File Read/Write via Hardlink Target Escape Through Symlink Chain in node-tar Extraction',
6052 silly audit report       severity: 'high',
6052 silly audit report       vulnerable_versions: '<7.5.8',
6052 silly audit report       cwe: [Array],
6052 silly audit report       cvss: [Object]
6052 silly audit report     },
6052 silly audit report     {
6052 silly audit report       id: 1114200,
6052 silly audit report       url: 'https://github.com/advisories/GHSA-qffp-2rhf-9h96',
6052 silly audit report       title: 'tar has Hardlink Path Traversal via Drive-Relative Linkpath',
6052 silly audit report       severity: 'high',
6052 silly audit report       vulnerable_versions: '<=7.5.9',
6052 silly audit report       cwe: [Array],
6052 silly audit report       cvss: [Object]
6052 silly audit report     },
6052 silly audit report     {
6052 silly audit report       id: 1114302,
6052 silly audit report       url: 'https://github.com/advisories/GHSA-9ppj-qmqm-q256',
6052 silly audit report       title: 'node-tar Symlink Path Traversal via Drive-Relative Linkpath',
6052 silly audit report       severity: 'high',
6052 silly audit report       vulnerable_versions: '<=7.5.10',
6052 silly audit report       cwe: [Array],
6052 silly audit report       cvss: [Object]
6052 silly audit report     },
6052 silly audit report     {
6052 silly audit report       id: 1114680,
6052 silly audit report       url: 'https://github.com/advisories/GHSA-r6q2-hw4h-h46w',
6052 silly audit report       title: 'Race Condition in node-tar Path Reservations via Unicode Ligature Collisions on macOS APFS',
6052 silly audit report       severity: 'high',
6052 silly audit report       vulnerable_versions: '<=7.5.3',
6052 silly audit report       cwe: [Array],
6052 silly audit report       cvss: [Object]
6052 silly audit report     }
6052 silly audit report   ]
6052 silly audit report }
6053 silly packumentCache corgi:https://registry.npmjs.org/pdfjs-dist cache-miss
6054 silly packumentCache corgi:https://registry.npmjs.org/tar cache-miss
6055 silly tarball no local data for semver@https://registry.npmjs.org/semver/-/semver-7.8.1.tgz. Extracting by manifest.
6056 silly tarball no local data for semver@https://registry.npmjs.org/semver/-/semver-7.8.1.tgz. Extracting by manifest.
6057 warn deprecated undefined@0.1.0: this package has been deprecated
6058 warn deprecated inflight@1.0.6: This module is not supported, and leaks memory. Do not use it. Check out lru-cache if you want a good and tested way to coalesce async requests by a key value, which is much more comprehensive and powerful.
6059 warn deprecated npmlog@5.0.1: This package is no longer supported.
6060 warn deprecated rimraf@3.0.2: Rimraf versions prior to v4 are no longer supported
6061 warn deprecated glob@7.2.3: Old versions of glob are not supported, and contain widely publicized security vulnerabilities, which have been fixed in the current version. Please update. Support for old versions may be purchased (at exorbitant rates) by contacting i@izs.me
6062 warn deprecated whatwg-encoding@3.1.1: Use @exodus/bytes instead for a more spec-conformant and faster implementation
6063 http fetch GET 200 https://registry.npmjs.org/node-releases/-/node-releases-2.0.45.tgz 6321ms (cache miss)
6064 warn deprecated are-we-there-yet@2.0.0: This package is no longer supported.
6065 warn deprecated gauge@3.0.2: This package is no longer supported.
6066 http fetch GET 200 https://registry.npmjs.org/tar 6990ms (cache revalidated)
6067 silly packumentCache corgi:https://registry.npmjs.org/tar set size:201168 disposed:false
6068 http fetch GET 200 https://registry.npmjs.org/pdfjs-dist 7008ms (cache revalidated)
6069 silly packumentCache corgi:https://registry.npmjs.org/pdfjs-dist set size:838624 disposed:false
6070 silly packumentCache corgi:https://registry.npmjs.org/@mapbox%2fnode-pre-gyp cache-miss
6071 warn deprecated @hono/node-ws@1.3.0: Package no longer supported. Contact Support at https://www.npmjs.com/support for more info.
6072 http fetch GET 200 https://registry.npmjs.org/@mapbox%2fnode-pre-gyp 1181ms (cache revalidated)
6073 silly packumentCache corgi:https://registry.npmjs.org/@mapbox%2fnode-pre-gyp set size:47144 disposed:false
6074 silly packumentCache corgi:https://registry.npmjs.org/canvas cache-miss
6075 http fetch GET 200 https://registry.npmjs.org/canvas 936ms (cache revalidated)
6076 silly packumentCache corgi:https://registry.npmjs.org/canvas set size:135314 disposed:false
6077 warn deprecated tar@6.2.1: Old versions of tar are not supported, and contain widely publicized security vulnerabilities, which have been fixed in the current version. Please update. Support for old versions may be purchased (at exorbitant rates) by contacting i@izs.me
6078 http fetch GET 200 https://registry.npmjs.org/@date-fns/tz/-/tz-1.5.0.tgz 9405ms (cache miss)
6079 http fetch GET 200 https://registry.npmjs.org/semver/-/semver-7.8.1.tgz 10275ms (cache miss)
6080 http fetch GET 200 https://registry.npmjs.org/@remix-run/node-fetch-server/-/node-fetch-server-0.13.3.tgz 10343ms (cache miss)
6081 http fetch GET 200 https://registry.npmjs.org/motion/-/motion-12.40.0.tgz 10319ms (cache miss)
6082 http fetch GET 200 https://registry.npmjs.org/semver/-/semver-7.8.1.tgz 10685ms (cache miss)
6083 http fetch GET 200 https://registry.npmjs.org/framer-motion/-/framer-motion-12.40.0.tgz 20918ms (cache miss)
6084 http fetch GET 200 https://registry.npmjs.org/motion-dom/-/motion-dom-12.40.0.tgz 21869ms (cache miss)
6085 info run argon2@0.43.1 install node_modules/argon2 node-gyp-build
6086 info run canvas@2.11.2 install node_modules/canvas node-pre-gyp install --fallback-to-build --update-binary
6087 info run argon2@0.43.1 install { code: 1, signal: null }
6088 info run canvas@2.11.2 install { code: 1, signal: null }
6089 verbose reify failed optional dependency /data/data/com.termux/files/home/Anythinh-mycars/anything (mycars)/anything/apps/web/node_modules/canvas
6090 silly reify mark deleted [
6090 silly reify   '/data/data/com.termux/files/home/Anythinh-mycars/anything (mycars)/anything/apps/web/node_modules/canvas'
6090 silly reify ]
6091 verbose reify failed optional dependency /data/data/com.termux/files/home/Anythinh-mycars/anything (mycars)/anything/apps/web/node_modules/nan
6092 silly reify mark deleted [
6092 silly reify   '/data/data/com.termux/files/home/Anythinh-mycars/anything (mycars)/anything/apps/web/node_modules/nan'
6092 silly reify ]
6093 verbose reify failed optional dependency /data/data/com.termux/files/home/Anythinh-mycars/anything (mycars)/anything/apps/web/node_modules/simple-get
6094 silly reify mark deleted [
6094 silly reify   '/data/data/com.termux/files/home/Anythinh-mycars/anything (mycars)/anything/apps/web/node_modules/simple-get'
6094 silly reify ]
6095 verbose reify failed optional dependency /data/data/com.termux/files/home/Anythinh-mycars/anything (mycars)/anything/apps/web/node_modules/@mapbox/node-pre-gyp
6096 silly reify mark deleted [
6096 silly reify   '/data/data/com.termux/files/home/Anythinh-mycars/anything (mycars)/anything/apps/web/node_modules/@mapbox/node-pre-gyp',
6096 silly reify   '/data/data/com.termux/files/home/Anythinh-mycars/anything (mycars)/anything/apps/web/node_modules/.bin/node-pre-gyp'
6096 silly reify ]
6097 verbose reify failed optional dependency /data/data/com.termux/files/home/Anythinh-mycars/anything (mycars)/anything/apps/web/node_modules/decompress-response
6098 silly reify mark deleted [
6098 silly reify   '/data/data/com.termux/files/home/Anythinh-mycars/anything (mycars)/anything/apps/web/node_modules/decompress-response'
6098 silly reify ]
6099 verbose reify failed optional dependency /data/data/com.termux/files/home/Anythinh-mycars/anything (mycars)/anything/apps/web/node_modules/once
6100 silly reify mark deleted [
6100 silly reify   '/data/data/com.termux/files/home/Anythinh-mycars/anything (mycars)/anything/apps/web/node_modules/once'
6100 silly reify ]
6101 verbose reify failed optional dependency /data/data/com.termux/files/home/Anythinh-mycars/anything (mycars)/anything/apps/web/node_modules/simple-concat
6102 silly reify mark deleted [
6102 silly reify   '/data/data/com.termux/files/home/Anythinh-mycars/anything (mycars)/anything/apps/web/node_modules/simple-concat'
6102 silly reify ]
6103 verbose reify failed optional dependency /data/data/com.termux/files/home/Anythinh-mycars/anything (mycars)/anything/apps/web/node_modules/tar
6104 silly reify mark deleted [
6104 silly reify   '/data/data/com.termux/files/home/Anythinh-mycars/anything (mycars)/anything/apps/web/node_modules/tar'
6104 silly reify ]
6105 verbose reify failed optional dependency /data/data/com.termux/files/home/Anythinh-mycars/anything (mycars)/anything/apps/web/node_modules/nopt
6106 silly reify mark deleted [
6106 silly reify   '/data/data/com.termux/files/home/Anythinh-mycars/anything (mycars)/anything/apps/web/node_modules/nopt',
6106 silly reify   '/data/data/com.termux/files/home/Anythinh-mycars/anything (mycars)/anything/apps/web/node_modules/.bin/nopt'
6106 silly reify ]
6107 verbose reify failed optional dependency /data/data/com.termux/files/home/Anythinh-mycars/anything (mycars)/anything/apps/web/node_modules/npmlog
6108 silly reify mark deleted [
6108 silly reify   '/data/data/com.termux/files/home/Anythinh-mycars/anything (mycars)/anything/apps/web/node_modules/npmlog'
6108 silly reify ]
6109 verbose reify failed optional dependency /data/data/com.termux/files/home/Anythinh-mycars/anything (mycars)/anything/apps/web/node_modules/rimraf
6110 silly reify mark deleted [
6110 silly reify   '/data/data/com.termux/files/home/Anythinh-mycars/anything (mycars)/anything/apps/web/node_modules/rimraf',
6110 silly reify   '/data/data/com.termux/files/home/Anythinh-mycars/anything (mycars)/anything/apps/web/node_modules/.bin/rimraf'
6110 silly reify ]
6111 verbose reify failed optional dependency /data/data/com.termux/files/home/Anythinh-mycars/anything (mycars)/anything/apps/web/node_modules/@mapbox/node-pre-gyp/node_modules/semver
6112 silly reify mark deleted [
6112 silly reify   '/data/data/com.termux/files/home/Anythinh-mycars/anything (mycars)/anything/apps/web/node_modules/@mapbox/node-pre-gyp/node_modules/semver',
6112 silly reify   '/data/data/com.termux/files/home/Anythinh-mycars/anything (mycars)/anything/apps/web/node_modules/@mapbox/node-pre-gyp/node_modules/.bin/semver'
6112 silly reify ]
6113 verbose reify failed optional dependency /data/data/com.termux/files/home/Anythinh-mycars/anything (mycars)/anything/apps/web/node_modules/make-dir
6114 silly reify mark deleted [
6114 silly reify   '/data/data/com.termux/files/home/Anythinh-mycars/anything (mycars)/anything/apps/web/node_modules/make-dir'
6114 silly reify ]
6115 verbose reify failed optional dependency /data/data/com.termux/files/home/Anythinh-mycars/anything (mycars)/anything/apps/web/node_modules/node-fetch
6116 silly reify mark deleted [
6116 silly reify   '/data/data/com.termux/files/home/Anythinh-mycars/anything (mycars)/anything/apps/web/node_modules/node-fetch'
6116 silly reify ]
6117 verbose reify failed optional dependency /data/data/com.termux/files/home/Anythinh-mycars/anything (mycars)/anything/apps/web/node_modules/@mapbox/node-pre-gyp/node_modules/https-proxy-agent
6118 silly reify mark deleted [
6118 silly reify   '/data/data/com.termux/files/home/Anythinh-mycars/anything (mycars)/anything/apps/web/node_modules/@mapbox/node-pre-gyp/node_modules/https-proxy-agent'
6118 silly reify ]
6119 verbose reify failed optional dependency /data/data/com.termux/files/home/Anythinh-mycars/anything (mycars)/anything/apps/web/node_modules/mimic-response
6120 silly reify mark deleted [
6120 silly reify   '/data/data/com.termux/files/home/Anythinh-mycars/anything (mycars)/anything/apps/web/node_modules/mimic-response'
6120 silly reify ]
6121 verbose reify failed optional dependency /data/data/com.termux/files/home/Anythinh-mycars/anything (mycars)/anything/apps/web/node_modules/wrappy
6122 silly reify mark deleted [
6122 silly reify   '/data/data/com.termux/files/home/Anythinh-mycars/anything (mycars)/anything/apps/web/node_modules/wrappy'
6122 silly reify ]
6123 verbose reify failed optional dependency /data/data/com.termux/files/home/Anythinh-mycars/anything (mycars)/anything/apps/web/node_modules/chownr
6124 silly reify mark deleted [
6124 silly reify   '/data/data/com.termux/files/home/Anythinh-mycars/anything (mycars)/anything/apps/web/node_modules/chownr'
6124 silly reify ]
6125 verbose reify failed optional dependency /data/data/com.termux/files/home/Anythinh-mycars/anything (mycars)/anything/apps/web/node_modules/mkdirp
6126 silly reify mark deleted [
6126 silly reify   '/data/data/com.termux/files/home/Anythinh-mycars/anything (mycars)/anything/apps/web/node_modules/mkdirp',
6126 silly reify   '/data/data/com.termux/files/home/Anythinh-mycars/anything (mycars)/anything/apps/web/node_modules/.bin/mkdirp'
6126 silly reify ]
6127 verbose reify failed optional dependency /data/data/com.termux/files/home/Anythinh-mycars/anything (mycars)/anything/apps/web/node_modules/tar/node_modules/yallist
6128 silly reify mark deleted [
6128 silly reify   '/data/data/com.termux/files/home/Anythinh-mycars/anything (mycars)/anything/apps/web/node_modules/tar/node_modules/yallist'
6128 silly reify ]
6129 verbose reify failed optional dependency /data/data/com.termux/files/home/Anythinh-mycars/anything (mycars)/anything/apps/web/node_modules/minipass
6130 silly reify mark deleted [
6130 silly reify   '/data/data/com.termux/files/home/Anythinh-mycars/anything (mycars)/anything/apps/web/node_modules/minipass'
6130 silly reify ]
6131 verbose reify failed optional dependency /data/data/com.termux/files/home/Anythinh-mycars/anything (mycars)/anything/apps/web/node_modules/minizlib
6132 silly reify mark deleted [
6132 silly reify   '/data/data/com.termux/files/home/Anythinh-mycars/anything (mycars)/anything/apps/web/node_modules/minizlib'
6132 silly reify ]
6133 verbose reify failed optional dependency /data/data/com.termux/files/home/Anythinh-mycars/anything (mycars)/anything/apps/web/node_modules/fs-minipass
6134 silly reify mark deleted [
6134 silly reify   '/data/data/com.termux/files/home/Anythinh-mycars/anything (mycars)/anything/apps/web/node_modules/fs-minipass'
6134 silly reify ]
6135 verbose reify failed optional dependency /data/data/com.termux/files/home/Anythinh-mycars/anything (mycars)/anything/apps/web/node_modules/abbrev
6136 silly reify mark deleted [
6136 silly reify   '/data/data/com.termux/files/home/Anythinh-mycars/anything (mycars)/anything/apps/web/node_modules/abbrev'
6136 silly reify ]
6137 verbose reify failed optional dependency /data/data/com.termux/files/home/Anythinh-mycars/anything (mycars)/anything/apps/web/node_modules/gauge
6138 silly reify mark deleted [
6138 silly reify   '/data/data/com.termux/files/home/Anythinh-mycars/anything (mycars)/anything/apps/web/node_modules/gauge'
6138 silly reify ]
6139 verbose reify failed optional dependency /data/data/com.termux/files/home/Anythinh-mycars/anything (mycars)/anything/apps/web/node_modules/set-blocking
6140 silly reify mark deleted [
6140 silly reify   '/data/data/com.termux/files/home/Anythinh-mycars/anything (mycars)/anything/apps/web/node_modules/set-blocking'
6140 silly reify ]
6141 verbose reify failed optional dependency /data/data/com.termux/files/home/Anythinh-mycars/anything (mycars)/anything/apps/web/node_modules/are-we-there-yet
6142 silly reify mark deleted [
6142 silly reify   '/data/data/com.termux/files/home/Anythinh-mycars/anything (mycars)/anything/apps/web/node_modules/are-we-there-yet'
6142 silly reify ]
6143 verbose reify failed optional dependency /data/data/com.termux/files/home/Anythinh-mycars/anything (mycars)/anything/apps/web/node_modules/console-control-strings
6144 silly reify mark deleted [
6144 silly reify   '/data/data/com.termux/files/home/Anythinh-mycars/anything (mycars)/anything/apps/web/node_modules/console-control-strings'
6144 silly reify ]
6145 verbose reify failed optional dependency /data/data/com.termux/files/home/Anythinh-mycars/anything (mycars)/anything/apps/web/node_modules/glob
6146 silly reify mark deleted [
6146 silly reify   '/data/data/com.termux/files/home/Anythinh-mycars/anything (mycars)/anything/apps/web/node_modules/glob'
6146 silly reify ]
6147 verbose reify failed optional dependency /data/data/com.termux/files/home/Anythinh-mycars/anything (mycars)/anything/apps/web/node_modules/node-fetch/node_modules/whatwg-url
6148 silly reify mark deleted [
6148 silly reify   '/data/data/com.termux/files/home/Anythinh-mycars/anything (mycars)/anything/apps/web/node_modules/node-fetch/node_modules/whatwg-url'
6148 silly reify ]
6149 verbose reify failed optional dependency /data/data/com.termux/files/home/Anythinh-mycars/anything (mycars)/anything/apps/web/node_modules/@mapbox/node-pre-gyp/node_modules/agent-base
6150 silly reify mark deleted [
6150 silly reify   '/data/data/com.termux/files/home/Anythinh-mycars/anything (mycars)/anything/apps/web/node_modules/@mapbox/node-pre-gyp/node_modules/agent-base'
6150 silly reify ]
6151 verbose reify failed optional dependency /data/data/com.termux/files/home/Anythinh-mycars/anything (mycars)/anything/apps/web/node_modules/minizlib/node_modules/yallist
6152 silly reify mark deleted [
6152 silly reify   '/data/data/com.termux/files/home/Anythinh-mycars/anything (mycars)/anything/apps/web/node_modules/minizlib/node_modules/yallist'
6152 silly reify ]
6153 verbose reify failed optional dependency /data/data/com.termux/files/home/Anythinh-mycars/anything (mycars)/anything/apps/web/node_modules/minizlib/node_modules/minipass
6154 silly reify mark deleted [
6154 silly reify   '/data/data/com.termux/files/home/Anythinh-mycars/anything (mycars)/anything/apps/web/node_modules/minizlib/node_modules/minipass'
6154 silly reify ]
6155 verbose reify failed optional dependency /data/data/com.termux/files/home/Anythinh-mycars/anything (mycars)/anything/apps/web/node_modules/fs-minipass/node_modules/minipass
6156 silly reify mark deleted [
6156 silly reify   '/data/data/com.termux/files/home/Anythinh-mycars/anything (mycars)/anything/apps/web/node_modules/fs-minipass/node_modules/minipass'
6156 silly reify ]
6157 verbose reify failed optional dependency /data/data/com.termux/files/home/Anythinh-mycars/anything (mycars)/anything/apps/web/node_modules/aproba
6158 silly reify mark deleted [
6158 silly reify   '/data/data/com.termux/files/home/Anythinh-mycars/anything (mycars)/anything/apps/web/node_modules/aproba'
6158 silly reify ]
6159 verbose reify failed optional dependency /data/data/com.termux/files/home/Anythinh-mycars/anything (mycars)/anything/apps/web/node_modules/strip-ansi
6160 silly reify mark deleted [
6160 silly reify   '/data/data/com.termux/files/home/Anythinh-mycars/anything (mycars)/anything/apps/web/node_modules/strip-ansi'
6160 silly reify ]
6161 verbose reify failed optional dependency /data/data/com.termux/files/home/Anythinh-mycars/anything (mycars)/anything/apps/web/node_modules/wide-align
6162 silly reify mark deleted [
6162 silly reify   '/data/data/com.termux/files/home/Anythinh-mycars/anything (mycars)/anything/apps/web/node_modules/wide-align'
6162 silly reify ]
6163 verbose reify failed optional dependency /data/data/com.termux/files/home/Anythinh-mycars/anything (mycars)/anything/apps/web/node_modules/has-unicode
6164 silly reify mark deleted [
6164 silly reify   '/data/data/com.termux/files/home/Anythinh-mycars/anything (mycars)/anything/apps/web/node_modules/has-unicode'
6164 silly reify ]
6165 verbose reify failed optional dependency /data/data/com.termux/files/home/Anythinh-mycars/anything (mycars)/anything/apps/web/node_modules/signal-exit
6166 silly reify mark deleted [
6166 silly reify   '/data/data/com.termux/files/home/Anythinh-mycars/anything (mycars)/anything/apps/web/node_modules/signal-exit'
6166 silly reify ]
6167 verbose reify failed optional dependency /data/data/com.termux/files/home/Anythinh-mycars/anything (mycars)/anything/apps/web/node_modules/string-width
6168 silly reify mark deleted [
6168 silly reify   '/data/data/com.termux/files/home/Anythinh-mycars/anything (mycars)/anything/apps/web/node_modules/string-width'
6168 silly reify ]
6169 verbose reify failed optional dependency /data/data/com.termux/files/home/Anythinh-mycars/anything (mycars)/anything/apps/web/node_modules/color-support
6170 silly reify mark deleted [
6170 silly reify   '/data/data/com.termux/files/home/Anythinh-mycars/anything (mycars)/anything/apps/web/node_modules/color-support',
6170 silly reify   '/data/data/com.termux/files/home/Anythinh-mycars/anything (mycars)/anything/apps/web/node_modules/.bin/color-support'
6170 silly reify ]
6171 verbose reify failed optional dependency /data/data/com.termux/files/home/Anythinh-mycars/anything (mycars)/anything/apps/web/node_modules/delegates
6172 silly reify mark deleted [
6172 silly reify   '/data/data/com.termux/files/home/Anythinh-mycars/anything (mycars)/anything/apps/web/node_modules/delegates'
6172 silly reify ]
6173 verbose reify failed optional dependency /data/data/com.termux/files/home/Anythinh-mycars/anything (mycars)/anything/apps/web/node_modules/readable-stream
6174 silly reify mark deleted [
6174 silly reify   '/data/data/com.termux/files/home/Anythinh-mycars/anything (mycars)/anything/apps/web/node_modules/readable-stream'
6174 silly reify ]
6175 verbose reify failed optional dependency /data/data/com.termux/files/home/Anythinh-mycars/anything (mycars)/anything/apps/web/node_modules/inflight
6176 silly reify mark deleted [
6176 silly reify   '/data/data/com.termux/files/home/Anythinh-mycars/anything (mycars)/anything/apps/web/node_modules/inflight'
6176 silly reify ]
6177 verbose reify failed optional dependency /data/data/com.termux/files/home/Anythinh-mycars/anything (mycars)/anything/apps/web/node_modules/glob/node_modules/minimatch
6178 silly reify mark deleted [
6178 silly reify   '/data/data/com.termux/files/home/Anythinh-mycars/anything (mycars)/anything/apps/web/node_modules/glob/node_modules/minimatch'
6178 silly reify ]
6179 verbose reify failed optional dependency /data/data/com.termux/files/home/Anythinh-mycars/anything (mycars)/anything/apps/web/node_modules/fs.realpath
6180 silly reify mark deleted [
6180 silly reify   '/data/data/com.termux/files/home/Anythinh-mycars/anything (mycars)/anything/apps/web/node_modules/fs.realpath'
6180 silly reify ]
6181 verbose reify failed optional dependency /data/data/com.termux/files/home/Anythinh-mycars/anything (mycars)/anything/apps/web/node_modules/path-is-absolute
6182 silly reify mark deleted [
6182 silly reify   '/data/data/com.termux/files/home/Anythinh-mycars/anything (mycars)/anything/apps/web/node_modules/path-is-absolute'
6182 silly reify ]
6183 verbose reify failed optional dependency /data/data/com.termux/files/home/Anythinh-mycars/anything (mycars)/anything/apps/web/node_modules/node-fetch/node_modules/tr46
6184 silly reify mark deleted [
6184 silly reify   '/data/data/com.termux/files/home/Anythinh-mycars/anything (mycars)/anything/apps/web/node_modules/node-fetch/node_modules/tr46'
6184 silly reify ]
6185 verbose reify failed optional dependency /data/data/com.termux/files/home/Anythinh-mycars/anything (mycars)/anything/apps/web/node_modules/node-fetch/node_modules/webidl-conversions
6186 silly reify mark deleted [
6186 silly reify   '/data/data/com.termux/files/home/Anythinh-mycars/anything (mycars)/anything/apps/web/node_modules/node-fetch/node_modules/webidl-conversions'
6186 silly reify ]
6187 verbose reify failed optional dependency /data/data/com.termux/files/home/Anythinh-mycars/anything (mycars)/anything/apps/web/node_modules/fs-minipass/node_modules/yallist
6188 silly reify mark deleted [
6188 silly reify   '/data/data/com.termux/files/home/Anythinh-mycars/anything (mycars)/anything/apps/web/node_modules/fs-minipass/node_modules/yallist'
6188 silly reify ]
6189 verbose reify failed optional dependency /data/data/com.termux/files/home/Anythinh-mycars/anything (mycars)/anything/apps/web/node_modules/ansi-regex
6190 silly reify mark deleted [
6190 silly reify   '/data/data/com.termux/files/home/Anythinh-mycars/anything (mycars)/anything/apps/web/node_modules/ansi-regex'
6190 silly reify ]
6191 verbose reify failed optional dependency /data/data/com.termux/files/home/Anythinh-mycars/anything (mycars)/anything/apps/web/node_modules/emoji-regex
6192 silly reify mark deleted [
6192 silly reify   '/data/data/com.termux/files/home/Anythinh-mycars/anything (mycars)/anything/apps/web/node_modules/emoji-regex'
6192 silly reify ]
6193 verbose reify failed optional dependency /data/data/com.termux/files/home/Anythinh-mycars/anything (mycars)/anything/apps/web/node_modules/is-fullwidth-code-point
6194 silly reify mark deleted [
6194 silly reify   '/data/data/com.termux/files/home/Anythinh-mycars/anything (mycars)/anything/apps/web/node_modules/is-fullwidth-code-point'
6194 silly reify ]
6195 verbose reify failed optional dependency /data/data/com.termux/files/home/Anythinh-mycars/anything (mycars)/anything/apps/web/node_modules/string_decoder
6196 silly reify mark deleted [
6196 silly reify   '/data/data/com.termux/files/home/Anythinh-mycars/anything (mycars)/anything/apps/web/node_modules/string_decoder'
6196 silly reify ]
6197 verbose reify failed optional dependency /data/data/com.termux/files/home/Anythinh-mycars/anything (mycars)/anything/apps/web/node_modules/glob/node_modules/brace-expansion
6198 silly reify mark deleted [
6198 silly reify   '/data/data/com.termux/files/home/Anythinh-mycars/anything (mycars)/anything/apps/web/node_modules/glob/node_modules/brace-expansion'
6198 silly reify ]
6199 verbose reify failed optional dependency /data/data/com.termux/files/home/Anythinh-mycars/anything (mycars)/anything/apps/web/node_modules/concat-map
6200 silly reify mark deleted [
6200 silly reify   '/data/data/com.termux/files/home/Anythinh-mycars/anything (mycars)/anything/apps/web/node_modules/concat-map'
6200 silly reify ]
6201 verbose stack Error: command failed
6201 verbose stack     at promiseSpawn (/data/data/com.termux/files/usr/lib/node_modules/npm/node_modules/@npmcli/promise-spawn/lib/index.js:22:22)
6201 verbose stack     at spawnWithShell (/data/data/com.termux/files/usr/lib/node_modules/npm/node_modules/@npmcli/promise-spawn/lib/index.js:124:10)
6201 verbose stack     at promiseSpawn (/data/data/com.termux/files/usr/lib/node_modules/npm/node_modules/@npmcli/promise-spawn/lib/index.js:12:12)
6201 verbose stack     at runScriptPkg (/data/data/com.termux/files/usr/lib/node_modules/npm/node_modules/@npmcli/run-script/lib/run-script-pkg.js:79:13)
6201 verbose stack     at runScript (/data/data/com.termux/files/usr/lib/node_modules/npm/node_modules/@npmcli/run-script/lib/run-script.js:9:12)
6201 verbose stack     at /data/data/com.termux/files/usr/lib/node_modules/npm/node_modules/@npmcli/arborist/lib/arborist/rebuild.js:328:17
6201 verbose stack     at run (/data/data/com.termux/files/usr/lib/node_modules/npm/node_modules/promise-call-limit/dist/commonjs/index.js:67:22)
6201 verbose stack     at /data/data/com.termux/files/usr/lib/node_modules/npm/node_modules/promise-call-limit/dist/commonjs/index.js:84:9
6201 verbose stack     at new Promise (<anonymous>)
6201 verbose stack     at callLimit (/data/data/com.termux/files/usr/lib/node_modules/npm/node_modules/promise-call-limit/dist/commonjs/index.js:35:69)
6202 verbose pkgid argon2@0.43.1
6203 error code 1
6204 error path /data/data/com.termux/files/home/Anythinh-mycars/anything (mycars)/anything/apps/web/node_modules/argon2
6205 error command failed
6206 error command sh -c node-gyp-build
6207 error gyp info it worked if it ends with ok
6207 error gyp info using node-gyp@12.3.0
6207 error gyp info using node@26.1.0 | android | arm64
6207 error gyp info find Python using Python version 3.13.13 found at "/data/data/com.termux/files/usr/bin/python3"
6207 error gyp info spawn /data/data/com.termux/files/usr/bin/python3
6207 error gyp info spawn args [
6207 error gyp info spawn args '/data/data/com.termux/files/usr/lib/node_modules/npm/node_modules/node-gyp/gyp/gyp_main.py',
6207 error gyp info spawn args 'binding.gyp',
6207 error gyp info spawn args '-f',
6207 error gyp info spawn args 'make',
6207 error gyp info spawn args '-I',
6207 error gyp info spawn args '/data/data/com.termux/files/home/Anythinh-mycars/anything (mycars)/anything/apps/web/node_modules/argon2/build/config.gypi',
6207 error gyp info spawn args '-I',
6207 error gyp info spawn args '/data/data/com.termux/files/usr/lib/node_modules/npm/node_modules/node-gyp/addon.gypi',
6207 error gyp info spawn args '-I',
6207 error gyp info spawn args '/data/data/com.termux/files/home/.cache/node-gyp/26.1.0/include/node/common.gypi',
6207 error gyp info spawn args '-Dlibrary=shared_library',
6207 error gyp info spawn args '-Dvisibility=default',
6207 error gyp info spawn args '-Dnode_root_dir=/data/data/com.termux/files/home/.cache/node-gyp/26.1.0',
6207 error gyp info spawn args '-Dnode_gyp_dir=/data/data/com.termux/files/usr/lib/node_modules/npm/node_modules/node-gyp',
6207 error gyp info spawn args '-Dnode_lib_file=/data/data/com.termux/files/home/.cache/node-gyp/26.1.0/<(target_arch)/node.lib',
6207 error gyp info spawn args '-Dmodule_root_dir=/data/data/com.termux/files/home/Anythinh-mycars/anything (mycars)/anything/apps/web/node_modules/argon2',
6207 error gyp info spawn args '-Dnode_engine=v8',
6207 error gyp info spawn args '--depth=.',
6207 error gyp info spawn args '--no-parallel',
6207 error gyp info spawn args '--generator-output',
6207 error gyp info spawn args 'build',
6207 error gyp info spawn args '-Goutput_dir=.'
6207 error gyp info spawn args ]
6207 error gyp: Undefined variable android_ndk_path in binding.gyp while trying to load binding.gyp
6207 error gyp ERR! configure error 
6207 error gyp ERR! stack Error: `gyp` failed with exit code: 1
6207 error gyp ERR! stack at ChildProcess.<anonymous> (/data/data/com.termux/files/usr/lib/node_modules/npm/node_modules/node-gyp/lib/configure.js:317:18)
6207 error gyp ERR! stack at ChildProcess.emit (node:events:509:20)
6207 error gyp ERR! stack at ChildProcess._handle.onexit (node:internal/child_process:294:12)
6207 error gyp ERR! System Linux 5.15.180-android13-3-32001549
6207 error gyp ERR! command "/data/data/com.termux/files/usr/bin/node" "/data/data/com.termux/files/usr/lib/node_modules/npm/node_modules/node-gyp/bin/node-gyp.js" "rebuild"
6207 error gyp ERR! cwd /data/data/com.termux/files/home/Anythinh-mycars/anything (mycars)/anything/apps/web/node_modules/argon2
6207 error gyp ERR! node -v v26.1.0
6207 error gyp ERR! node-gyp -v v12.3.0
6207 error gyp ERR! $npm_package_name argon2
6207 error gyp ERR! $npm_package_version 0.43.1
6207 error gyp ERR! not ok
6208 silly unfinished npm timer reify 1779393234280
6209 silly unfinished npm timer reify:build 1779393389625
6210 silly unfinished npm timer build 1779393389628
6211 silly unfinished npm timer build:deps 1779393389629
6212 silly unfinished npm timer build:run:install 1779393389829
6213 silly unfinished npm timer build:run:install:node_modules/argon2 1779393389829
6214 verbose cwd /data/data/com.termux/files/home/Anythinh-mycars/anything (mycars)/anything/apps/web
6215 verbose os Linux 5.15.180-android13-3-32001549
6216 verbose node v26.1.0
6217 verbose npm  v11.15.0
6218 verbose exit 1
6219 verbose code 1
6220 error A complete log of this run can be found in: /data/data/com.termux/files/home/.npm/_logs/2026-05-21T19_53_53_518Z-debug-0.log
